project_id,state,district,project_type,land_area_hectares,affected_families,days_since_notification,compensation_disbursed_pct,legal_disputes_count,legal_dispute_stage,rr_progress_pct,approvals_pending,dept_response_days_avg,possession_status,documentation_completeness_pct,historical_delay_rate_region,delayed
aebd3b47,West Bengal,Siliguri,Urban Development,20.98,27,907,39.8,0,None,33.6,0,25.4,Not Started,77.9,28.6,1
4870cb9e,Odisha,Rourkela,Railway,10.97,28,173,86.5,0,None,30.4,2,8.0,Full,81.8,46.1,1
1b31be32,Gujarat,Ahmedabad,Industrial Corridor,2.69,120,465,45.6,0,None,50.8,4,65.6,Partial,57.4,18.1,1
949fb264,Odisha,Rourkela,Railway,13.29,39,492,69.5,1,Filed,38.1,4,62.1,Partial,62.4,37.6,1
7c435cbb,Bihar,Gaya,Industrial Corridor,17.21,26,351,60.9,0,None,57.8,3,34.9,Partial,52.0,40.1,1
d6499c87,Uttar Pradesh,Agra,Industrial Corridor,11.64,69,1230,40.2,1,Filed,51.3,5,29.2,Not Started,42.4,13.3,1
6e75cf32,Bihar,Bhagalpur,Irrigation,9.16,176,1335,47.2,2,Filed,29.7,3,18.3,Partial,70.0,15.2,1
b467841d,Madhya Pradesh,Indore,Highway,9.35,1088,317,21.8,0,None,30.7,5,17.3,Partial,54.3,47.8,0
e6c0e14f,Uttar Pradesh,Lucknow,Highway,3.88,19,461,70.5,0,None,41.2,4,54.1,Not Started,26.5,69.7,0
fdb3b8b2,Tamil Nadu,Madurai,Industrial Corridor,32.02,31,429,45.2,0,None,24.7,1,7.3,Partial,88.8,5.1,0
a71a274b,Odisha,Bhubaneswar,Urban Development,8.64,73,995,93.9,0,None,55.3,1,15.0,Full,19.6,27.8,1
23d7008a,Uttar Pradesh,Agra,Urban Development,9.95,58,891,45.5,0,None,56.8,2,30.8,Partial,32.3,25.7,0
95e98818,Madhya Pradesh,Bhopal,Highway,16.57,4,865,84.2,1,Under Hearing,35.3,3,45.6,Not Started,76.3,28.8,1
1acf51ed,Madhya Pradesh,Gwalior,Industrial Corridor,40.65,14,1135,54.7,0,None,63.5,1,61.6,Full,41.9,27.9,1
a955a66b,Rajasthan,Kota,Power Transmission,10.34,422,585,22.5,0,None,93.1,4,11.9,Partial,12.9,34.3,1
450bff34,Odisha,Cuttack,Highway,16.2,25,1493,17.3,1,Under Hearing,50.9,2,16.6,Partial,29.5,27.6,1
a96ab1ff,Bihar,Patna,Power Transmission,3.25,409,1401,60.6,0,None,69.4,1,57.4,Full,72.9,57.7,0
801a2f6e,Bihar,Patna,Urban Development,17.0,41,1142,64.9,0,None,11.4,7,30.2,Partial,43.6,28.2,0
0f11c60c,Uttar Pradesh,Meerut,Industrial Corridor,50.38,83,754,82.5,0,None,77.3,3,35.7,Not Started,78.8,27.0,0
a8401ce5,Odisha,Cuttack,Highway,86.86,43,782,72.8,0,None,48.6,3,33.6,Full,78.7,23.2,1
5019cf45,Tamil Nadu,Coimbatore,Power Transmission,3.35,349,1190,68.2,1,Filed,14.4,3,7.2,Not Started,69.1,25.2,1
a965318c,Bihar,Muzaffarpur,Urban Development,18.0,49,1302,31.4,2,Filed,24.8,2,5.6,Not Started,97.7,47.0,1
0051bd5f,Uttar Pradesh,Lucknow,Irrigation,26.06,756,1197,35.7,2,Under Hearing,47.7,3,35.9,Full,8.1,47.3,1
4cf29cae,Uttar Pradesh,Lucknow,Highway,3.63,9,811,3.9,1,Resolved,72.2,3,40.0,Full,79.7,21.4,0
c9a38aa5,Rajasthan,Kota,Urban Development,149.26,142,1050,86.0,2,Under Hearing,17.9,1,8.9,Full,82.1,61.7,1
8666a80c,Tamil Nadu,Madurai,Urban Development,6.51,31,303,30.5,1,Stay Order,68.2,4,28.3,Full,91.7,46.6,1
013a29e4,Gujarat,Rajkot,Railway,6.06,17,1442,79.3,0,None,42.4,2,24.5,Partial,36.3,24.3,0
9b33e088,Tamil Nadu,Madurai,Industrial Corridor,16.28,41,1420,42.6,0,None,68.9,1,27.0,Partial,57.6,33.0,1
44ccb087,Madhya Pradesh,Indore,Urban Development,15.69,8,157,26.4,2,Resolved,38.5,0,16.4,Partial,81.2,25.6,0
07e0c523,West Bengal,Siliguri,Highway,118.92,2,1120,18.1,1,Resolved,46.5,2,23.7,Not Started,65.8,5.0,1
f7baf691,Gujarat,Ahmedabad,Highway,3.21,7,792,21.7,1,Under Hearing,16.5,5,11.5,Partial,91.8,26.4,1
39f0da9d,Odisha,Bhubaneswar,Highway,87.8,51,669,77.3,0,None,6.2,2,28.6,Full,48.3,15.0,0
2ae27876,Gujarat,Ahmedabad,Urban Development,2.31,38,894,83.1,0,None,82.0,2,22.1,Partial,88.2,55.2,1
49da281c,Gujarat,Vadodara,Industrial Corridor,46.24,77,821,60.0,1,Under Hearing,61.5,0,24.5,Partial,47.6,26.7,0
641bdc11,Maharashtra,Thane,Highway,9.03,90,96,72.4,1,Under Hearing,36.5,2,47.6,Full,52.3,44.3,0
b63b23f9,Karnataka,Mysuru,Urban Development,50.43,29,1053,69.2,1,Under Hearing,40.3,4,4.1,Full,42.6,16.1,1
b747f6d7,Gujarat,Vadodara,Railway,5.1,183,1108,66.1,0,None,50.3,4,14.7,Not Started,52.2,58.5,0
a58210d7,Karnataka,Bengaluru,Irrigation,8.24,26,57,77.0,2,Stay Order,43.5,0,15.3,Partial,50.6,63.7,1
db494a0a,Maharashtra,Nagpur,Urban Development,25.31,60,1244,65.3,0,None,49.0,4,30.0,Full,79.6,40.3,1
d52349fd,Odisha,Bhubaneswar,Urban Development,24.72,120,1271,43.6,2,Under Hearing,14.1,0,5.1,Partial,54.5,43.5,1
6af619fc,Odisha,Bhubaneswar,Industrial Corridor,7.42,18,385,55.2,1,Filed,37.0,0,25.7,Partial,50.6,37.9,1
c8a6a85b,Bihar,Muzaffarpur,Power Transmission,66.8,249,931,65.6,2,Stay Order,60.5,0,20.9,Partial,21.4,16.8,1
614aa6e3,Madhya Pradesh,Gwalior,Irrigation,9.93,12,827,76.1,0,None,36.1,5,32.4,Partial,34.2,28.9,0
53312125,Bihar,Muzaffarpur,Railway,53.33,249,1107,75.9,0,None,28.4,3,18.6,Partial,16.8,18.2,1
dbe7a4ab,Bihar,Gaya,Power Transmission,19.63,28,1014,39.6,0,None,90.1,5,19.3,Partial,59.4,28.2,0
b6d7044a,Maharashtra,Nashik,Irrigation,26.36,58,403,54.7,0,None,7.3,2,27.4,Full,36.1,47.1,1
ee5d86b2,Karnataka,Bengaluru,Industrial Corridor,14.85,41,1380,63.4,1,Filed,8.5,1,15.0,Full,42.3,30.1,1
7699104d,Tamil Nadu,Madurai,Highway,8.24,184,926,15.1,1,Filed,5.2,6,9.7,Partial,9.5,32.8,1
8f3c63d4,Madhya Pradesh,Gwalior,Irrigation,9.46,84,1392,46.8,0,None,72.7,3,22.5,Not Started,78.1,32.6,0
256d69b6,Karnataka,Bengaluru,Railway,11.3,71,902,93.0,2,Filed,43.2,3,34.9,Not Started,82.7,33.8,1
652c9c76,Gujarat,Ahmedabad,Power Transmission,7.05,65,238,91.4,0,None,72.0,4,4.5,Partial,79.0,16.2,0
236844f6,Bihar,Gaya,Industrial Corridor,27.77,15,1014,36.0,0,None,54.6,2,69.9,Partial,47.4,30.4,1
dfbd7dc6,Tamil Nadu,Coimbatore,Railway,18.64,78,924,29.8,0,None,53.4,5,32.8,Partial,8.4,56.0,0
6ddf6c5d,Bihar,Bhagalpur,Industrial Corridor,90.19,29,63,58.6,1,Under Hearing,43.2,1,22.8,Partial,52.9,33.4,0
e0c0e91c,Tamil Nadu,Salem,Urban Development,12.79,42,566,96.8,0,None,36.6,1,13.6,Partial,57.8,47.8,1
670e90cf,Tamil Nadu,Madurai,Railway,7.34,12,570,41.5,0,None,66.0,2,24.7,Not Started,36.8,20.1,1
57a09942,Rajasthan,Jodhpur,Industrial Corridor,25.34,13,1221,65.7,0,None,65.1,0,31.8,Full,35.4,32.5,0
cfde2514,Bihar,Patna,Industrial Corridor,9.42,500,91,65.9,0,None,64.8,3,59.5,Not Started,58.9,52.8,1
aaf4954f,Uttar Pradesh,Meerut,Power Transmission,9.86,47,1440,71.5,0,None,65.3,2,29.7,Partial,7.3,21.4,0
54b392d6,Uttar Pradesh,Agra,Irrigation,20.34,14,1322,39.9,2,Filed,40.5,2,12.5,Not Started,84.5,34.8,0
43e26a77,Bihar,Muzaffarpur,Power Transmission,74.54,108,1313,63.5,0,None,76.2,2,73.3,Not Started,84.4,40.9,1
8396e831,Odisha,Rourkela,Irrigation,23.3,48,768,48.8,0,None,26.1,4,17.8,Full,53.0,34.7,1
4ea910f4,Bihar,Gaya,Urban Development,21.18,31,794,43.9,0,None,45.2,2,45.3,Not Started,63.8,48.1,1
3850a61b,Bihar,Patna,Irrigation,64.97,32,1312,16.3,1,Filed,37.9,2,43.0,Not Started,61.6,53.4,1
b8857f03,Tamil Nadu,Madurai,Railway,17.59,32,259,65.0,0,None,39.0,2,27.2,Partial,60.0,42.3,1
8414785e,Madhya Pradesh,Jabalpur,Highway,19.42,52,924,46.4,0,None,32.3,2,33.1,Partial,34.1,62.2,1
42d51d35,West Bengal,Howrah,Industrial Corridor,90.92,55,1215,56.0,0,None,60.0,4,26.9,Not Started,48.6,34.1,1
6482e108,Odisha,Rourkela,Railway,10.73,20,317,84.6,1,Resolved,87.6,2,59.5,Partial,83.0,46.7,0
abe276f2,Madhya Pradesh,Bhopal,Power Transmission,4.21,87,1326,36.2,1,Resolved,56.1,4,21.9,Partial,31.8,54.6,0
670f59e0,Maharashtra,Nagpur,Irrigation,8.08,208,547,70.5,0,None,28.2,2,9.0,Partial,88.3,55.6,0
91151309,Rajasthan,Jodhpur,Industrial Corridor,17.3,93,1189,19.3,1,Under Hearing,66.3,2,20.9,Partial,56.0,41.3,1
debd9feb,Rajasthan,Jodhpur,Power Transmission,7.19,8,1242,51.1,0,None,33.7,4,43.8,Partial,88.2,40.3,1
18ae4bd6,Odisha,Bhubaneswar,Highway,32.3,94,1322,27.4,0,None,34.5,4,10.6,Partial,63.0,35.5,1
4e43c0df,Odisha,Cuttack,Highway,13.56,61,1363,96.7,1,Under Hearing,9.1,0,104.4,Full,29.9,30.4,1
73d8a728,Karnataka,Bengaluru,Highway,5.02,73,537,71.6,1,Filed,56.6,6,16.8,Not Started,65.8,37.2,1
b0623150,Karnataka,Belagavi,Highway,5.93,95,1012,32.6,2,Resolved,12.0,0,13.2,Partial,46.6,75.2,0
07ef012d,Odisha,Cuttack,Industrial Corridor,34.74,37,623,74.1,0,None,76.3,2,20.1,Partial,32.1,33.9,0
6c301465,Bihar,Muzaffarpur,Irrigation,1.47,8,1025,53.0,1,Under Hearing,55.0,0,23.3,Not Started,27.8,29.4,1
d1adfbb7,Odisha,Bhubaneswar,Urban Development,8.72,10,530,22.1,2,Filed,45.3,3,11.7,Partial,47.8,5.0,1
9c5ca9a2,Madhya Pradesh,Gwalior,Urban Development,13.26,49,1075,54.8,0,None,28.8,1,11.2,Partial,93.6,35.4,0
9e02ff21,Bihar,Gaya,Highway,3.83,203,1153,29.9,0,None,32.6,1,53.7,Not Started,74.6,49.2,1
ec6ceb18,West Bengal,Durgapur,Highway,20.35,206,131,23.1,0,None,67.3,0,49.0,Partial,76.1,51.5,0
05da95d5,Tamil Nadu,Salem,Railway,10.37,25,464,62.6,0,None,30.8,5,25.2,Partial,42.7,50.1,0
ee9eb01a,Tamil Nadu,Coimbatore,Industrial Corridor,21.32,84,428,61.8,0,None,49.6,1,25.3,Not Started,47.9,47.4,0
25da50b6,Rajasthan,Kota,Railway,10.39,154,1367,64.6,0,None,88.0,2,26.8,Not Started,47.2,38.0,0
f7b0717b,Maharashtra,Nashik,Industrial Corridor,22.22,69,641,16.6,2,Filed,37.1,1,19.0,Partial,62.5,42.7,0
7efaab84,Maharashtra,Pune,Industrial Corridor,5.16,203,1361,85.2,0,None,20.9,2,21.5,Not Started,32.6,24.6,1
d985eb79,Madhya Pradesh,Jabalpur,Urban Development,3.57,114,703,74.0,0,None,45.5,6,73.0,Not Started,45.3,29.4,1
9bbc13fc,Karnataka,Belagavi,Industrial Corridor,37.44,96,1422,86.9,3,Filed,54.3,6,21.8,Full,73.4,15.3,1
b1f9acdc,Tamil Nadu,Chennai,Industrial Corridor,14.66,9,672,60.1,0,None,32.2,2,37.8,Not Started,51.1,55.9,1
e4ac730f,Gujarat,Rajkot,Urban Development,29.8,5,1212,83.8,0,None,64.8,3,87.2,Not Started,25.5,33.7,0
9ba4cd0c,Uttar Pradesh,Kanpur,Railway,2.65,56,87,35.6,0,None,22.7,6,6.1,Not Started,78.9,34.8,0
abf15642,Karnataka,Hubballi,Urban Development,14.86,146,548,99.6,0,None,51.5,1,2.0,Full,30.2,26.3,0
fd837590,Tamil Nadu,Madurai,Industrial Corridor,23.72,90,651,63.2,0,None,63.9,4,78.7,Full,65.8,40.7,1
19245ef8,Madhya Pradesh,Bhopal,Power Transmission,26.92,119,282,88.9,0,None,50.1,0,48.0,Not Started,52.5,20.9,0
b4d916d7,Uttar Pradesh,Varanasi,Railway,19.19,30,1109,51.9,2,Filed,51.8,0,79.4,Not Started,38.5,35.6,0
e09ebdf5,Bihar,Patna,Urban Development,4.43,43,1404,46.3,0,None,48.8,5,20.6,Not Started,46.5,53.6,0
920edb5f,West Bengal,Durgapur,Power Transmission,23.84,113,913,61.1,2,Filed,15.4,4,12.3,Not Started,88.2,41.5,1
54815985,Tamil Nadu,Madurai,Irrigation,26.34,202,926,60.0,1,Filed,11.4,4,32.2,Partial,66.1,43.6,0
5b12a2f1,Uttar Pradesh,Kanpur,Railway,5.29,198,1338,54.7,1,Under Hearing,49.9,1,10.5,Partial,10.5,6.8,1
b7bb2e48,Karnataka,Mysuru,Irrigation,1.1,259,1114,70.3,1,Filed,29.0,2,41.7,Partial,55.0,64.9,1
7f535763,West Bengal,Kolkata,Irrigation,26.93,53,184,24.1,0,None,74.6,1,10.1,Partial,10.0,18.2,1
c906bdf1,Madhya Pradesh,Jabalpur,Power Transmission,33.3,60,1413,70.5,0,None,39.9,3,10.3,Not Started,31.7,43.0,0
764db676,Bihar,Bhagalpur,Railway,18.63,787,390,87.8,2,Under Hearing,14.9,2,33.3,Partial,67.4,19.8,1
89f688c4,West Bengal,Kolkata,Urban Development,25.77,184,1166,65.9,1,Stay Order,42.8,3,30.5,Full,98.0,7.9,1
ac33b2cc,Tamil Nadu,Salem,Highway,6.21,113,832,49.4,0,None,55.5,3,22.6,Partial,58.2,29.1,1
f607c28b,Gujarat,Ahmedabad,Urban Development,6.83,237,1144,22.6,1,Under Hearing,19.8,5,6.0,Partial,47.3,16.2,1
99e097e4,Maharashtra,Aurangabad,Irrigation,20.3,169,1200,87.4,1,Filed,73.7,5,30.4,Partial,91.5,26.9,0
f1cec616,Karnataka,Hubballi,Urban Development,9.01,439,168,31.1,4,Filed,88.9,4,39.5,Partial,65.9,38.6,0
5946f8ed,Madhya Pradesh,Bhopal,Urban Development,62.42,376,1486,24.9,0,None,55.6,4,39.2,Not Started,87.8,48.3,1
4d013ae7,Odisha,Cuttack,Railway,12.23,320,1221,86.4,0,None,95.8,7,2.6,Not Started,67.3,59.4,0
0252516c,West Bengal,Siliguri,Urban Development,40.97,31,1330,58.0,1,Resolved,31.9,3,64.3,Not Started,46.7,38.9,0
bbd5be6a,Odisha,Rourkela,Irrigation,0.96,14,371,51.9,0,None,24.9,2,32.0,Partial,60.0,55.3,1
e5bde946,West Bengal,Kolkata,Highway,1.85,35,1238,67.5,1,Stay Order,26.3,3,74.6,Partial,32.5,33.9,1
f9d6cb46,Karnataka,Bengaluru,Urban Development,1.71,443,749,73.3,1,Under Hearing,28.4,5,13.6,Full,46.7,24.2,1
caabb480,Odisha,Rourkela,Power Transmission,145.39,661,895,43.5,1,Filed,15.9,6,42.3,Full,79.8,50.0,0
899ce216,Madhya Pradesh,Jabalpur,Highway,77.68,773,1368,72.9,1,Resolved,46.7,0,17.7,Not Started,49.0,12.2,1
2e99f07b,Uttar Pradesh,Lucknow,Railway,24.18,417,1395,46.8,1,Filed,43.2,4,32.0,Partial,55.5,43.0,1
e43ed8f3,Uttar Pradesh,Kanpur,Railway,3.39,55,1477,86.4,0,None,59.0,2,7.7,Full,82.2,15.3,0
6d90173d,Bihar,Bhagalpur,Highway,4.72,373,621,39.7,0,None,56.5,2,23.8,Partial,39.1,7.2,0
adf066ed,Rajasthan,Udaipur,Railway,24.91,439,633,44.8,0,None,28.9,5,12.1,Full,58.4,40.9,1
436d5dcc,Karnataka,Hubballi,Railway,8.06,435,362,17.8,2,Under Hearing,73.3,1,57.3,Partial,57.9,34.0,1
e1eeeb23,Tamil Nadu,Coimbatore,Highway,10.11,411,1407,16.5,0,None,27.0,2,37.2,Partial,39.3,46.1,0
d8538b9f,Maharashtra,Pune,Irrigation,4.18,7,1023,41.1,0,None,25.7,3,32.5,Full,54.6,31.2,1
1a06d8cd,Maharashtra,Nashik,Power Transmission,17.3,70,824,76.1,1,Under Hearing,87.5,1,67.0,Partial,83.7,24.6,0
35c092ba,Uttar Pradesh,Kanpur,Highway,8.7,18,126,45.8,1,Under Hearing,1.5,2,45.8,Partial,60.4,34.4,1
513ef43e,Maharashtra,Aurangabad,Highway,6.73,48,87,7.1,0,None,20.0,3,10.0,Partial,45.5,49.0,1
da559f3e,Madhya Pradesh,Jabalpur,Urban Development,23.45,63,452,26.6,2,Stay Order,30.3,4,14.6,Not Started,84.7,39.7,1
05d9b6f5,Rajasthan,Kota,Industrial Corridor,28.86,79,1192,81.2,1,Filed,53.6,1,25.9,Full,27.4,59.1,0
fcbc563f,West Bengal,Kolkata,Irrigation,99.86,26,176,85.6,1,Stay Order,41.2,0,59.9,Not Started,39.5,19.9,1
5cdb4c66,Tamil Nadu,Coimbatore,Urban Development,3.8,106,209,36.5,1,Filed,53.0,5,17.7,Partial,97.3,53.9,1
fba54d1e,Tamil Nadu,Salem,Urban Development,16.63,70,1055,11.3,1,Filed,53.2,1,8.8,Partial,90.3,45.0,1
1955f61f,Uttar Pradesh,Agra,Irrigation,3.33,23,48,70.8,0,None,64.1,2,14.7,Full,57.5,30.7,0
fb80364d,Uttar Pradesh,Kanpur,Urban Development,15.98,174,1051,85.9,1,Resolved,51.2,3,30.8,Partial,61.2,12.5,0
d3abe040,Gujarat,Vadodara,Irrigation,11.65,54,1043,29.0,1,Stay Order,21.4,4,94.7,Not Started,87.8,46.5,1
66207d7d,Tamil Nadu,Chennai,Urban Development,15.15,18,1454,47.8,0,None,12.8,4,16.1,Full,62.9,37.7,1
bdcf146d,Rajasthan,Jaipur,Highway,74.23,92,85,60.5,0,None,63.9,3,16.3,Full,52.2,50.9,0
3bf34705,Odisha,Cuttack,Power Transmission,34.05,26,1376,49.4,0,None,90.5,2,36.7,Full,10.5,54.2,1
99097b05,Gujarat,Ahmedabad,Industrial Corridor,3.14,78,549,52.9,1,Under Hearing,21.4,2,46.5,Partial,86.8,37.1,1
0ce35e65,Bihar,Gaya,Industrial Corridor,21.22,11,596,38.6,0,None,54.9,1,38.7,Partial,27.0,42.9,0
a4fcccab,Gujarat,Surat,Power Transmission,11.26,24,1484,16.8,0,None,16.8,1,77.3,Not Started,91.1,58.0,1
91b4cd26,Maharashtra,Nagpur,Railway,2.99,1001,1385,60.2,1,Resolved,27.4,3,15.7,Full,59.0,59.0,0
2de13d56,West Bengal,Siliguri,Power Transmission,4.18,65,1160,85.2,0,None,58.4,3,11.1,Not Started,57.5,19.1,0
35487e69,Tamil Nadu,Madurai,Highway,7.06,291,317,32.6,1,Stay Order,54.0,1,14.0,Partial,20.7,30.3,1
3fe6410d,Maharashtra,Pune,Railway,28.52,199,929,79.4,0,None,42.2,1,2.7,Not Started,74.7,48.7,1
3191b618,Rajasthan,Udaipur,Highway,4.0,17,421,95.1,3,Stay Order,43.6,0,18.1,Full,71.4,14.6,1
106c6bce,Gujarat,Vadodara,Urban Development,19.7,125,1449,65.2,1,Under Hearing,11.9,2,10.8,Full,92.7,31.5,1
bae06684,Karnataka,Hubballi,Railway,32.79,28,1316,75.9,0,None,49.5,3,49.5,Not Started,49.8,25.8,1
7a113809,Uttar Pradesh,Agra,Power Transmission,7.95,100,278,53.3,0,None,70.2,5,57.2,Not Started,57.5,42.1,1
e275343b,Maharashtra,Nagpur,Power Transmission,30.25,36,372,46.7,4,Filed,81.8,1,21.0,Partial,50.2,20.2,1
95b550c5,Gujarat,Vadodara,Railway,29.32,68,1127,73.7,0,None,40.3,2,23.7,Full,50.6,43.9,0
db9c062d,Uttar Pradesh,Meerut,Railway,10.95,33,1209,88.4,2,Stay Order,51.4,5,10.5,Partial,78.9,54.6,1
f59b3d61,Bihar,Gaya,Highway,5.7,26,583,21.3,0,None,64.1,1,19.2,Not Started,60.7,21.6,0
c698d364,Madhya Pradesh,Bhopal,Industrial Corridor,5.51,2,342,49.5,1,Resolved,90.2,4,20.6,Not Started,65.5,20.8,1
cc52eace,Madhya Pradesh,Bhopal,Railway,19.12,35,1472,74.0,0,None,60.7,0,45.7,Partial,56.9,14.0,0
be48ca34,Gujarat,Vadodara,Railway,25.07,61,892,75.1,0,None,7.8,2,53.3,Partial,25.6,38.6,1
720a2b36,Karnataka,Bengaluru,Industrial Corridor,35.95,77,1330,93.7,1,Under Hearing,42.4,2,22.5,Partial,64.1,46.2,0
c0d83a11,Uttar Pradesh,Meerut,Highway,10.36,7,1095,34.5,1,Stay Order,47.0,3,3.8,Partial,57.2,28.0,1
084ad98b,Uttar Pradesh,Meerut,Railway,77.91,69,400,37.5,0,None,54.6,6,15.5,Not Started,82.0,37.9,1
16a835be,Madhya Pradesh,Gwalior,Urban Development,11.16,98,297,53.5,1,Filed,21.2,6,3.4,Full,17.5,29.5,1
166e601d,Tamil Nadu,Chennai,Industrial Corridor,4.49,69,208,29.1,0,None,66.5,4,55.0,Full,38.3,35.3,1
9eaabe0d,Gujarat,Vadodara,Power Transmission,14.05,56,1118,18.5,0,None,61.9,2,39.4,Not Started,59.9,33.8,0
e54dcbe3,Maharashtra,Thane,Power Transmission,3.38,232,937,42.5,1,Under Hearing,83.9,1,13.1,Partial,30.5,27.0,1
ddf81d2c,Maharashtra,Nashik,Industrial Corridor,2.66,48,916,53.9,0,None,59.0,3,64.1,Not Started,81.4,37.8,1
c1539655,Gujarat,Ahmedabad,Urban Development,12.03,62,401,76.1,0,None,21.5,1,27.8,Not Started,75.6,25.6,0
f6faf57a,Odisha,Rourkela,Power Transmission,14.9,21,386,23.9,0,None,25.0,3,33.4,Not Started,57.0,22.9,0
2d5c20cc,Uttar Pradesh,Varanasi,Irrigation,15.23,174,1020,60.9,1,Under Hearing,84.8,4,16.3,Partial,43.6,20.7,1
e98869eb,Rajasthan,Udaipur,Industrial Corridor,5.18,8,769,45.6,0,None,55.0,2,4.9,Full,36.2,30.0,0
376c7d2f,Gujarat,Ahmedabad,Power Transmission,13.09,723,659,34.4,1,Under Hearing,56.4,4,42.1,Not Started,66.2,10.3,1
3a44357e,Tamil Nadu,Chennai,Industrial Corridor,6.82,41,475,94.9,2,Filed,37.7,4,86.7,Not Started,85.9,69.2,0
6c9aa249,Maharashtra,Pune,Power Transmission,84.09,27,595,39.9,2,Resolved,38.6,0,5.4,Partial,38.5,42.4,1
4cd14aef,West Bengal,Siliguri,Railway,8.23,27,884,36.1,0,None,52.9,1,15.4,Not Started,49.0,29.7,1
0ca80379,West Bengal,Howrah,Railway,14.4,545,1475,12.2,0,None,60.0,2,14.3,Partial,31.5,28.4,1
d99ed7c2,West Bengal,Siliguri,Highway,30.24,22,1091,61.1,1,Under Hearing,79.8,1,9.2,Partial,59.2,42.5,1
2cc41df1,Odisha,Cuttack,Urban Development,148.25,391,286,67.8,1,Resolved,78.4,2,28.1,Partial,87.2,12.6,0
e79ca6bd,Uttar Pradesh,Meerut,Highway,67.93,3,80,38.3,1,Stay Order,29.4,3,46.5,Partial,65.5,40.4,1
5d99e44f,Bihar,Patna,Urban Development,17.63,42,672,51.2,1,Filed,62.8,2,14.9,Full,63.0,14.5,0
2aaf62b7,Maharashtra,Aurangabad,Power Transmission,14.89,106,488,40.2,0,None,83.7,2,19.3,Full,38.7,36.6,0
9e246001,Tamil Nadu,Coimbatore,Highway,20.68,37,839,54.0,1,Filed,54.5,1,19.3,Not Started,62.0,52.2,1
3a53262e,Odisha,Bhubaneswar,Irrigation,25.71,254,883,49.2,0,None,68.0,2,31.8,Full,62.3,54.3,0
f33611cb,Uttar Pradesh,Varanasi,Highway,25.96,109,1168,54.5,0,None,37.7,4,12.9,Full,44.0,10.0,0
86d28339,Madhya Pradesh,Jabalpur,Industrial Corridor,0.84,396,134,28.5,1,Under Hearing,76.4,1,7.6,Not Started,81.4,25.5,1
a212a3f4,Uttar Pradesh,Varanasi,Railway,5.06,16,1203,66.1,1,Under Hearing,41.3,0,38.1,Full,46.8,55.9,0
afd0503b,Bihar,Muzaffarpur,Railway,4.97,69,54,43.0,0,None,81.3,2,16.4,Partial,30.3,22.3,0
578b13b4,West Bengal,Siliguri,Irrigation,13.52,29,133,65.2,0,None,10.9,1,17.1,Not Started,78.4,43.2,1
b09b62f6,Maharashtra,Nashik,Railway,15.31,16,167,58.6,1,Under Hearing,59.6,1,50.9,Partial,1.5,52.2,1
0229b2f8,West Bengal,Durgapur,Railway,7.46,16,677,73.0,0,None,31.8,4,41.3,Not Started,68.8,29.0,0
b5243634,Tamil Nadu,Coimbatore,Railway,5.49,624,828,79.7,1,Filed,30.2,2,22.1,Partial,55.6,44.8,0
48b6cd4c,Maharashtra,Aurangabad,Urban Development,7.78,55,628,87.8,2,Filed,31.9,1,31.1,Full,66.0,34.2,1
4079492d,Uttar Pradesh,Varanasi,Railway,3.9,27,1213,64.1,0,None,21.4,1,49.1,Not Started,95.4,45.8,1
200950fa,Maharashtra,Pune,Railway,5.91,113,505,35.9,1,Under Hearing,32.8,1,39.2,Partial,33.6,41.0,1
2c9eade6,Karnataka,Mysuru,Railway,13.2,10,1189,91.3,1,Resolved,61.3,2,9.9,Full,56.1,35.3,0
78147aa0,West Bengal,Siliguri,Railway,0.51,115,1097,54.4,2,Filed,63.3,3,7.7,Partial,85.3,16.9,1
23e6bcb6,Madhya Pradesh,Bhopal,Power Transmission,50.77,34,527,22.5,1,Resolved,80.4,1,11.9,Full,53.0,34.8,0
414b1264,Karnataka,Belagavi,Power Transmission,4.26,36,197,57.5,0,None,49.4,0,14.4,Not Started,59.8,45.3,0
7cc60a77,Madhya Pradesh,Indore,Power Transmission,0.88,901,948,46.3,0,None,45.8,1,13.9,Partial,62.9,14.7,0
129e180e,Maharashtra,Nashik,Industrial Corridor,7.23,33,498,53.2,0,None,54.3,2,48.8,Full,74.5,22.2,1
9f5334a4,West Bengal,Kolkata,Railway,2.19,64,1157,40.8,2,Filed,82.5,4,26.0,Not Started,80.3,5.0,0
09488e8e,West Bengal,Howrah,Railway,64.31,76,1142,26.5,0,None,21.8,4,18.5,Not Started,65.2,30.9,0
779aa2d6,Maharashtra,Thane,Highway,43.96,103,921,52.5,0,None,71.2,1,21.8,Full,35.9,50.2,0
6cb9875d,Bihar,Patna,Power Transmission,4.44,5,582,96.9,0,None,13.6,3,28.9,Partial,45.8,70.9,1
b2866b1c,West Bengal,Siliguri,Highway,273.94,45,450,12.9,1,Filed,43.4,1,42.1,Full,63.8,35.6,1
3f6375f0,Uttar Pradesh,Kanpur,Urban Development,3.12,121,1207,81.9,1,Stay Order,37.9,4,61.8,Partial,47.1,47.2,1
d6f68a1b,Gujarat,Ahmedabad,Highway,49.86,70,887,51.9,0,None,77.2,1,41.1,Full,31.2,29.9,0
9e35a00d,Madhya Pradesh,Indore,Highway,2.09,106,1090,22.7,1,Filed,89.5,1,29.5,Partial,63.5,34.7,1
85a7a715,Odisha,Bhubaneswar,Irrigation,9.23,122,1473,12.7,0,None,48.4,5,5.9,Partial,65.3,17.6,1
03d13cfc,West Bengal,Howrah,Highway,5.63,16,1340,12.1,2,Filed,17.3,2,4.2,Not Started,41.4,55.2,1
d0a4f740,West Bengal,Kolkata,Urban Development,7.97,174,1267,67.7,0,None,79.9,4,11.7,Partial,80.2,34.8,1
fd68fc90,Uttar Pradesh,Agra,Industrial Corridor,12.38,18,878,24.0,0,None,27.5,1,25.3,Full,37.5,23.2,1
b633687b,Uttar Pradesh,Agra,Railway,5.82,13,290,44.8,1,Stay Order,30.0,2,42.6,Full,44.7,26.4,1
5cbd802e,Karnataka,Hubballi,Power Transmission,69.36,34,825,72.5,1,Filed,24.3,2,69.8,Partial,43.4,30.4,0
5e33d311,West Bengal,Durgapur,Railway,23.6,5,660,54.9,1,Under Hearing,28.9,0,16.8,Partial,67.3,24.9,1
4a1555c0,Tamil Nadu,Coimbatore,Railway,100.93,82,372,34.1,1,Under Hearing,77.0,4,69.5,Partial,79.1,41.9,1
3be61821,Odisha,Cuttack,Railway,16.1,74,640,88.3,1,Resolved,54.7,2,28.8,Not Started,55.3,32.1,0
2e2fb40f,Maharashtra,Pune,Railway,14.51,18,1296,59.6,1,Filed,8.1,4,12.8,Partial,38.0,27.5,1
36c00e56,Karnataka,Mysuru,Railway,18.69,17,656,88.9,3,Under Hearing,77.4,2,45.8,Partial,68.0,13.3,0
795afac7,Maharashtra,Thane,Power Transmission,10.9,266,222,49.6,2,Resolved,45.5,2,18.0,Not Started,81.6,19.5,0
74f9de67,Karnataka,Hubballi,Railway,2.78,89,1227,37.7,0,None,35.9,2,5.0,Not Started,35.7,63.3,0
21a91990,Uttar Pradesh,Varanasi,Railway,14.05,569,731,52.2,0,None,28.3,5,16.6,Not Started,14.7,53.2,0
72d71f2a,Madhya Pradesh,Jabalpur,Industrial Corridor,13.1,63,994,54.9,1,Filed,36.6,3,23.6,Not Started,42.6,32.1,1
52a92d6e,Uttar Pradesh,Varanasi,Industrial Corridor,22.64,5,1025,56.7,2,Filed,24.0,2,56.4,Full,55.5,5.0,0
b88dc664,Maharashtra,Pune,Urban Development,12.96,17,261,7.9,1,Resolved,51.0,4,27.2,Not Started,64.3,25.0,0
9e874664,Odisha,Bhubaneswar,Industrial Corridor,25.8,21,485,49.1,1,Filed,82.1,4,28.3,Full,73.1,74.1,0
03a1cc97,Odisha,Rourkela,Irrigation,4.08,7,206,67.6,0,None,53.0,0,8.1,Partial,93.3,34.9,0
21d1d77a,Uttar Pradesh,Kanpur,Highway,3.41,18,467,5.9,0,None,72.5,3,22.3,Partial,58.4,5.4,1
18849454,West Bengal,Howrah,Urban Development,33.84,140,210,63.3,0,None,55.9,2,22.1,Full,66.6,39.9,1
e83c9dc6,Bihar,Muzaffarpur,Power Transmission,5.37,55,480,20.5,1,Filed,16.4,4,33.0,Full,30.6,26.9,1
385325b9,Uttar Pradesh,Meerut,Industrial Corridor,95.44,35,743,71.7,0,None,38.6,3,17.3,Partial,78.1,46.8,1
e309dd43,Rajasthan,Jodhpur,Railway,7.13,23,778,81.7,3,Filed,62.7,2,24.5,Partial,70.2,31.7,0
bd863fe4,West Bengal,Siliguri,Railway,29.96,98,112,97.0,0,None,28.6,3,52.4,Partial,74.2,49.1,0
afbb6d6d,Uttar Pradesh,Lucknow,Railway,44.85,61,1289,63.5,2,Resolved,64.9,1,46.8,Full,25.1,5.0,0
87953319,Karnataka,Bengaluru,Power Transmission,4.78,72,501,39.6,0,None,44.0,1,7.0,Not Started,75.7,38.4,0
3f7699b7,Madhya Pradesh,Indore,Highway,34.53,18,1083,79.0,0,None,40.1,1,35.4,Partial,37.5,25.2,0
07486e00,West Bengal,Kolkata,Irrigation,3.49,40,1481,71.0,1,Under Hearing,43.2,1,9.1,Partial,7.7,47.3,1
6712a031,West Bengal,Kolkata,Industrial Corridor,3.68,6,1041,77.6,1,Filed,30.9,1,8.7,Full,41.2,26.0,0
bf236f58,Odisha,Bhubaneswar,Industrial Corridor,17.03,20,140,79.6,1,Stay Order,67.6,5,22.3,Full,68.1,9.7,1
42037e41,Madhya Pradesh,Indore,Highway,58.68,352,1285,71.2,0,None,42.4,7,17.6,Not Started,86.6,36.3,0
6dac888c,Odisha,Bhubaneswar,Power Transmission,23.2,59,640,93.4,1,Filed,58.9,1,27.0,Full,94.9,5.0,0
b85e5c33,Bihar,Patna,Power Transmission,26.35,213,1060,79.0,0,None,11.7,0,25.5,Partial,42.9,43.0,1
7a1060fe,Odisha,Bhubaneswar,Irrigation,311.11,146,1221,48.4,3,Resolved,50.8,1,31.1,Full,53.0,17.0,0
985a1758,Karnataka,Belagavi,Railway,4.32,83,683,80.4,1,Filed,56.3,6,20.4,Partial,40.9,36.7,0
2c886501,Uttar Pradesh,Lucknow,Power Transmission,26.86,76,677,52.6,0,None,49.1,0,3.0,Partial,82.9,26.2,0
db84b760,Madhya Pradesh,Gwalior,Power Transmission,2.24,229,1217,54.7,3,Filed,39.5,1,55.4,Full,80.4,46.2,0
f7976c6f,Rajasthan,Udaipur,Irrigation,14.59,40,1128,58.7,1,Under Hearing,41.8,3,7.0,Not Started,73.9,55.0,1
207d1c41,Tamil Nadu,Coimbatore,Urban Development,8.73,88,238,42.4,0,None,15.7,3,14.6,Full,95.7,45.6,1
17df6d4e,Karnataka,Hubballi,Railway,3.77,80,1120,90.1,0,None,20.8,4,67.9,Partial,79.0,23.3,1
60f900b0,Madhya Pradesh,Indore,Irrigation,12.61,56,791,59.4,1,Filed,85.0,2,13.5,Full,38.4,29.8,0
830680dd,Maharashtra,Pune,Urban Development,8.37,67,1431,35.1,1,Under Hearing,85.2,0,20.5,Partial,63.0,33.4,1
6990c7de,Bihar,Gaya,Railway,35.98,16,1191,91.8,0,None,46.5,0,50.5,Partial,58.7,69.4,0
20bbbb68,Gujarat,Ahmedabad,Industrial Corridor,9.4,1256,1105,67.9,1,Filed,73.5,4,4.0,Partial,44.3,43.7,0
75cac321,Gujarat,Vadodara,Urban Development,9.81,19,982,29.1,0,None,26.7,2,25.5,Partial,17.7,19.2,1
f3bea6a0,Gujarat,Vadodara,Irrigation,4.07,64,113,16.8,0,None,59.1,2,42.3,Not Started,78.3,48.7,1
09b2e20f,Uttar Pradesh,Lucknow,Highway,27.4,147,1072,58.1,0,None,46.8,3,13.5,Not Started,73.5,29.8,0
dfd253c9,Odisha,Rourkela,Industrial Corridor,16.21,22,1049,72.5,0,None,68.2,5,68.5,Partial,78.2,27.2,1
04e5a5a9,Odisha,Rourkela,Urban Development,9.21,31,1287,59.4,0,None,16.9,0,22.3,Partial,29.1,32.5,1
7622f212,Rajasthan,Kota,Power Transmission,4.31,109,255,40.6,0,None,40.9,3,28.5,Full,50.0,53.5,0
2188f585,Tamil Nadu,Coimbatore,Industrial Corridor,6.36,12,368,30.5,0,None,31.3,6,65.9,Full,66.8,50.2,1
f2a06df0,Maharashtra,Thane,Urban Development,7.18,78,446,47.4,2,Stay Order,47.6,1,23.1,Partial,46.8,42.4,1
c4f313ee,Bihar,Gaya,Urban Development,13.29,50,185,26.6,1,Under Hearing,73.7,0,22.7,Partial,26.6,36.4,1
5428690e,West Bengal,Siliguri,Highway,9.1,11,522,72.6,0,None,28.3,1,42.6,Not Started,50.9,56.1,0
05cefb65,West Bengal,Siliguri,Urban Development,16.25,94,569,74.5,2,Filed,33.1,2,30.8,Not Started,32.3,5.7,1
f35dbd57,Tamil Nadu,Madurai,Urban Development,3.42,253,89,22.7,0,None,60.3,2,21.4,Not Started,10.7,48.4,0
75ae2ea4,West Bengal,Kolkata,Railway,16.68,133,270,25.1,2,Filed,40.3,2,58.0,Full,28.0,36.2,1
3765532c,Uttar Pradesh,Meerut,Power Transmission,13.27,30,645,79.5,1,Filed,32.8,2,34.2,Not Started,63.3,32.9,1
fdaaf568,Madhya Pradesh,Bhopal,Railway,10.04,275,1413,65.4,3,Under Hearing,47.2,2,54.7,Not Started,43.8,30.7,1
09a6aaaf,Uttar Pradesh,Varanasi,Highway,85.44,41,923,4.1,1,Filed,88.4,3,38.4,Full,34.6,34.4,0
e08ef95b,Madhya Pradesh,Bhopal,Power Transmission,5.2,63,821,66.1,0,None,78.3,3,5.3,Not Started,69.1,41.9,0
57d7238d,Madhya Pradesh,Jabalpur,Highway,8.22,38,62,61.6,1,Filed,20.4,2,29.1,Partial,75.1,16.0,1
840da3af,West Bengal,Howrah,Irrigation,30.24,9,1447,51.3,1,Under Hearing,26.1,0,33.2,Full,38.1,27.0,1
ca2fda3c,Gujarat,Surat,Urban Development,35.55,166,201,69.1,0,None,71.2,1,0.9,Full,58.4,23.7,0
642d5757,Odisha,Rourkela,Urban Development,2.88,8,878,57.3,1,Resolved,7.3,4,25.4,Partial,89.7,37.4,1
5a077673,Madhya Pradesh,Indore,Industrial Corridor,23.31,47,433,92.2,1,Stay Order,38.4,3,21.7,Full,66.8,36.2,1
6a4b9966,Madhya Pradesh,Bhopal,Highway,3.52,8,31,78.1,0,None,29.1,2,46.3,Full,32.7,37.4,1
5a965938,Maharashtra,Aurangabad,Industrial Corridor,38.17,10,1297,48.0,0,None,51.7,4,15.0,Partial,76.0,5.0,1
799606b0,Bihar,Gaya,Industrial Corridor,4.45,54,677,71.3,0,None,73.6,2,116.0,Partial,90.3,34.9,1
5666f68a,Gujarat,Rajkot,Highway,2.48,800,1445,81.8,0,None,46.2,1,45.3,Partial,75.6,44.3,0
d197a4eb,Uttar Pradesh,Agra,Railway,17.31,30,1302,61.4,0,None,53.7,3,45.2,Partial,80.4,12.9,0
27e27c8f,Bihar,Patna,Irrigation,14.58,82,1129,77.7,0,None,78.8,2,36.9,Not Started,92.5,12.6,0
2997de8d,Tamil Nadu,Chennai,Railway,12.04,38,1164,57.4,0,None,64.0,4,23.7,Partial,95.8,16.6,0
73187c56,Karnataka,Belagavi,Industrial Corridor,51.76,32,89,58.1,0,None,52.1,2,50.1,Partial,73.7,15.0,1
b272e797,West Bengal,Kolkata,Urban Development,12.4,106,547,69.9,0,None,42.1,0,25.1,Partial,76.8,36.8,1
7f84be0e,Gujarat,Rajkot,Power Transmission,5.94,357,861,13.7,1,Resolved,52.8,1,49.7,Full,20.6,26.3,0
4cb62b1f,Odisha,Cuttack,Highway,12.14,119,1177,26.2,1,Resolved,60.7,1,31.8,Full,23.3,65.7,0
ec8e4d94,Uttar Pradesh,Kanpur,Power Transmission,11.52,72,364,82.2,0,None,28.5,4,35.0,Full,61.1,12.2,0
40bb970b,West Bengal,Howrah,Industrial Corridor,18.16,96,992,22.4,0,None,29.7,2,36.8,Partial,66.1,20.0,1
5f6f82a1,Bihar,Bhagalpur,Railway,0.61,148,974,35.7,2,Under Hearing,78.8,2,31.6,Partial,64.2,28.1,1
73624ae4,Gujarat,Vadodara,Irrigation,64.29,52,479,53.9,2,Stay Order,9.6,2,57.8,Not Started,10.9,30.5,1
1aa0f71d,Gujarat,Rajkot,Irrigation,11.31,44,876,57.5,2,Under Hearing,16.0,3,31.3,Full,96.8,21.8,1
45cbf896,Madhya Pradesh,Bhopal,Urban Development,17.23,85,90,50.8,1,Under Hearing,68.3,1,37.9,Partial,23.3,32.0,1
9357ecf1,Karnataka,Hubballi,Industrial Corridor,91.98,28,659,17.5,1,Under Hearing,86.1,5,44.5,Not Started,54.4,41.6,1
efb4d0d7,Gujarat,Rajkot,Railway,12.04,15,278,61.6,1,Under Hearing,36.3,2,21.5,Not Started,39.4,29.7,1
d43aadaa,Maharashtra,Pune,Power Transmission,9.75,48,845,93.0,1,Under Hearing,43.4,3,52.0,Partial,96.1,53.8,1
26b6460a,Gujarat,Vadodara,Industrial Corridor,2.19,70,1352,39.8,1,Filed,32.4,0,24.8,Partial,56.3,20.8,1
4d40650b,Madhya Pradesh,Indore,Highway,28.87,37,1083,62.6,0,None,51.6,2,11.8,Full,47.2,43.3,0
77371185,Madhya Pradesh,Jabalpur,Highway,12.64,62,438,73.7,2,Under Hearing,57.6,4,11.7,Full,73.5,36.3,0
4ad89b70,West Bengal,Durgapur,Industrial Corridor,59.73,22,1071,49.5,0,None,65.3,2,40.6,Full,20.9,25.7,1
f9fb37c0,Odisha,Bhubaneswar,Urban Development,5.45,99,897,17.4,0,None,26.9,2,5.8,Partial,30.2,40.0,1
b842407e,Odisha,Cuttack,Urban Development,22.2,27,772,28.5,1,Filed,58.5,3,21.6,Partial,46.8,44.5,1
cf401f2d,Odisha,Cuttack,Irrigation,4.9,16,803,50.7,0,None,44.0,1,15.5,Not Started,30.8,32.7,0
8b6949ac,West Bengal,Kolkata,Railway,2.05,285,1425,26.1,2,Stay Order,44.6,1,12.2,Not Started,72.7,43.1,1
637e43b0,Karnataka,Mysuru,Power Transmission,1.69,21,136,61.8,0,None,13.5,3,16.6,Not Started,70.8,48.7,1
e7873e0b,Gujarat,Vadodara,Irrigation,10.19,135,1212,23.9,0,None,8.1,3,92.8,Partial,65.1,32.2,1
eb184e53,Maharashtra,Pune,Highway,6.03,23,974,53.8,2,Under Hearing,53.8,3,71.9,Not Started,83.6,50.0,1
9a589f76,Karnataka,Hubballi,Highway,2.02,251,1245,45.0,1,Stay Order,77.2,4,8.6,Not Started,53.0,12.0,1
db656a3f,Madhya Pradesh,Bhopal,Railway,5.98,47,780,80.6,0,None,45.8,0,25.9,Not Started,69.7,48.4,0
c630b197,Madhya Pradesh,Jabalpur,Irrigation,4.31,168,272,39.1,1,Under Hearing,62.5,5,50.9,Partial,22.4,35.3,1
e483a66a,Madhya Pradesh,Gwalior,Highway,7.43,26,360,50.2,0,None,43.1,3,10.5,Partial,56.1,5.0,1
3c068225,Bihar,Patna,Railway,6.98,38,999,83.7,0,None,59.6,7,18.5,Partial,82.3,27.9,1
7ea58955,Gujarat,Surat,Urban Development,6.36,24,525,70.3,0,None,35.9,4,16.7,Partial,36.5,54.1,0
6fde6087,Madhya Pradesh,Indore,Industrial Corridor,38.73,26,875,61.6,2,Resolved,78.4,2,4.5,Partial,69.2,36.5,0
53233615,Uttar Pradesh,Lucknow,Highway,46.64,62,51,15.0,0,None,44.1,5,16.0,Full,43.5,45.6,0
b5e44b62,Tamil Nadu,Salem,Irrigation,3.0,6,565,62.1,1,Filed,41.5,6,19.4,Not Started,96.2,60.7,1
ca45fd4d,Odisha,Bhubaneswar,Highway,28.12,235,522,30.8,0,None,80.1,5,11.7,Not Started,24.4,56.3,0
a615bdef,Gujarat,Ahmedabad,Highway,26.23,91,1121,65.6,3,Under Hearing,21.6,4,25.4,Not Started,67.0,28.9,0
9231c09b,Maharashtra,Aurangabad,Railway,2.01,494,1315,72.6,0,None,21.3,2,0.5,Full,50.5,46.5,0
72809f7b,Tamil Nadu,Salem,Industrial Corridor,22.88,284,291,65.3,3,Under Hearing,89.4,4,88.3,Not Started,66.1,31.4,1
a5a73407,Odisha,Bhubaneswar,Urban Development,15.32,29,519,40.2,0,None,68.5,4,43.4,Not Started,44.3,30.9,1
1bac0b09,Uttar Pradesh,Varanasi,Railway,16.43,123,536,38.7,1,Filed,64.6,0,21.8,Partial,3.1,55.4,1
413a18e3,West Bengal,Kolkata,Railway,16.25,29,991,47.4,2,Filed,39.8,5,66.9,Full,61.6,46.7,1
e0b9d02a,Gujarat,Vadodara,Highway,16.65,16,812,96.0,0,None,17.2,2,35.2,Partial,19.3,47.1,0
4a2842a2,Karnataka,Mysuru,Power Transmission,3.1,39,188,38.1,2,Filed,58.8,0,27.8,Not Started,60.6,37.2,1
600bf4c0,Bihar,Bhagalpur,Urban Development,7.26,716,605,35.4,1,Under Hearing,41.9,4,5.4,Partial,59.3,13.9,1
405a895b,Bihar,Gaya,Irrigation,26.82,12,1281,40.7,1,Stay Order,60.0,2,83.4,Full,55.3,40.0,1
024f0608,Madhya Pradesh,Bhopal,Irrigation,6.22,523,1453,65.8,0,None,82.1,1,18.0,Full,71.2,38.8,1
0139bf78,West Bengal,Durgapur,Highway,25.29,194,1013,98.6,0,None,27.1,5,24.0,Partial,54.6,21.7,0
d6174064,Tamil Nadu,Coimbatore,Urban Development,7.97,47,1273,84.9,1,Resolved,51.7,2,32.3,Not Started,14.8,27.6,0
918abf41,Karnataka,Mysuru,Railway,5.95,153,621,76.7,0,None,50.4,3,67.1,Not Started,42.8,53.2,1
239f7f10,Rajasthan,Jodhpur,Industrial Corridor,4.18,12,222,70.1,1,Resolved,85.6,2,12.2,Not Started,79.6,55.8,0
b34939be,Karnataka,Bengaluru,Power Transmission,5.68,31,317,91.2,2,Filed,32.0,2,52.9,Partial,49.3,24.9,1
3e4010be,Karnataka,Hubballi,Railway,11.45,5,1049,29.1,1,Resolved,60.6,0,20.1,Partial,68.0,41.8,0
83865f97,West Bengal,Durgapur,Railway,90.88,17,1265,24.5,0,None,56.5,2,11.8,Full,33.8,38.5,0
3e9ed33f,Gujarat,Rajkot,Railway,25.75,8,81,49.7,0,None,53.0,2,48.1,Partial,79.7,47.1,0
0019a22e,Madhya Pradesh,Jabalpur,Power Transmission,19.27,274,134,55.0,1,Filed,65.0,7,20.9,Partial,70.8,17.2,0
4aaaf3b2,Rajasthan,Kota,Irrigation,27.32,63,801,87.6,0,None,37.5,3,14.4,Partial,93.4,31.1,0
de7af5fe,Rajasthan,Udaipur,Urban Development,2.7,29,1293,33.6,0,None,45.5,2,33.0,Partial,39.6,43.4,0
cc3dc127,Maharashtra,Pune,Irrigation,12.44,12,933,35.2,1,Under Hearing,67.3,5,41.6,Full,49.5,45.1,0
d95b197c,West Bengal,Siliguri,Urban Development,3.63,82,825,85.2,1,Stay Order,85.4,2,19.2,Full,87.1,37.6,1
bde129c2,Karnataka,Mysuru,Highway,12.68,7,700,59.9,0,None,55.2,4,21.8,Not Started,87.1,61.5,1
34992315,Tamil Nadu,Coimbatore,Railway,9.47,83,549,46.6,0,None,66.2,3,9.6,Full,79.6,39.6,0
77e94e3f,Karnataka,Belagavi,Urban Development,2.72,35,787,80.3,0,None,75.0,4,25.0,Not Started,43.2,35.0,1
b30a0c80,Gujarat,Surat,Railway,28.56,54,1068,43.1,1,Stay Order,71.9,2,19.2,Full,77.7,38.2,1
ac23ecdb,Tamil Nadu,Chennai,Power Transmission,24.78,64,259,47.5,0,None,57.7,1,51.7,Full,65.9,35.9,1
a04a90d5,Karnataka,Mysuru,Highway,13.57,261,838,53.7,1,Filed,15.7,3,32.2,Full,61.7,23.7,0
2c206994,West Bengal,Siliguri,Railway,9.82,40,691,78.0,1,Stay Order,29.3,1,15.5,Partial,72.5,19.0,1
e0bb3550,Odisha,Cuttack,Industrial Corridor,37.44,321,635,36.4,0,None,15.7,3,22.9,Not Started,91.7,30.7,1
7a746fbb,West Bengal,Howrah,Urban Development,35.32,73,736,58.8,1,Resolved,83.0,3,35.6,Full,45.2,49.9,0
5a4569a4,Bihar,Patna,Industrial Corridor,18.75,36,1408,44.5,2,Filed,14.5,4,43.9,Partial,21.5,41.4,1
fc198539,Gujarat,Vadodara,Irrigation,10.0,38,1319,93.9,0,None,31.7,2,23.2,Not Started,46.7,63.1,1
09487de8,Tamil Nadu,Madurai,Railway,114.2,91,1077,86.6,0,None,6.9,3,37.7,Full,11.5,36.8,0
e13f479a,Rajasthan,Jodhpur,Industrial Corridor,63.02,77,348,35.4,3,Under Hearing,33.4,0,25.9,Full,28.6,38.7,0
0be523b2,Gujarat,Ahmedabad,Industrial Corridor,11.06,102,283,28.4,0,None,36.4,5,33.5,Full,91.5,44.0,1
efebb523,Uttar Pradesh,Agra,Highway,6.83,5,1297,46.6,0,None,34.8,3,22.2,Full,17.8,41.0,1
cf0c4ac4,Karnataka,Hubballi,Industrial Corridor,17.46,64,845,60.1,3,Stay Order,12.8,1,10.8,Full,94.8,39.6,1
bda38061,Madhya Pradesh,Gwalior,Power Transmission,2.55,25,66,59.6,0,None,38.1,2,5.3,Full,65.5,32.5,0
8940b05b,Gujarat,Vadodara,Highway,32.89,91,850,65.6,1,Under Hearing,6.8,3,33.3,Partial,9.5,36.2,1
2ccef67f,Rajasthan,Udaipur,Industrial Corridor,21.52,17,1401,83.3,0,None,31.0,1,33.5,Not Started,78.0,31.7,1
7950ac9a,Madhya Pradesh,Indore,Urban Development,11.9,40,223,23.1,1,Filed,67.8,6,35.4,Partial,49.4,32.7,1
7597de0e,Uttar Pradesh,Lucknow,Industrial Corridor,14.66,7,292,92.2,0,None,11.7,1,22.4,Partial,55.6,54.4,1
8b138a02,Tamil Nadu,Madurai,Irrigation,6.94,318,1472,70.2,1,Resolved,75.7,2,70.6,Partial,56.6,48.4,1
152c861c,Rajasthan,Udaipur,Railway,59.65,16,831,56.5,2,Under Hearing,62.2,0,20.4,Partial,51.3,42.0,1
258c5203,Rajasthan,Jodhpur,Railway,14.43,23,896,16.3,1,Resolved,55.5,2,45.1,Partial,25.0,66.0,1
3d2a4b1f,Rajasthan,Kota,Industrial Corridor,2.04,45,854,73.0,0,None,76.8,3,46.0,Partial,40.2,28.0,0
44a39c3a,Rajasthan,Udaipur,Railway,10.62,16,1148,22.7,1,Under Hearing,64.2,6,7.7,Partial,34.1,16.6,1
c308a540,Uttar Pradesh,Kanpur,Industrial Corridor,8.64,58,1211,94.7,2,Filed,31.8,4,55.5,Not Started,54.6,34.0,0
217c56c9,West Bengal,Siliguri,Highway,21.55,163,922,68.9,1,Filed,27.1,0,10.8,Partial,44.8,34.8,0
fcd9143d,Rajasthan,Jodhpur,Power Transmission,4.6,276,64,29.6,1,Under Hearing,41.3,2,9.7,Not Started,55.5,48.0,1
6f70904d,Madhya Pradesh,Gwalior,Power Transmission,14.51,70,1204,77.1,0,None,6.7,2,83.3,Partial,70.5,41.6,0
86b0b74f,Gujarat,Vadodara,Railway,9.67,51,1227,95.5,3,Under Hearing,28.2,3,39.9,Not Started,71.0,39.3,1
4a83f289,Odisha,Bhubaneswar,Railway,10.29,69,1130,79.3,0,None,76.7,2,109.9,Partial,28.5,18.7,0
0e69ca8b,Maharashtra,Nashik,Highway,28.36,13,227,75.5,1,Filed,31.5,5,23.6,Partial,52.9,46.5,0
5af1e9a0,Maharashtra,Nagpur,Highway,54.75,22,1230,72.8,3,Stay Order,35.4,2,16.1,Full,24.0,39.1,1
d52219de,Uttar Pradesh,Meerut,Irrigation,29.25,16,610,48.0,0,None,42.2,2,17.9,Partial,57.8,38.4,1
d8d78a2d,West Bengal,Howrah,Power Transmission,11.5,29,1207,56.2,1,Filed,58.0,0,38.8,Full,35.5,30.0,1
d9e11c10,Odisha,Cuttack,Power Transmission,25.73,922,1483,31.4,1,Under Hearing,72.7,1,17.7,Not Started,93.7,33.9,1
03612956,Odisha,Bhubaneswar,Urban Development,8.35,44,1346,34.8,1,Stay Order,47.9,0,28.4,Full,77.3,45.5,1
9a331e8b,Karnataka,Hubballi,Railway,8.22,108,143,92.7,0,None,55.0,4,24.3,Partial,61.6,48.2,1
5904a5fe,Madhya Pradesh,Bhopal,Irrigation,4.58,27,835,73.6,1,Filed,88.8,3,10.5,Partial,56.1,36.2,1
45d99488,Odisha,Cuttack,Industrial Corridor,25.54,47,1167,54.7,0,None,60.6,3,30.4,Not Started,61.7,32.6,1
87eb7dab,Tamil Nadu,Madurai,Railway,1.45,56,1142,69.5,1,Filed,8.1,1,29.3,Not Started,70.8,34.3,0
f387686b,Uttar Pradesh,Meerut,Railway,64.4,57,342,54.8,1,Under Hearing,72.3,5,16.7,Partial,85.1,18.1,1
64158816,Bihar,Patna,Railway,17.3,173,304,62.1,0,None,20.9,2,31.9,Full,79.2,26.4,0
73fe0adc,Bihar,Muzaffarpur,Railway,1.56,44,1483,27.2,0,None,36.3,1,12.4,Partial,28.9,36.4,1
4c05d9ce,Uttar Pradesh,Lucknow,Power Transmission,7.47,2,232,42.9,0,None,29.0,2,50.0,Partial,67.0,39.8,0
58cd90b1,West Bengal,Kolkata,Industrial Corridor,12.98,58,917,55.6,1,Filed,41.5,2,24.3,Full,50.4,38.4,0
73aab50f,Gujarat,Ahmedabad,Power Transmission,90.42,49,179,50.0,2,Filed,63.8,2,36.0,Full,63.3,34.6,0
275f0149,Rajasthan,Udaipur,Industrial Corridor,44.92,35,1118,16.4,0,None,58.0,3,55.4,Not Started,50.5,55.5,1
7e22b968,Gujarat,Surat,Irrigation,0.73,45,1432,66.9,0,None,69.2,5,11.2,Full,62.3,5.0,0
45503c1e,Maharashtra,Aurangabad,Highway,14.04,23,306,60.4,0,None,60.7,2,90.0,Partial,91.6,28.5,0
c5157501,Odisha,Cuttack,Power Transmission,2.53,33,509,73.3,0,None,18.9,3,18.6,Partial,53.7,38.3,1
84e43815,Uttar Pradesh,Lucknow,Railway,84.57,63,559,56.1,2,Filed,34.9,1,64.1,Full,40.1,40.6,1
f216f3c9,Gujarat,Surat,Irrigation,42.82,16,122,89.6,0,None,68.2,2,23.2,Full,95.2,27.0,0
17bafaa3,Bihar,Patna,Irrigation,9.62,24,389,68.1,1,Filed,43.7,2,60.8,Full,58.6,22.6,1
09220a14,Tamil Nadu,Salem,Industrial Corridor,57.75,71,1264,84.0,2,Resolved,71.4,4,34.3,Not Started,55.1,49.9,1
f0324135,Gujarat,Vadodara,Power Transmission,7.26,72,1002,40.1,0,None,55.3,5,12.2,Partial,73.6,44.5,1
79d3fb94,West Bengal,Kolkata,Highway,9.67,133,1175,50.6,2,Filed,7.0,1,40.8,Partial,81.6,43.2,1
122a4193,Gujarat,Surat,Railway,28.74,7,726,44.6,1,Filed,52.9,1,30.7,Full,75.0,28.1,0
07542e2b,Karnataka,Hubballi,Industrial Corridor,46.78,16,557,18.5,0,None,29.8,4,31.4,Full,42.9,17.4,1
3d5c2bec,Karnataka,Bengaluru,Highway,2.34,56,619,59.5,1,Resolved,69.7,5,17.4,Full,78.6,30.1,0
e112f95e,Tamil Nadu,Salem,Railway,24.26,243,1091,52.3,0,None,28.3,2,12.3,Partial,38.4,21.1,1
66f915ec,Bihar,Patna,Highway,5.22,57,1260,25.9,0,None,29.0,2,26.4,Partial,69.5,35.4,1
9354bf13,West Bengal,Howrah,Industrial Corridor,216.51,39,231,51.4,2,Filed,62.3,4,80.8,Full,98.6,17.4,0
f1614354,West Bengal,Durgapur,Urban Development,11.61,43,1046,19.0,1,Under Hearing,18.5,2,10.3,Full,85.2,5.0,1
bb8155d0,West Bengal,Durgapur,Industrial Corridor,10.19,62,1443,78.4,0,None,63.4,1,20.1,Partial,75.1,44.4,0
21b89b3f,Odisha,Rourkela,Irrigation,2.15,35,1416,22.3,0,None,33.5,2,25.5,Partial,26.9,43.6,0
294e5ba1,Uttar Pradesh,Lucknow,Railway,31.97,56,843,89.7,1,Stay Order,64.4,2,19.8,Partial,66.3,33.3,1
d489e409,Madhya Pradesh,Bhopal,Power Transmission,16.0,169,874,54.0,2,Resolved,4.1,3,22.9,Partial,80.0,45.1,0
f8343cd2,Tamil Nadu,Salem,Irrigation,46.16,27,809,41.9,0,None,48.6,2,46.4,Partial,46.2,19.7,1
ec35a13c,Madhya Pradesh,Jabalpur,Urban Development,8.0,10,1103,19.5,1,Resolved,37.1,2,40.8,Not Started,51.6,31.1,1
a25318bf,Rajasthan,Kota,Urban Development,10.42,1043,935,54.3,4,Filed,64.0,3,23.3,Full,84.5,40.8,0
fa2007bc,West Bengal,Kolkata,Railway,10.25,8,470,51.2,1,Under Hearing,53.0,3,10.9,Partial,51.2,41.4,1
abf924ff,Tamil Nadu,Salem,Railway,6.48,20,1461,20.5,2,Resolved,59.7,5,26.2,Full,83.9,38.0,0
83ff9926,Bihar,Patna,Urban Development,10.43,34,708,65.7,1,Under Hearing,46.8,3,37.7,Partial,37.7,35.8,1
8f148aae,Gujarat,Rajkot,Power Transmission,21.34,163,549,76.8,0,None,27.0,4,12.3,Partial,20.1,33.1,1
f936e694,Uttar Pradesh,Agra,Urban Development,5.48,145,115,27.3,2,Under Hearing,49.9,4,26.2,Partial,79.2,36.9,1
5612e9d0,Uttar Pradesh,Lucknow,Industrial Corridor,5.63,228,885,63.9,1,Stay Order,63.1,2,9.7,Full,93.4,46.8,1
8cd4ceac,Odisha,Rourkela,Railway,35.75,458,429,35.3,0,None,80.3,1,9.7,Partial,57.3,50.7,0
e844804b,Rajasthan,Udaipur,Power Transmission,10.2,67,510,84.1,1,Under Hearing,44.5,4,10.4,Not Started,52.9,23.4,1
16e557ed,Karnataka,Mysuru,Power Transmission,9.39,39,415,66.1,0,None,26.5,1,31.8,Partial,66.0,48.5,0
3123e65f,Tamil Nadu,Madurai,Irrigation,4.37,14,1442,66.9,0,None,49.9,2,52.8,Partial,27.0,17.4,1
fdba341b,Rajasthan,Jaipur,Highway,19.08,16,1192,69.7,1,Resolved,7.7,4,77.6,Full,77.8,32.4,0
6adfe092,Rajasthan,Kota,Railway,4.0,87,123,48.1,0,None,6.4,4,58.6,Not Started,44.8,15.1,1
1161bd0c,Maharashtra,Thane,Railway,7.64,201,415,39.2,1,Stay Order,45.7,4,9.6,Full,27.2,43.3,1
73f3e3d7,Rajasthan,Jaipur,Irrigation,5.04,195,540,82.2,1,Resolved,41.5,3,29.7,Not Started,59.5,50.8,0
1ee87f65,West Bengal,Kolkata,Industrial Corridor,6.19,112,168,73.7,0,None,37.6,5,30.1,Partial,89.7,33.1,0
6fd47e9b,Odisha,Rourkela,Industrial Corridor,10.3,34,1486,38.9,0,None,26.0,0,29.5,Full,39.7,43.7,1
cf6e3557,Madhya Pradesh,Jabalpur,Industrial Corridor,16.38,39,786,38.6,0,None,15.7,2,5.6,Partial,52.5,57.4,1
44b99aea,Maharashtra,Aurangabad,Railway,11.35,70,625,74.6,0,None,34.8,3,12.3,Partial,46.1,18.8,1
6a965bc1,West Bengal,Siliguri,Power Transmission,36.25,28,1342,58.9,1,Resolved,18.2,4,10.6,Full,96.8,39.6,0
9511efe3,Odisha,Bhubaneswar,Industrial Corridor,3.4,33,133,27.7,0,None,28.0,2,20.3,Partial,76.2,27.5,0
d38e83b6,West Bengal,Howrah,Urban Development,41.38,14,1298,10.1,0,None,77.4,3,42.1,Full,64.4,34.9,0
35d2f404,Gujarat,Ahmedabad,Urban Development,11.11,25,1422,54.6,0,None,24.6,4,46.3,Partial,80.2,24.4,1
eb25d17f,Bihar,Gaya,Highway,5.21,33,1433,75.2,0,None,28.7,0,12.3,Full,61.3,57.9,0
78b7bb3d,Bihar,Muzaffarpur,Power Transmission,6.41,18,357,34.1,0,None,22.1,6,39.7,Partial,81.4,30.0,0
c72af7ad,Bihar,Gaya,Irrigation,16.96,14,403,88.9,0,None,90.9,0,24.3,Not Started,94.4,27.1,0
8d192cb8,Bihar,Muzaffarpur,Highway,9.4,40,1099,67.7,1,Filed,21.7,4,110.8,Not Started,16.0,45.7,1
0baacff7,Gujarat,Vadodara,Power Transmission,4.21,41,775,61.6,0,None,18.7,2,6.5,Not Started,78.9,23.1,0
3231ca86,Bihar,Bhagalpur,Railway,0.8,101,234,49.0,3,Filed,72.7,1,17.7,Full,90.9,8.7,1
a11c295e,Odisha,Cuttack,Urban Development,7.64,24,167,59.6,0,None,50.5,2,13.1,Not Started,92.7,46.4,0
0a6de433,Rajasthan,Jodhpur,Highway,3.87,332,924,70.5,1,Stay Order,34.3,1,21.3,Not Started,71.6,34.1,1
09071c97,Tamil Nadu,Madurai,Urban Development,18.68,83,1251,40.8,0,None,26.5,1,19.0,Partial,44.1,54.1,1
7c7fb479,Gujarat,Surat,Urban Development,1.44,9,841,54.3,0,None,51.8,2,25.9,Partial,66.1,29.6,0
b38f4d61,Maharashtra,Nashik,Highway,1.67,9,805,43.8,1,Filed,77.9,3,89.3,Partial,25.8,6.6,0
ac4afad7,Odisha,Cuttack,Power Transmission,36.66,33,259,86.9,1,Filed,3.5,0,22.1,Not Started,77.3,36.3,1
0c2c1846,Tamil Nadu,Chennai,Power Transmission,2.66,6,716,19.2,1,Filed,26.8,3,33.9,Partial,79.3,19.8,1
bcc739b4,Rajasthan,Kota,Urban Development,16.49,36,759,44.9,0,None,44.8,0,43.0,Not Started,92.1,46.4,0
e60e8fc3,Rajasthan,Jaipur,Irrigation,12.04,16,707,40.9,0,None,14.2,3,14.7,Not Started,34.7,12.1,1
dcb2da8f,Uttar Pradesh,Varanasi,Power Transmission,37.65,1081,791,71.9,4,Under Hearing,31.5,2,27.6,Full,62.8,54.5,1
6623e2c6,Odisha,Rourkela,Irrigation,71.43,78,361,68.3,0,None,76.2,4,70.8,Partial,78.5,42.1,1
ad688a3c,Maharashtra,Nagpur,Urban Development,2.65,87,153,12.3,0,None,54.1,4,13.4,Full,91.1,35.8,0
fc034058,Maharashtra,Thane,Industrial Corridor,9.02,33,480,47.8,0,None,34.7,1,20.5,Partial,79.7,18.1,0
c0943073,Madhya Pradesh,Gwalior,Railway,5.12,97,1418,72.9,0,None,24.0,1,17.7,Partial,51.8,43.1,1
11bf06e6,Odisha,Bhubaneswar,Power Transmission,2.93,18,42,71.6,0,None,41.8,4,17.2,Partial,47.2,46.0,0
a4f2efe4,Bihar,Gaya,Industrial Corridor,11.78,12,527,21.4,0,None,17.9,4,25.2,Not Started,40.0,17.5,0
e327ad7d,Karnataka,Mysuru,Highway,13.79,106,890,40.7,1,Filed,5.5,0,25.7,Not Started,60.0,28.2,1
b05d9777,Odisha,Bhubaneswar,Urban Development,17.45,63,968,54.4,0,None,80.7,0,18.9,Partial,42.4,40.6,0
6fb33faa,Odisha,Bhubaneswar,Urban Development,36.83,16,560,9.3,0,None,3.6,2,34.2,Partial,35.0,26.3,1
4e8a0fa3,Karnataka,Hubballi,Industrial Corridor,2.35,507,840,72.1,1,Filed,57.2,4,12.4,Not Started,59.1,6.4,0
c82b65d0,Rajasthan,Jaipur,Irrigation,5.34,22,1108,54.7,3,Resolved,72.4,6,21.1,Partial,89.1,40.1,0
67ff51b0,Bihar,Bhagalpur,Urban Development,28.33,39,712,11.5,0,None,44.6,2,72.6,Partial,56.3,23.7,1
6e7afdf7,Madhya Pradesh,Jabalpur,Highway,8.65,269,729,20.0,3,Under Hearing,82.8,4,27.5,Not Started,83.5,27.3,1
9b4c0f9c,West Bengal,Durgapur,Irrigation,13.87,37,1186,77.7,0,None,39.2,3,9.7,Partial,66.0,58.8,0
fad39524,Maharashtra,Thane,Urban Development,15.68,40,399,36.6,3,Filed,70.4,6,25.6,Partial,19.0,67.7,1
fa3ca4c6,Tamil Nadu,Salem,Power Transmission,20.62,112,761,88.3,0,None,39.0,2,22.7,Full,48.4,44.2,0
cd4952d5,Maharashtra,Pune,Industrial Corridor,56.17,73,158,98.0,1,Resolved,38.3,4,7.8,Partial,74.5,42.6,0
2ab0ef2d,Karnataka,Bengaluru,Industrial Corridor,1.55,22,54,10.9,0,None,30.2,5,15.5,Full,73.2,61.4,0
c98625ef,Tamil Nadu,Chennai,Urban Development,2.84,17,902,26.3,1,Under Hearing,47.0,2,20.6,Not Started,92.2,37.4,1
1ca6c656,Karnataka,Hubballi,Urban Development,7.39,98,881,31.0,0,None,77.8,1,27.7,Not Started,33.2,44.9,1
0ad14878,Rajasthan,Jodhpur,Railway,2.53,293,203,24.8,3,Under Hearing,51.0,1,133.4,Not Started,32.5,36.8,1
e7c29ae9,Tamil Nadu,Salem,Highway,9.47,50,694,70.7,0,None,40.4,4,32.0,Partial,94.9,29.6,0
e3c900eb,Maharashtra,Nagpur,Urban Development,7.82,35,244,42.4,1,Filed,4.2,2,48.8,Full,82.4,26.5,1
4b871d75,Rajasthan,Kota,Power Transmission,7.02,27,409,20.3,0,None,39.7,2,9.0,Not Started,49.5,48.9,1
f334f3f1,Odisha,Bhubaneswar,Urban Development,105.42,197,1033,73.2,2,Stay Order,34.2,4,10.6,Not Started,47.8,24.1,1
58554d12,Tamil Nadu,Madurai,Urban Development,8.48,42,1047,64.3,1,Under Hearing,33.4,3,19.2,Full,83.1,27.7,1
8a296259,Karnataka,Hubballi,Irrigation,101.58,99,1014,29.5,3,Under Hearing,37.9,1,15.6,Full,39.5,45.7,1
0f5ec765,Uttar Pradesh,Meerut,Railway,33.1,142,762,91.8,0,None,16.8,1,74.8,Full,7.6,51.8,1
e64a3b0b,Maharashtra,Nashik,Urban Development,4.99,26,1307,53.2,1,Filed,21.2,2,83.6,Not Started,90.2,41.8,1
cca52efb,Bihar,Gaya,Urban Development,14.93,11,966,2.7,0,None,45.5,3,75.0,Not Started,63.2,50.4,0
aaaaf75b,Bihar,Muzaffarpur,Urban Development,48.65,34,1370,20.1,1,Filed,88.7,5,95.1,Full,52.2,34.8,1
584f9a40,Tamil Nadu,Madurai,Irrigation,45.94,26,744,91.8,3,Under Hearing,57.4,5,31.9,Full,33.1,43.5,1
b0684e6b,Odisha,Bhubaneswar,Industrial Corridor,23.89,65,1280,30.1,1,Filed,33.0,0,20.6,Partial,45.9,40.2,0
2367c2f9,Bihar,Bhagalpur,Highway,81.07,6,527,36.2,0,None,43.9,2,11.9,Partial,37.4,65.5,0
604e814f,Karnataka,Bengaluru,Irrigation,54.39,170,746,64.7,1,Resolved,15.1,3,3.2,Partial,48.4,19.6,0
b58ffb39,Tamil Nadu,Madurai,Power Transmission,4.96,81,1327,61.2,0,None,83.1,3,9.0,Not Started,68.5,28.8,0
5ac0b2ff,Uttar Pradesh,Varanasi,Industrial Corridor,81.69,39,883,60.5,2,Filed,42.0,2,25.0,Full,74.3,35.0,0
50ca7786,West Bengal,Kolkata,Industrial Corridor,16.11,23,989,55.3,0,None,61.1,1,24.5,Not Started,76.0,41.8,1
73e480f9,Madhya Pradesh,Bhopal,Highway,112.27,153,566,53.4,1,Under Hearing,51.6,4,30.0,Full,67.9,26.9,1
92c3e38e,Madhya Pradesh,Jabalpur,Power Transmission,27.12,326,748,14.7,1,Filed,76.3,3,15.3,Partial,35.0,43.8,1
8b05e561,Karnataka,Bengaluru,Irrigation,30.11,32,876,29.0,1,Filed,62.6,1,14.9,Partial,76.9,58.0,0
c42b88d0,Maharashtra,Nagpur,Power Transmission,10.04,64,154,69.3,1,Resolved,61.2,3,33.2,Partial,57.0,33.7,0
2abd33b8,Rajasthan,Jaipur,Power Transmission,8.45,50,861,25.8,0,None,46.8,0,42.7,Full,81.6,24.1,0
e208b7d3,Karnataka,Belagavi,Railway,4.86,173,790,68.2,0,None,71.9,3,93.6,Not Started,27.6,17.7,1
35c7365a,Karnataka,Hubballi,Power Transmission,20.86,19,809,61.4,1,Under Hearing,38.3,2,27.1,Not Started,24.7,27.0,1
5eb1858c,Karnataka,Belagavi,Railway,6.35,31,593,15.9,2,Filed,59.7,2,55.4,Not Started,18.7,62.3,1
12d9a131,Gujarat,Rajkot,Highway,19.41,15,935,18.0,0,None,53.6,2,14.7,Partial,72.8,13.4,1
5025279b,Odisha,Bhubaneswar,Irrigation,49.85,157,1053,39.6,0,None,58.4,5,4.3,Partial,26.3,26.7,0
65845d0f,Tamil Nadu,Chennai,Industrial Corridor,4.85,174,694,66.7,0,None,56.1,0,70.3,Not Started,37.1,44.6,1
86271b4f,Madhya Pradesh,Bhopal,Urban Development,16.18,54,154,82.2,0,None,79.0,4,8.5,Not Started,75.6,5.2,0
85c19c07,Uttar Pradesh,Agra,Urban Development,12.19,29,1286,15.2,1,Filed,35.1,1,14.4,Full,51.4,23.6,0
9284d374,Uttar Pradesh,Agra,Urban Development,2.48,25,838,21.9,0,None,28.6,3,2.9,Not Started,58.6,28.6,1
7c7bf419,Madhya Pradesh,Jabalpur,Highway,1.13,41,1086,42.3,0,None,32.4,6,29.5,Partial,50.6,60.0,1
560db93f,Bihar,Bhagalpur,Highway,21.34,70,345,66.3,1,Under Hearing,28.3,0,16.5,Not Started,8.2,56.3,1
28a45859,Madhya Pradesh,Jabalpur,Power Transmission,34.42,43,1161,42.3,1,Stay Order,15.6,3,52.9,Full,48.0,27.8,1
86fa771c,Bihar,Bhagalpur,Irrigation,13.51,69,1326,15.6,1,Filed,72.3,6,17.4,Partial,26.6,23.4,1
29843e36,Uttar Pradesh,Agra,Urban Development,8.75,5,1204,37.0,3,Filed,66.3,4,22.7,Full,86.7,48.0,0
d2cbd976,Gujarat,Vadodara,Power Transmission,9.85,62,1450,48.1,0,None,49.5,1,66.0,Full,65.4,16.1,0
8576daff,Tamil Nadu,Coimbatore,Urban Development,2.91,608,858,61.8,0,None,69.0,3,28.7,Partial,52.2,44.3,1
14876aec,Tamil Nadu,Salem,Highway,25.11,84,417,13.9,0,None,25.3,4,30.4,Partial,56.1,45.8,0
3d656d3e,Odisha,Rourkela,Power Transmission,11.22,123,1109,83.9,1,Under Hearing,48.9,1,16.9,Full,26.9,60.6,1
30d34d64,Tamil Nadu,Coimbatore,Highway,26.43,46,1121,42.2,2,Stay Order,29.8,2,36.3,Full,74.5,24.0,1
9c7bfa87,West Bengal,Durgapur,Power Transmission,3.16,300,529,45.6,0,None,87.9,1,26.8,Partial,40.2,32.1,1
57fa6905,Tamil Nadu,Salem,Railway,22.08,5,593,54.2,0,None,52.4,1,25.4,Not Started,11.2,43.7,1
74c6129e,Maharashtra,Thane,Highway,7.92,40,293,87.5,0,None,17.4,1,29.7,Partial,60.2,40.7,0
727d75e9,Tamil Nadu,Chennai,Power Transmission,8.84,14,739,64.2,1,Under Hearing,65.3,3,60.1,Partial,67.5,49.4,1
9ae5b329,Uttar Pradesh,Meerut,Railway,3.72,203,627,61.7,1,Stay Order,77.0,3,9.8,Partial,18.2,28.1,1
de8b69e7,Gujarat,Ahmedabad,Railway,3.23,136,211,72.6,0,None,26.1,1,14.8,Full,69.2,42.5,0
19877a75,Rajasthan,Jodhpur,Railway,5.15,74,780,64.9,0,None,36.3,4,18.8,Partial,41.8,8.9,1
47c5de6c,Tamil Nadu,Madurai,Power Transmission,14.8,82,193,75.2,1,Under Hearing,27.2,2,76.0,Partial,68.3,20.4,1
d732afe8,Gujarat,Ahmedabad,Urban Development,59.13,73,197,10.0,0,None,50.4,2,22.4,Not Started,71.6,39.9,1
6f55adf7,Madhya Pradesh,Bhopal,Highway,2.13,66,1248,35.3,2,Resolved,72.2,2,17.1,Partial,60.3,13.2,0
c3657201,Bihar,Gaya,Railway,4.96,17,506,43.5,0,None,22.8,3,15.0,Partial,25.4,31.8,1
752f432c,Madhya Pradesh,Indore,Railway,47.33,352,1295,55.9,2,Under Hearing,18.7,1,39.1,Full,79.1,42.4,1
7b0eb099,Maharashtra,Pune,Industrial Corridor,8.6,13,938,80.9,1,Resolved,54.4,3,10.0,Not Started,42.1,44.8,1
d8836a57,Rajasthan,Kota,Highway,2.82,59,924,19.7,0,None,49.9,3,45.2,Not Started,65.6,42.0,1
e0865a09,Odisha,Bhubaneswar,Industrial Corridor,10.9,124,1292,27.9,1,Stay Order,41.8,2,34.6,Partial,50.2,53.3,1
d76af195,Karnataka,Belagavi,Power Transmission,375.74,6,1138,28.2,1,Stay Order,55.9,2,23.3,Partial,63.6,18.0,1
b9087a08,Karnataka,Mysuru,Railway,4.91,34,240,40.9,3,Resolved,36.8,3,16.9,Full,88.6,32.3,0
338abff1,Gujarat,Rajkot,Industrial Corridor,12.45,40,1351,70.0,0,None,36.3,1,11.7,Not Started,53.1,27.1,1
6aa4eb24,Uttar Pradesh,Lucknow,Railway,30.73,44,203,18.5,2,Resolved,71.8,0,35.4,Partial,77.1,10.4,0
1b7ee239,Maharashtra,Nagpur,Railway,18.87,51,1200,87.8,1,Under Hearing,72.8,2,9.3,Full,59.8,28.1,0
0e4ed35c,West Bengal,Kolkata,Irrigation,20.32,167,269,53.8,0,None,44.1,1,5.0,Full,78.8,30.6,0
7f57aae2,Odisha,Bhubaneswar,Urban Development,11.13,217,1320,93.2,0,None,49.5,2,12.1,Full,31.9,43.6,0
6d98b749,Odisha,Bhubaneswar,Power Transmission,16.16,24,1192,65.5,0,None,42.0,0,113.6,Partial,95.5,12.4,1
c9dce6af,Uttar Pradesh,Meerut,Industrial Corridor,8.93,75,1236,85.0,1,Under Hearing,46.9,3,13.3,Not Started,62.3,54.1,1
e7ee4194,Uttar Pradesh,Kanpur,Irrigation,16.3,971,799,83.0,2,Filed,26.6,1,42.5,Not Started,87.7,34.2,1
c4c8d36f,Tamil Nadu,Salem,Urban Development,45.49,125,934,45.1,0,None,54.8,2,45.1,Full,75.2,38.0,0
4502d2fd,Maharashtra,Aurangabad,Highway,26.04,18,934,43.9,1,Under Hearing,43.6,0,16.8,Full,76.2,42.0,0
45a65247,Madhya Pradesh,Jabalpur,Power Transmission,3.06,108,1482,46.1,1,Resolved,54.3,2,25.4,Full,68.3,17.3,0
d5d6309d,Gujarat,Ahmedabad,Industrial Corridor,29.77,17,283,40.9,0,None,64.5,4,4.8,Partial,81.9,32.2,0
7aff0dfb,Uttar Pradesh,Varanasi,Industrial Corridor,3.79,46,625,77.0,1,Under Hearing,33.4,4,13.7,Partial,12.6,38.1,0
75a761a3,Bihar,Gaya,Power Transmission,25.36,62,163,52.9,2,Under Hearing,89.9,2,32.8,Full,61.0,13.0,0
6da25afc,Maharashtra,Pune,Industrial Corridor,107.7,53,995,44.4,1,Under Hearing,33.8,1,17.9,Partial,90.9,58.7,1
cb13255c,Gujarat,Surat,Railway,12.15,11,850,60.0,0,None,61.5,4,42.8,Partial,40.9,57.7,1
26ef052d,Madhya Pradesh,Gwalior,Railway,49.87,55,838,81.1,1,Resolved,44.4,4,30.3,Partial,66.4,29.7,1
db5675d5,Tamil Nadu,Coimbatore,Urban Development,6.71,6,235,68.3,0,None,44.3,1,57.2,Partial,65.9,36.9,1
bdc7f72c,Uttar Pradesh,Varanasi,Industrial Corridor,21.37,83,1321,25.7,1,Resolved,50.0,3,23.6,Partial,63.7,20.1,0
bef0a950,Rajasthan,Jodhpur,Railway,24.54,20,771,78.9,1,Resolved,37.2,6,14.9,Full,69.2,27.6,0
f13bd6fd,Odisha,Rourkela,Irrigation,114.55,49,1475,66.0,1,Filed,70.5,5,47.7,Full,37.0,31.8,1
7a064ba3,Uttar Pradesh,Kanpur,Railway,59.48,156,773,28.7,1,Under Hearing,51.0,4,18.3,Full,82.1,41.2,0
1f56e1a4,Tamil Nadu,Madurai,Urban Development,1.3,745,133,77.8,1,Under Hearing,15.6,4,58.6,Not Started,87.6,43.8,1
db9d4551,Gujarat,Surat,Railway,13.87,41,766,45.2,0,None,31.5,2,34.6,Not Started,26.9,27.0,1
3a08b9c6,Odisha,Bhubaneswar,Industrial Corridor,12.25,420,571,78.6,1,Filed,56.6,2,41.8,Full,47.8,28.0,1
f0e40ec3,Maharashtra,Nashik,Industrial Corridor,8.57,87,875,62.3,0,None,78.4,2,16.4,Full,68.1,33.3,0
dbcfbbc1,Gujarat,Ahmedabad,Highway,6.74,27,868,73.2,0,None,38.6,3,49.3,Full,51.5,20.3,0
624164e8,Uttar Pradesh,Agra,Industrial Corridor,3.57,58,615,43.8,1,Filed,26.4,3,32.0,Not Started,96.4,28.8,1
2a15b52a,Uttar Pradesh,Varanasi,Railway,8.68,562,666,91.6,0,None,22.3,0,34.8,Partial,29.8,30.2,0
897ea6eb,Uttar Pradesh,Varanasi,Highway,50.17,11,46,53.2,2,Resolved,41.6,3,3.8,Partial,72.0,48.6,0
2b847cc5,West Bengal,Howrah,Urban Development,6.69,35,891,42.0,1,Under Hearing,28.7,6,29.9,Partial,33.1,51.2,1
3ca58e90,Uttar Pradesh,Lucknow,Irrigation,6.76,31,556,20.8,0,None,21.0,3,23.5,Partial,19.5,38.5,1
dfff53cf,Karnataka,Mysuru,Power Transmission,118.83,23,835,84.7,1,Filed,87.0,5,33.2,Partial,17.3,9.9,0
60ed8918,Tamil Nadu,Salem,Industrial Corridor,6.04,182,158,17.6,2,Under Hearing,35.5,1,9.8,Full,48.6,10.2,1
10307874,Rajasthan,Kota,Irrigation,4.07,86,417,46.1,0,None,24.5,0,54.8,Partial,67.6,46.5,1
0d8b449d,Rajasthan,Udaipur,Irrigation,5.49,8,873,30.6,0,None,65.8,1,24.5,Partial,58.7,32.1,1
97c6a078,Madhya Pradesh,Jabalpur,Highway,14.63,41,1205,22.1,1,Under Hearing,22.2,6,18.1,Partial,74.1,62.1,1
2444ddb0,Karnataka,Mysuru,Irrigation,5.5,114,1317,69.8,0,None,78.4,6,9.7,Full,85.3,47.7,0
a44b76ca,Madhya Pradesh,Indore,Railway,13.81,145,233,54.4,0,None,57.5,1,48.2,Full,55.5,23.5,1
ccd3d69b,Rajasthan,Udaipur,Power Transmission,17.25,44,1420,11.7,1,Under Hearing,30.7,7,9.4,Not Started,33.8,17.9,1
e43cc706,West Bengal,Howrah,Highway,1.59,21,98,63.9,2,Resolved,32.5,3,62.7,Partial,13.0,5.8,0
fd440c8c,Karnataka,Mysuru,Power Transmission,9.24,25,198,33.9,1,Filed,51.5,2,14.2,Full,65.2,60.7,0
9866ccdf,Rajasthan,Kota,Highway,17.58,42,584,48.6,0,None,50.4,3,19.0,Not Started,17.5,41.5,1
448a54be,Rajasthan,Kota,Industrial Corridor,94.15,30,551,73.4,1,Under Hearing,54.1,0,11.0,Partial,73.4,28.9,1
40cc673d,Tamil Nadu,Salem,Power Transmission,8.34,43,51,82.1,3,Filed,32.1,4,23.7,Full,61.7,37.4,0
d0bab4dd,Karnataka,Belagavi,Railway,15.59,25,258,92.6,1,Filed,62.0,0,2.3,Full,46.4,22.7,0
85eeca44,Bihar,Muzaffarpur,Power Transmission,46.0,40,815,26.1,1,Filed,58.4,3,63.0,Not Started,46.9,44.6,1
28751982,Bihar,Patna,Power Transmission,1.68,14,1441,30.5,1,Resolved,25.0,3,30.4,Not Started,32.3,40.6,1
ab74f0c4,Odisha,Bhubaneswar,Urban Development,45.97,45,520,39.7,1,Resolved,36.4,0,48.5,Full,74.5,5.0,1
036ac56c,Maharashtra,Pune,Urban Development,80.18,80,152,88.8,1,Filed,32.6,1,30.7,Full,83.0,51.0,0
140129fa,Gujarat,Surat,Urban Development,7.06,334,353,93.6,0,None,55.1,3,45.6,Not Started,89.2,24.2,1
3b37631d,Rajasthan,Jaipur,Power Transmission,9.55,64,1426,57.8,1,Resolved,49.8,1,73.4,Not Started,53.0,53.8,0
09ce5bfb,Gujarat,Ahmedabad,Industrial Corridor,9.09,5,301,84.6,0,None,65.7,2,96.0,Partial,23.5,55.9,1
f44de958,Odisha,Bhubaneswar,Industrial Corridor,1.89,644,1354,87.2,0,None,51.8,2,26.7,Not Started,86.5,14.3,1
83f96458,Karnataka,Belagavi,Power Transmission,12.69,109,374,73.5,1,Filed,48.7,3,11.2,Not Started,65.8,39.0,0
9bdb9a7b,Rajasthan,Kota,Urban Development,13.47,599,250,47.3,2,Filed,44.3,4,13.1,Not Started,83.6,43.9,1
f322e042,West Bengal,Howrah,Power Transmission,32.01,21,762,53.5,1,Filed,79.8,3,30.3,Partial,62.2,39.5,0
e2eed2d1,Tamil Nadu,Madurai,Power Transmission,4.48,171,839,18.3,2,Under Hearing,27.0,2,40.7,Full,42.6,44.9,1
a5966ab9,Uttar Pradesh,Lucknow,Railway,22.31,49,1487,68.5,4,Stay Order,49.4,3,15.7,Partial,72.4,5.0,1
b4409ec2,Tamil Nadu,Salem,Urban Development,1.58,89,1161,70.4,0,None,52.6,1,6.9,Partial,55.4,16.8,1
d2b22540,Odisha,Rourkela,Power Transmission,8.08,77,1394,72.9,1,Under Hearing,54.1,2,14.3,Not Started,50.3,24.0,0
1247e4c8,Madhya Pradesh,Bhopal,Highway,6.83,16,1197,31.2,1,Filed,70.4,1,11.7,Not Started,64.9,36.4,0
7f097e88,Tamil Nadu,Coimbatore,Irrigation,30.7,89,1440,73.2,0,None,35.4,3,20.9,Full,52.1,47.1,1
78eb88c1,Uttar Pradesh,Agra,Power Transmission,26.82,24,127,72.1,2,Filed,42.9,1,10.5,Partial,66.6,47.8,0
1b395b53,Uttar Pradesh,Varanasi,Power Transmission,2.17,13,1165,68.3,1,Filed,40.6,2,41.8,Partial,19.8,25.0,1
ba133693,Maharashtra,Nashik,Industrial Corridor,11.47,17,553,69.1,0,None,45.4,5,53.1,Full,46.0,27.3,1
88e648e9,West Bengal,Howrah,Irrigation,3.4,12,1385,90.3,2,Under Hearing,61.7,2,11.9,Partial,52.7,42.4,0
6c5cd4a7,West Bengal,Siliguri,Railway,34.99,37,965,80.1,0,None,4.3,5,29.3,Partial,54.6,38.6,1
b499d0f5,Maharashtra,Thane,Railway,10.45,104,1301,53.7,1,Filed,74.2,3,8.2,Full,62.1,37.4,1
8e58cb06,Karnataka,Mysuru,Industrial Corridor,12.25,37,788,88.5,1,Under Hearing,29.8,8,11.5,Full,71.3,49.0,1
6d24663e,Karnataka,Mysuru,Industrial Corridor,6.08,36,203,81.5,0,None,15.5,3,25.7,Full,91.7,29.2,1
76c6afd9,Rajasthan,Jodhpur,Power Transmission,26.02,47,769,60.3,0,None,71.0,3,36.8,Full,48.5,49.5,0
7f3c2a24,Madhya Pradesh,Jabalpur,Railway,22.23,423,215,64.7,2,Filed,47.2,2,9.9,Full,63.1,37.2,1
35a18c89,Tamil Nadu,Chennai,Irrigation,15.9,84,108,4.3,5,Filed,82.4,2,31.5,Not Started,52.3,57.6,1
26b0ac18,Karnataka,Bengaluru,Power Transmission,14.11,243,524,72.6,0,None,69.3,1,27.3,Full,35.8,42.9,0
34eb582c,West Bengal,Howrah,Highway,23.69,63,783,43.3,0,None,23.0,1,74.3,Partial,71.0,63.2,1
39bb39f8,Bihar,Bhagalpur,Urban Development,11.79,310,1487,89.1,0,None,5.6,4,46.4,Full,20.5,34.9,0
15338345,West Bengal,Howrah,Highway,35.22,33,1445,61.3,1,Filed,31.2,1,13.1,Partial,35.5,31.9,0
73936d2e,West Bengal,Kolkata,Power Transmission,3.76,653,877,50.8,1,Stay Order,49.5,1,56.1,Full,40.2,29.3,1
3adf99e7,Maharashtra,Aurangabad,Irrigation,24.41,24,87,51.4,1,Under Hearing,20.1,6,68.8,Full,51.0,29.3,1
140ab484,West Bengal,Kolkata,Railway,3.5,121,707,29.9,1,Filed,91.3,5,28.1,Partial,65.4,34.8,1
1fc14ce0,Odisha,Cuttack,Railway,6.82,25,663,74.7,0,None,87.4,1,8.7,Partial,32.1,31.0,0
a4a2d051,Uttar Pradesh,Agra,Urban Development,4.92,13,944,47.4,1,Stay Order,67.3,1,18.9,Full,24.7,61.3,0
edf0468a,Gujarat,Rajkot,Power Transmission,4.15,65,1455,51.4,1,Resolved,53.5,4,26.9,Not Started,77.4,46.7,1
0baaae81,Bihar,Gaya,Industrial Corridor,10.8,508,30,27.2,0,None,56.4,2,33.7,Partial,30.4,59.1,1
b5e1619b,Maharashtra,Nashik,Railway,23.55,20,454,52.1,0,None,59.0,2,11.5,Partial,19.6,47.7,0
501f7462,West Bengal,Durgapur,Industrial Corridor,7.54,412,1497,67.9,1,Filed,39.7,5,13.6,Full,22.8,26.2,1
07405218,Odisha,Rourkela,Irrigation,1.24,12,559,66.7,1,Under Hearing,12.5,4,18.3,Partial,28.8,51.9,1
304444ff,Tamil Nadu,Salem,Highway,11.59,51,1282,47.5,0,None,81.1,5,29.4,Partial,38.2,33.5,0
2604fd15,Maharashtra,Nashik,Power Transmission,37.41,10,1467,41.8,1,Filed,43.4,0,28.9,Partial,32.8,13.4,1
90d09554,Odisha,Cuttack,Urban Development,99.52,26,745,32.2,0,None,47.9,3,20.1,Partial,55.5,54.3,1
524fd0a7,Gujarat,Ahmedabad,Railway,29.24,38,1392,29.6,0,None,27.0,0,93.7,Not Started,46.8,56.6,1
ebca8921,Bihar,Patna,Irrigation,12.13,144,306,24.1,0,None,29.0,0,17.4,Not Started,90.0,26.4,1
390a6827,Tamil Nadu,Salem,Urban Development,0.99,52,1409,62.6,1,Under Hearing,59.9,1,16.8,Full,67.0,57.0,1
7ec6c47e,Bihar,Patna,Power Transmission,19.59,279,110,67.8,1,Under Hearing,63.9,1,6.0,Partial,62.4,5.0,0
8dbf057f,Bihar,Gaya,Railway,11.93,132,393,79.4,0,None,30.8,3,21.5,Full,75.5,33.5,1
2dabbf04,Bihar,Patna,Irrigation,9.67,34,165,2.5,1,Filed,31.1,3,45.1,Partial,79.7,25.8,1
c5bd80ef,Rajasthan,Kota,Urban Development,9.95,323,1430,65.2,1,Stay Order,77.4,5,47.9,Not Started,57.3,30.4,1
d191fd2c,Odisha,Cuttack,Industrial Corridor,11.0,106,533,60.8,0,None,39.4,3,68.8,Partial,30.5,36.3,1
7421f0b5,Tamil Nadu,Coimbatore,Highway,14.01,23,500,26.4,0,None,78.8,1,21.0,Not Started,65.9,39.9,1
dc6759a1,Uttar Pradesh,Kanpur,Highway,4.52,28,788,37.6,1,Filed,40.4,4,9.2,Partial,82.4,62.2,1
70402397,Odisha,Cuttack,Power Transmission,11.88,9,1200,86.0,0,None,32.7,3,45.7,Full,74.5,33.0,1
4e9d218a,Odisha,Cuttack,Railway,17.28,28,1468,74.2,1,Under Hearing,28.3,5,47.2,Full,55.3,34.6,0
952cbebb,Maharashtra,Nagpur,Railway,31.21,169,144,43.6,0,None,46.1,5,39.4,Full,63.8,52.8,1
1685ce1d,Tamil Nadu,Salem,Irrigation,1.3,305,640,35.4,1,Resolved,26.4,2,13.1,Full,55.4,46.7,0
f796df15,Bihar,Muzaffarpur,Irrigation,15.51,24,1254,37.9,1,Resolved,62.4,1,52.0,Full,86.3,22.2,0
a67a0d46,Tamil Nadu,Salem,Urban Development,10.14,114,253,82.8,0,None,23.7,1,43.9,Partial,38.8,41.7,0
97d4a3ec,West Bengal,Howrah,Railway,62.48,7,812,56.9,0,None,26.5,2,12.8,Full,62.7,48.2,0
947dac32,Karnataka,Hubballi,Highway,19.8,22,822,32.4,1,Under Hearing,78.2,1,22.3,Full,37.2,42.0,0
787c3fa2,Bihar,Patna,Urban Development,12.38,4,457,43.7,1,Filed,50.9,3,56.3,Not Started,89.6,16.9,1
e179b428,West Bengal,Durgapur,Industrial Corridor,2.59,32,1475,62.8,2,Filed,32.9,3,17.5,Partial,63.2,47.2,1
c88618e1,Uttar Pradesh,Varanasi,Urban Development,11.65,320,615,57.3,0,None,41.6,3,69.4,Not Started,65.1,56.0,1
8b982d0a,Bihar,Muzaffarpur,Power Transmission,6.92,5,653,11.3,2,Resolved,87.6,3,56.3,Partial,60.8,19.3,0
62a58a04,Rajasthan,Udaipur,Railway,13.15,70,1023,53.2,0,None,97.4,0,35.8,Not Started,47.1,30.4,1
6f37b805,Bihar,Muzaffarpur,Railway,9.3,26,1187,76.0,0,None,22.9,2,30.8,Full,36.4,40.6,0
94bdafad,Maharashtra,Nashik,Highway,65.95,28,979,58.3,3,Under Hearing,61.0,2,40.2,Full,24.9,43.3,1
3097bc48,Uttar Pradesh,Meerut,Railway,3.11,108,454,39.6,0,None,68.0,2,73.4,Full,95.7,22.0,0
3ff56ada,Odisha,Bhubaneswar,Irrigation,14.66,16,112,30.8,0,None,4.2,2,12.5,Not Started,70.0,60.4,1
f70c1b69,West Bengal,Durgapur,Highway,20.75,54,1456,32.4,0,None,55.4,4,8.6,Full,66.2,5.0,1
5ff41190,Bihar,Gaya,Irrigation,32.04,18,475,41.2,0,None,15.9,5,11.4,Full,52.9,31.4,0
fe8227dc,Tamil Nadu,Salem,Urban Development,6.13,43,619,14.5,0,None,60.6,3,58.3,Full,91.1,80.0,0
c18ae803,Bihar,Muzaffarpur,Highway,4.39,74,670,64.8,1,Filed,82.7,4,9.3,Partial,78.9,67.2,1
3345a6da,West Bengal,Howrah,Power Transmission,52.02,155,1320,45.6,2,Under Hearing,65.1,1,9.4,Partial,86.4,29.5,0
900f847a,Gujarat,Vadodara,Urban Development,15.57,21,199,32.0,0,None,44.7,0,40.5,Partial,43.9,52.1,1
beb2549d,Maharashtra,Nashik,Railway,9.62,67,757,13.6,0,None,65.6,3,19.3,Partial,78.8,27.6,0
c89c68fa,Uttar Pradesh,Varanasi,Railway,36.85,14,1147,40.4,0,None,65.4,4,27.2,Partial,39.6,5.0,1
64b219e1,Madhya Pradesh,Indore,Industrial Corridor,6.1,80,397,30.9,1,Resolved,61.6,3,47.7,Full,59.2,31.7,1
fa7ba840,Odisha,Cuttack,Power Transmission,22.77,196,667,73.9,0,None,79.4,3,13.1,Full,52.2,18.2,0
4d5f6f7c,Maharashtra,Pune,Power Transmission,74.99,79,262,59.1,1,Under Hearing,46.3,1,29.5,Partial,53.9,47.2,1
87d9a03a,Rajasthan,Jodhpur,Highway,9.82,101,1082,86.5,1,Resolved,57.5,1,33.5,Not Started,39.2,27.1,1
05660530,Madhya Pradesh,Gwalior,Industrial Corridor,10.48,270,1223,22.5,0,None,23.6,4,35.9,Not Started,34.3,50.5,1
2cb87b7b,Rajasthan,Jaipur,Industrial Corridor,5.61,77,1488,86.0,1,Filed,68.9,3,18.6,Full,67.4,31.9,0
3322ba6d,Odisha,Bhubaneswar,Highway,24.07,48,1372,33.7,0,None,43.4,2,52.4,Full,54.1,34.5,1
69dda9be,Gujarat,Rajkot,Urban Development,102.49,8,889,83.3,0,None,50.7,0,39.8,Not Started,23.1,48.4,0
9f3d15ec,Bihar,Patna,Irrigation,3.83,239,288,87.8,1,Filed,29.8,6,46.6,Partial,64.6,61.7,1
17286187,Maharashtra,Aurangabad,Railway,27.91,35,1170,56.0,1,Resolved,62.8,4,32.0,Full,43.5,34.4,0
65f91018,Maharashtra,Thane,Irrigation,4.07,42,714,38.2,1,Under Hearing,26.8,1,21.7,Partial,73.2,12.8,1
d933a3d1,Odisha,Bhubaneswar,Railway,5.06,47,1118,51.1,0,None,63.5,0,24.7,Full,61.0,5.0,0
021c1764,Bihar,Patna,Railway,15.55,127,243,31.3,1,Stay Order,35.7,1,14.0,Not Started,42.4,48.6,1
6128bc74,Bihar,Patna,Urban Development,15.06,81,610,60.2,0,None,64.8,2,61.7,Full,61.5,35.2,0
16ecad8f,Maharashtra,Nagpur,Irrigation,14.1,153,1157,56.1,2,Stay Order,53.4,3,23.3,Not Started,82.0,16.9,1
0d889d36,Rajasthan,Jodhpur,Industrial Corridor,32.6,11,1249,23.9,0,None,40.7,0,28.2,Partial,90.4,50.6,1
bf5ab85e,Odisha,Bhubaneswar,Irrigation,36.93,175,446,21.1,0,None,31.4,4,18.7,Not Started,39.5,20.8,1
751736f7,Odisha,Cuttack,Industrial Corridor,15.99,61,856,65.6,2,Under Hearing,47.0,2,16.7,Not Started,45.0,29.0,1
cfda265b,Rajasthan,Jodhpur,Industrial Corridor,14.53,35,877,74.6,0,None,45.2,2,28.4,Partial,62.7,44.7,0
65a892a1,Gujarat,Rajkot,Industrial Corridor,8.23,51,126,59.2,0,None,74.7,4,16.5,Full,53.1,39.7,1
a0265d8a,Uttar Pradesh,Kanpur,Power Transmission,8.24,1,239,24.9,0,None,30.0,3,36.5,Partial,29.3,43.7,1
fdf8c90e,Karnataka,Belagavi,Urban Development,13.9,181,87,77.0,1,Resolved,41.7,3,18.1,Not Started,79.1,10.7,0
b9022404,Bihar,Gaya,Irrigation,3.53,40,947,25.4,0,None,50.0,3,52.0,Full,75.6,33.0,1
ec3b5865,Bihar,Bhagalpur,Power Transmission,30.31,85,140,67.1,0,None,58.2,3,30.1,Not Started,53.3,21.3,1
f638d786,Odisha,Bhubaneswar,Irrigation,17.65,220,654,60.8,0,None,17.3,3,9.4,Partial,22.8,29.9,1
73e142d3,Bihar,Patna,Industrial Corridor,5.86,227,840,69.8,0,None,50.3,1,58.2,Partial,23.0,37.0,0
cf4d387e,Uttar Pradesh,Lucknow,Power Transmission,16.55,31,656,81.1,0,None,79.8,0,19.9,Full,42.2,33.7,0
8500f140,Karnataka,Hubballi,Irrigation,0.61,34,795,10.4,0,None,75.6,0,35.8,Partial,92.3,34.6,0
6a08e847,Rajasthan,Jaipur,Industrial Corridor,1.41,237,462,67.5,1,Filed,63.4,2,9.4,Partial,32.5,64.0,0
388fd529,Madhya Pradesh,Bhopal,Railway,6.63,125,822,3.6,0,None,33.5,2,14.8,Not Started,43.7,5.0,0
fe90b88f,Uttar Pradesh,Lucknow,Urban Development,7.28,35,46,49.0,1,Under Hearing,55.9,2,54.7,Full,55.1,23.1,1
ab6c6ea5,Tamil Nadu,Chennai,Urban Development,23.61,155,1193,46.9,1,Filed,65.0,2,36.3,Not Started,42.3,14.7,1
0948cb90,Rajasthan,Jodhpur,Industrial Corridor,6.83,50,149,35.1,2,Under Hearing,14.8,1,34.0,Full,69.7,53.6,0
38c2df5c,West Bengal,Durgapur,Railway,7.02,25,841,44.6,0,None,58.1,4,21.9,Full,59.4,36.7,0
a74185cd,Madhya Pradesh,Gwalior,Urban Development,11.63,10,538,63.1,0,None,15.3,0,21.3,Partial,87.3,11.3,1
9a9f604c,Maharashtra,Aurangabad,Industrial Corridor,23.49,12,1216,45.3,1,Under Hearing,55.1,2,78.1,Partial,86.7,11.2,1
cacce03a,Bihar,Bhagalpur,Power Transmission,2.02,84,675,18.6,3,Under Hearing,39.3,0,59.8,Full,26.8,51.0,1
4757dff2,Odisha,Rourkela,Power Transmission,3.37,28,1263,74.7,2,Resolved,35.1,3,65.0,Not Started,28.3,17.0,1
1ceb2dc4,Uttar Pradesh,Agra,Urban Development,71.2,49,568,42.2,2,Under Hearing,43.8,1,27.6,Full,75.6,34.2,0
361f36cb,Uttar Pradesh,Agra,Railway,6.95,9,1320,56.7,1,Under Hearing,53.7,5,44.5,Partial,68.8,33.5,1
f95d6ea7,Odisha,Bhubaneswar,Industrial Corridor,10.17,7,433,41.7,0,None,35.5,3,72.4,Partial,59.5,58.2,1
30d8f76e,Madhya Pradesh,Gwalior,Urban Development,82.92,47,611,78.1,1,Under Hearing,71.9,1,39.0,Not Started,52.4,53.3,1
ad5da228,Karnataka,Hubballi,Urban Development,5.4,70,394,78.4,1,Under Hearing,33.8,2,22.0,Partial,79.7,43.7,1
04f9f82b,Tamil Nadu,Salem,Highway,22.79,19,879,62.5,1,Resolved,23.1,0,48.7,Not Started,78.9,46.9,1
0a2826c8,Odisha,Cuttack,Urban Development,15.41,65,1237,37.6,0,None,46.0,3,59.3,Full,86.4,65.5,1
83722180,Karnataka,Mysuru,Urban Development,40.5,29,494,89.7,1,Filed,32.9,3,32.0,Full,89.8,32.1,1
98ac4ebc,Tamil Nadu,Salem,Industrial Corridor,15.78,12,1210,33.3,0,None,65.8,2,2.8,Full,38.1,24.8,0
07ce0023,Odisha,Rourkela,Urban Development,51.0,32,1470,34.2,1,Filed,64.8,3,16.6,Not Started,70.7,39.5,1
654fa54f,West Bengal,Kolkata,Urban Development,89.67,29,1382,46.9,1,Filed,50.4,2,15.6,Partial,40.9,16.2,0
f5f03866,Tamil Nadu,Madurai,Power Transmission,28.91,28,1376,40.6,2,Stay Order,61.6,3,6.3,Full,70.8,30.0,1
79149679,Gujarat,Rajkot,Railway,19.2,118,916,35.7,0,None,44.1,4,49.1,Partial,76.1,36.1,1
0356ed82,Madhya Pradesh,Bhopal,Irrigation,41.7,12,856,57.7,0,None,69.5,3,55.8,Full,20.0,55.0,1
7511a15b,Rajasthan,Jodhpur,Railway,6.65,27,401,80.3,0,None,72.1,1,65.6,Partial,75.2,50.2,1
eab6f698,West Bengal,Kolkata,Irrigation,7.45,34,310,77.3,0,None,50.2,7,36.3,Full,43.1,50.8,1
46131272,Bihar,Gaya,Urban Development,14.65,18,701,67.0,1,Filed,50.4,4,12.3,Partial,51.5,62.8,1
f9b2ee09,Tamil Nadu,Salem,Power Transmission,40.22,175,840,41.5,0,None,51.0,2,13.9,Partial,51.6,29.5,1
56b5ea03,Uttar Pradesh,Meerut,Irrigation,10.84,178,469,60.7,0,None,17.2,0,35.8,Full,21.1,19.2,1
4d0c06e9,Gujarat,Ahmedabad,Urban Development,5.08,37,544,85.6,0,None,33.3,3,12.9,Full,58.5,34.7,1
43c124b7,Uttar Pradesh,Meerut,Highway,16.89,37,404,72.4,0,None,36.9,0,36.9,Partial,81.7,49.8,1
308aaaea,Rajasthan,Jaipur,Power Transmission,80.06,55,867,86.8,1,Filed,87.4,3,80.5,Not Started,39.9,49.4,0
83c45bbe,Bihar,Muzaffarpur,Industrial Corridor,6.25,82,1480,57.0,2,Filed,90.6,5,68.4,Full,84.6,20.0,1
5e1a52ac,Karnataka,Belagavi,Power Transmission,19.92,69,1182,21.1,1,Filed,21.0,5,49.2,Not Started,77.2,25.4,1
f0dabad3,Bihar,Gaya,Industrial Corridor,11.09,34,817,76.8,1,Filed,61.6,1,24.3,Not Started,37.4,13.2,1
1c8c6310,Rajasthan,Jodhpur,Power Transmission,6.0,131,555,51.3,1,Filed,69.7,3,19.2,Partial,84.9,52.9,0
51d2a4a3,Odisha,Cuttack,Railway,6.69,33,1308,42.5,0,None,41.7,3,27.5,Full,28.8,19.6,0
d729964c,Madhya Pradesh,Indore,Urban Development,111.43,188,633,37.1,2,Resolved,68.2,2,8.5,Partial,62.7,37.4,0
9fae598f,Karnataka,Belagavi,Industrial Corridor,2.89,28,362,32.5,1,Filed,63.3,3,39.6,Partial,36.4,24.6,0
cd0fcf4f,Madhya Pradesh,Jabalpur,Industrial Corridor,21.84,27,1073,55.3,0,None,67.9,2,43.3,Not Started,62.7,30.5,1
3393f90c,Bihar,Bhagalpur,Power Transmission,9.21,29,1392,68.8,0,None,29.4,2,15.1,Not Started,85.5,40.6,0
1e334d23,Tamil Nadu,Chennai,Highway,5.0,16,572,19.4,0,None,62.9,2,58.5,Partial,12.0,34.3,1
c812cdb6,Gujarat,Ahmedabad,Urban Development,6.01,59,1324,79.3,1,Stay Order,78.1,5,9.1,Partial,73.7,8.3,1
7db100f4,Maharashtra,Nashik,Irrigation,6.9,138,255,23.5,1,Filed,26.3,3,36.6,Not Started,38.8,24.5,1
5828a61e,Madhya Pradesh,Jabalpur,Irrigation,3.61,22,1097,58.6,0,None,25.6,0,10.9,Not Started,83.7,10.8,1
b690ba01,Madhya Pradesh,Jabalpur,Power Transmission,58.97,110,1192,55.6,2,Stay Order,60.2,3,47.1,Not Started,66.1,50.7,1
57c8acfa,Karnataka,Mysuru,Urban Development,14.52,9,535,50.0,0,None,72.6,0,14.8,Not Started,81.3,40.9,1
4dfc5134,Bihar,Patna,Highway,9.68,391,286,23.1,3,Under Hearing,62.2,4,17.2,Not Started,39.4,18.4,1
f6efdba7,Bihar,Bhagalpur,Urban Development,13.41,26,1202,79.3,0,None,50.6,1,39.8,Full,92.2,34.3,0
47e50d05,Karnataka,Mysuru,Power Transmission,9.7,12,1041,46.2,2,Under Hearing,32.8,1,12.2,Not Started,67.3,34.6,1
ad9fe096,West Bengal,Durgapur,Industrial Corridor,46.54,71,218,28.5,0,None,49.9,1,56.3,Full,97.1,20.0,0
6e799155,Odisha,Rourkela,Irrigation,8.53,83,1276,16.1,0,None,66.0,2,56.2,Partial,70.2,29.0,0
82581327,Rajasthan,Jaipur,Irrigation,8.07,40,276,2.6,0,None,54.5,1,75.2,Full,91.2,44.6,0
b2e94077,Bihar,Muzaffarpur,Highway,8.45,23,1062,37.8,1,Under Hearing,72.0,2,61.7,Not Started,61.4,30.6,1
a0c94b2e,Karnataka,Mysuru,Urban Development,23.95,105,396,20.0,0,None,55.6,2,64.8,Partial,66.8,30.8,0
74b60065,West Bengal,Howrah,Urban Development,5.31,74,347,32.6,3,Filed,86.9,2,47.7,Partial,67.8,12.9,0
e641d0ef,Odisha,Rourkela,Urban Development,97.37,95,1364,65.8,2,Stay Order,58.4,2,14.0,Full,68.7,32.7,1
7be80ca4,Gujarat,Surat,Industrial Corridor,6.36,37,1373,68.6,1,Filed,47.7,3,33.2,Not Started,24.7,65.5,1
f2d3c0c9,Madhya Pradesh,Jabalpur,Railway,7.27,44,772,56.5,0,None,64.6,4,59.4,Partial,25.5,56.5,1
02ada2cb,Bihar,Bhagalpur,Highway,11.57,96,959,29.2,1,Resolved,12.6,1,30.4,Full,79.6,34.6,0
6dd71e82,Bihar,Patna,Highway,3.26,28,1194,35.8,2,Under Hearing,24.0,3,24.3,Full,46.6,18.1,1
4e5d9c4c,Rajasthan,Kota,Industrial Corridor,18.97,57,1051,77.5,0,None,26.3,4,19.8,Partial,79.9,13.1,1
ed72ab9d,Bihar,Muzaffarpur,Urban Development,8.77,122,862,45.4,1,Under Hearing,45.8,4,10.1,Not Started,47.9,24.1,1
f0b463a0,Madhya Pradesh,Bhopal,Power Transmission,31.05,50,118,69.2,1,Resolved,40.6,2,9.7,Partial,15.8,68.1,0
129ce153,Odisha,Bhubaneswar,Irrigation,30.34,116,1108,34.0,0,None,56.6,3,53.8,Full,76.2,5.0,0
8203c9bd,Odisha,Rourkela,Irrigation,22.81,23,129,80.8,0,None,67.0,1,113.8,Partial,85.8,38.5,1
532150b1,Odisha,Rourkela,Irrigation,22.72,22,316,54.8,0,None,45.0,0,5.6,Full,29.4,42.0,1
bae710ba,Karnataka,Belagavi,Industrial Corridor,6.56,40,1095,55.9,1,Stay Order,33.1,3,43.9,Partial,19.4,27.6,1
da125dd0,Bihar,Patna,Industrial Corridor,10.28,35,230,44.0,2,Filed,40.8,3,46.6,Partial,61.8,31.4,1
5c076565,West Bengal,Howrah,Railway,7.4,114,632,11.1,0,None,16.6,5,30.6,Partial,72.1,42.9,1
a7ab1771,Tamil Nadu,Madurai,Highway,9.56,227,788,77.4,3,Under Hearing,32.4,1,24.3,Partial,67.3,30.9,1
62eb722b,Madhya Pradesh,Gwalior,Highway,38.14,6,370,39.2,2,Under Hearing,81.3,1,20.8,Full,66.6,25.9,1
c968522d,Maharashtra,Thane,Power Transmission,29.11,3,1432,58.0,0,None,63.4,0,24.5,Partial,8.3,24.5,0
f1d62d98,Tamil Nadu,Chennai,Irrigation,21.45,25,256,71.4,0,None,35.2,1,58.0,Partial,70.4,35.1,1
7ccf81af,Gujarat,Vadodara,Railway,29.07,21,271,63.3,0,None,17.2,2,42.4,Full,60.8,46.5,0
350c2cbb,Tamil Nadu,Coimbatore,Power Transmission,7.27,22,697,52.4,0,None,46.0,2,20.7,Partial,39.2,8.4,1
bc27d2e7,Tamil Nadu,Coimbatore,Irrigation,4.39,43,100,41.7,1,Filed,28.6,3,24.2,Partial,72.3,11.4,0
a0d6684e,Odisha,Bhubaneswar,Highway,21.55,22,76,31.6,0,None,30.3,1,11.2,Full,42.3,17.4,1
d031cd96,Tamil Nadu,Madurai,Irrigation,13.22,23,842,50.7,1,Filed,66.8,3,17.6,Not Started,68.1,15.8,1
21418c3f,Bihar,Bhagalpur,Irrigation,18.83,654,1149,75.0,0,None,64.2,1,53.0,Partial,21.5,23.5,1
99a47f15,West Bengal,Kolkata,Irrigation,11.17,57,736,76.9,0,None,59.2,1,5.5,Partial,85.0,8.9,0
3eb90784,Madhya Pradesh,Indore,Urban Development,133.2,528,1209,34.5,1,Filed,61.8,2,67.3,Partial,53.0,22.6,1
03b10fef,Gujarat,Ahmedabad,Railway,11.18,43,894,53.1,0,None,34.5,3,29.5,Full,30.4,12.6,0
39893bcb,Tamil Nadu,Madurai,Power Transmission,32.61,58,1265,45.3,0,None,71.9,7,42.5,Full,85.1,24.1,1
bbef5f9c,Karnataka,Hubballi,Irrigation,50.6,89,229,41.8,1,Stay Order,61.8,1,57.1,Partial,61.2,24.3,0
13463083,Tamil Nadu,Madurai,Highway,10.1,66,428,38.8,0,None,40.0,5,48.4,Partial,47.8,50.4,1
46a56489,Tamil Nadu,Salem,Railway,4.63,114,435,6.5,1,Filed,49.3,2,31.5,Partial,28.1,45.2,1
6b811f96,Bihar,Patna,Power Transmission,20.17,134,1455,9.4,3,Under Hearing,39.5,3,33.8,Full,27.7,46.2,1
1b61ea37,West Bengal,Durgapur,Power Transmission,95.6,33,65,83.7,1,Resolved,63.5,3,6.9,Not Started,82.2,49.3,0
4e968761,Maharashtra,Thane,Industrial Corridor,15.36,29,1470,46.5,2,Resolved,16.0,3,15.2,Not Started,47.0,53.4,1
1db3b8f5,Rajasthan,Udaipur,Highway,4.11,53,867,78.4,0,None,12.2,2,23.6,Not Started,30.3,31.8,1
65d831f1,Tamil Nadu,Madurai,Urban Development,6.09,15,484,32.3,0,None,22.7,5,20.1,Full,47.0,28.8,1
a93374e2,West Bengal,Howrah,Power Transmission,105.6,78,1318,83.3,2,Under Hearing,26.7,3,24.3,Full,98.8,37.0,0
ee250d3c,Odisha,Rourkela,Highway,14.21,31,1435,73.8,1,Stay Order,31.7,3,52.5,Not Started,56.1,23.8,1
5b9e31ce,Rajasthan,Udaipur,Industrial Corridor,63.03,35,611,66.9,0,None,2.1,1,21.2,Partial,25.2,57.3,0
11b7bc1f,Rajasthan,Jaipur,Railway,40.04,22,1308,35.3,1,Under Hearing,39.3,2,43.8,Not Started,44.2,40.4,1
45398b8d,Rajasthan,Jodhpur,Highway,31.35,10,1256,56.7,0,None,52.0,4,33.3,Partial,79.4,37.0,0
20b1115a,Odisha,Rourkela,Irrigation,105.47,9,1053,14.0,0,None,66.9,1,14.4,Partial,83.2,8.6,0
90bd6ae2,Gujarat,Vadodara,Power Transmission,20.88,123,1338,72.8,0,None,34.8,0,14.3,Full,36.3,31.4,0
018c99a8,Madhya Pradesh,Indore,Irrigation,2.02,18,260,56.7,0,None,52.2,2,13.1,Partial,66.5,55.5,1
b33e4138,Gujarat,Vadodara,Railway,53.36,58,699,74.9,0,None,82.2,2,10.5,Partial,31.6,39.5,1
2bafad84,Gujarat,Rajkot,Power Transmission,10.92,62,138,63.3,0,None,83.2,3,12.8,Partial,25.0,67.2,0
93f26920,Madhya Pradesh,Jabalpur,Railway,5.22,61,768,82.3,0,None,47.3,5,43.4,Partial,59.2,40.3,0
29d45ead,Odisha,Bhubaneswar,Industrial Corridor,5.69,14,94,39.9,0,None,58.4,1,38.2,Partial,87.0,18.4,0
b1c6217f,Maharashtra,Aurangabad,Irrigation,2.08,73,345,61.8,1,Filed,84.8,3,10.0,Not Started,38.0,32.5,1
303a7fd5,Karnataka,Bengaluru,Urban Development,10.13,20,127,68.3,0,None,14.4,3,25.4,Not Started,45.6,33.0,0
0fc0a912,West Bengal,Kolkata,Power Transmission,70.09,43,1354,58.2,0,None,47.7,1,99.2,Not Started,10.1,35.6,0
e664f8bb,Bihar,Bhagalpur,Power Transmission,10.35,125,446,74.9,1,Filed,58.0,1,51.0,Not Started,71.7,39.4,1
d2a8ee73,Bihar,Patna,Highway,4.92,336,197,59.0,1,Filed,73.8,4,62.3,Partial,86.0,22.4,1
0dd18189,Odisha,Rourkela,Railway,11.87,266,724,20.7,1,Stay Order,8.9,1,31.2,Partial,69.5,23.2,0
2965d652,Maharashtra,Aurangabad,Highway,43.0,268,413,43.6,1,Filed,49.6,2,8.4,Not Started,32.4,52.8,1
348c874e,West Bengal,Siliguri,Highway,4.2,36,549,71.3,3,Filed,64.9,1,18.4,Full,24.2,41.7,1
16924e90,Bihar,Bhagalpur,Railway,87.62,124,920,29.1,0,None,66.2,2,103.2,Full,44.6,61.1,1
083dc2ac,West Bengal,Durgapur,Irrigation,19.48,82,241,65.7,0,None,63.7,5,38.6,Partial,69.5,67.4,0
5fdc1def,Odisha,Rourkela,Irrigation,3.63,93,1144,43.5,1,Filed,63.9,2,37.9,Full,63.2,26.6,1
0403700c,Madhya Pradesh,Gwalior,Power Transmission,18.69,9,648,20.8,0,None,73.5,5,16.3,Full,47.8,37.5,0
fb0b2614,Gujarat,Ahmedabad,Irrigation,13.23,64,1130,54.9,1,Stay Order,38.2,4,41.6,Not Started,18.1,24.0,1
69ce677a,Maharashtra,Nashik,Highway,19.03,116,292,43.8,0,None,26.5,3,40.6,Not Started,75.3,28.6,0
abc038ee,Maharashtra,Pune,Irrigation,24.73,16,1264,75.2,0,None,42.5,1,11.0,Partial,75.1,27.7,0
e140ad11,West Bengal,Siliguri,Railway,4.34,19,302,93.3,0,None,75.3,0,7.3,Full,81.2,39.6,0
1bfc4dba,Gujarat,Ahmedabad,Irrigation,8.7,47,892,50.7,0,None,13.6,3,26.6,Partial,90.1,5.0,0
c6e18f0a,Bihar,Gaya,Power Transmission,21.11,33,570,7.3,0,None,69.5,2,16.3,Not Started,82.1,52.4,0
885b8451,Odisha,Rourkela,Irrigation,7.82,65,71,81.1,0,None,51.0,1,23.5,Partial,33.4,42.2,1
f4a1526d,Rajasthan,Kota,Highway,4.81,114,315,96.8,3,Filed,20.3,3,4.8,Partial,47.7,56.9,0
e9486ceb,Tamil Nadu,Salem,Industrial Corridor,18.34,6,404,61.7,0,None,70.1,2,44.0,Full,30.0,37.3,0
e5cf250c,Bihar,Muzaffarpur,Industrial Corridor,33.07,36,762,45.7,1,Under Hearing,45.4,3,20.2,Partial,76.0,18.3,1
a905eea7,Odisha,Rourkela,Industrial Corridor,5.67,29,296,65.5,1,Filed,59.2,3,12.1,Not Started,55.0,47.5,0
c3456af5,Gujarat,Ahmedabad,Railway,11.69,8,682,83.6,0,None,38.2,2,22.8,Partial,83.6,17.1,1
ec064fc7,West Bengal,Durgapur,Highway,1.23,52,1003,61.7,0,None,46.5,4,47.8,Full,54.9,38.4,1
bc827cde,Bihar,Bhagalpur,Urban Development,19.22,56,36,29.9,2,Filed,34.5,3,25.4,Full,76.8,42.5,1
8ef8db79,Karnataka,Mysuru,Railway,3.81,5,816,71.5,0,None,41.5,3,12.2,Partial,76.5,44.0,0
5e84623f,Tamil Nadu,Madurai,Power Transmission,14.88,23,645,43.6,0,None,6.4,1,19.7,Full,86.6,37.8,0
acff1d89,Madhya Pradesh,Jabalpur,Industrial Corridor,12.45,42,418,41.4,2,Resolved,48.9,1,21.8,Partial,36.0,40.6,1
f758de84,Rajasthan,Jaipur,Irrigation,10.99,9,960,37.6,0,None,37.4,1,65.2,Full,67.0,37.5,0
a587c799,West Bengal,Howrah,Railway,16.78,169,704,24.9,2,Under Hearing,24.2,3,22.2,Partial,64.4,19.6,1
46991860,Gujarat,Vadodara,Industrial Corridor,2.67,154,441,46.0,1,Filed,17.8,2,26.3,Not Started,87.8,9.9,0
5d626f8c,Gujarat,Surat,Urban Development,4.58,43,1469,17.2,4,Under Hearing,31.7,4,26.1,Full,51.6,31.5,1
38d32121,Uttar Pradesh,Kanpur,Irrigation,3.52,68,658,16.6,0,None,23.7,3,52.1,Full,41.2,46.9,0
375965fb,West Bengal,Durgapur,Power Transmission,20.26,14,138,46.9,0,None,44.4,4,39.2,Not Started,69.4,42.7,1
98dbf0c4,Karnataka,Bengaluru,Railway,3.14,31,275,57.8,1,Under Hearing,83.1,2,3.1,Not Started,84.6,22.6,1
19164e42,West Bengal,Durgapur,Industrial Corridor,22.43,282,113,56.6,1,Under Hearing,11.7,4,36.2,Partial,46.8,30.0,1
8d31d3d6,Madhya Pradesh,Jabalpur,Industrial Corridor,4.25,154,511,46.2,2,Stay Order,74.6,1,42.6,Partial,47.0,7.7,1
216590bc,Odisha,Cuttack,Industrial Corridor,8.65,44,756,67.8,0,None,56.7,3,23.8,Partial,15.8,11.1,0
4b9fdd93,Odisha,Rourkela,Railway,18.99,26,1008,51.5,1,Under Hearing,53.3,1,46.2,Not Started,52.6,28.9,1
4d0d7fa5,Karnataka,Bengaluru,Irrigation,7.2,37,81,88.8,1,Resolved,83.1,2,20.7,Partial,62.6,51.1,0
998f26eb,Maharashtra,Nagpur,Urban Development,10.88,39,43,27.7,1,Filed,27.8,4,66.2,Full,44.9,44.4,1
30f2432b,Madhya Pradesh,Jabalpur,Power Transmission,7.9,101,492,88.7,0,None,49.3,3,14.2,Not Started,85.6,21.6,0
394432aa,Bihar,Muzaffarpur,Urban Development,1.46,270,1335,5.9,1,Resolved,82.4,3,20.8,Partial,60.3,52.8,1
2d31e3a0,Uttar Pradesh,Varanasi,Irrigation,15.98,154,1228,77.6,0,None,81.2,2,23.2,Full,74.1,44.5,0
d9b0c93e,Maharashtra,Aurangabad,Urban Development,7.95,52,409,73.0,1,Resolved,9.8,4,7.9,Partial,78.7,19.5,0
ac19f633,Tamil Nadu,Chennai,Industrial Corridor,4.73,39,1230,42.0,0,None,15.2,0,5.1,Not Started,48.5,45.3,1
b1f78c60,Odisha,Cuttack,Highway,63.86,37,93,22.6,0,None,40.1,4,12.2,Full,75.9,39.7,0
e643e911,Odisha,Bhubaneswar,Urban Development,33.37,74,417,76.8,0,None,33.1,0,26.8,Partial,8.5,23.1,1
3444d8ef,Bihar,Bhagalpur,Railway,16.38,109,1101,40.6,1,Resolved,31.5,2,30.4,Partial,23.5,35.0,0
588182ca,West Bengal,Kolkata,Railway,10.28,4,1192,59.3,0,None,74.6,1,25.2,Full,57.9,57.7,0
12dc00ae,Gujarat,Ahmedabad,Irrigation,21.99,99,655,48.6,1,Filed,17.2,2,12.0,Full,44.4,34.0,1
57366c42,Rajasthan,Jodhpur,Railway,1.94,7,280,38.0,1,Stay Order,22.5,7,38.7,Partial,80.2,49.1,1
8171bb00,Gujarat,Surat,Power Transmission,8.19,47,1025,31.2,0,None,33.8,3,21.3,Partial,86.2,7.1,1
dce9a0e6,Rajasthan,Jaipur,Power Transmission,6.5,68,774,49.8,0,None,64.3,1,22.7,Partial,35.9,42.8,0
324e9af2,West Bengal,Kolkata,Railway,8.84,59,208,67.4,1,Filed,62.2,2,14.7,Full,74.7,34.9,0
ea4aa6e4,Maharashtra,Aurangabad,Urban Development,34.45,16,679,41.4,0,None,9.3,2,19.4,Partial,50.4,51.0,1
16c6de8b,Gujarat,Vadodara,Highway,4.13,12,1006,92.5,2,Filed,62.5,2,55.4,Partial,80.3,59.9,1
7b389641,Maharashtra,Nagpur,Industrial Corridor,20.87,11,815,87.1,1,Filed,31.6,2,4.0,Full,42.7,49.0,1
3f82ca1f,Madhya Pradesh,Indore,Railway,52.07,32,429,84.3,0,None,34.3,1,34.7,Full,71.6,46.8,0
0f6dbb16,Karnataka,Hubballi,Railway,17.75,17,143,22.0,1,Under Hearing,22.2,3,57.5,Partial,51.4,24.5,1
cb247445,Karnataka,Hubballi,Highway,16.07,63,178,52.6,2,Resolved,77.4,2,9.4,Not Started,63.6,31.0,0
bd84bb88,Rajasthan,Jaipur,Power Transmission,50.32,252,1152,62.3,6,Under Hearing,41.2,1,31.1,Not Started,49.6,13.2,1
8b883e2a,Rajasthan,Jaipur,Power Transmission,7.18,37,1327,39.9,0,None,39.8,1,21.6,Full,64.9,48.8,0
a910e665,Rajasthan,Kota,Power Transmission,7.12,42,1178,43.7,2,Filed,40.1,2,48.6,Not Started,77.1,37.5,1
2a741cac,Odisha,Cuttack,Irrigation,27.21,34,752,25.5,0,None,37.6,1,34.1,Partial,48.6,22.9,0
1e55c262,Uttar Pradesh,Agra,Power Transmission,13.75,81,1329,68.8,1,Stay Order,61.1,2,43.8,Full,3.0,26.1,0
1da1cb22,Maharashtra,Pune,Urban Development,12.36,24,1111,21.1,0,None,47.6,0,18.1,Full,61.9,37.7,0
3bb6dfeb,Karnataka,Bengaluru,Railway,14.25,37,434,65.2,0,None,23.5,1,23.5,Full,54.5,53.8,0
5898e647,Maharashtra,Aurangabad,Power Transmission,18.28,34,226,43.3,1,Filed,38.3,1,10.3,Not Started,93.3,27.2,1
9ef6f3e1,Odisha,Rourkela,Irrigation,17.08,14,1174,84.8,0,None,50.2,0,16.4,Partial,77.3,55.3,1
7acbe990,West Bengal,Durgapur,Railway,15.06,21,1238,45.4,1,Filed,48.4,3,6.0,Not Started,60.0,32.9,0
48f72b7f,Tamil Nadu,Salem,Power Transmission,59.34,208,95,73.7,3,Filed,57.3,5,32.1,Partial,67.4,49.7,1
e70611a4,Tamil Nadu,Coimbatore,Industrial Corridor,39.55,44,1269,33.5,0,None,60.6,2,19.1,Full,82.6,32.7,0
9aded32a,Maharashtra,Nashik,Industrial Corridor,6.38,12,1261,71.7,2,Under Hearing,72.2,1,87.6,Full,53.5,30.8,1
02bd93d6,Gujarat,Ahmedabad,Railway,37.36,111,1309,67.0,1,Resolved,52.2,3,13.7,Partial,52.2,28.9,0
e9930700,Maharashtra,Nagpur,Urban Development,34.17,35,1467,87.0,0,None,70.2,0,53.9,Partial,71.0,12.6,0
3b650d2d,Bihar,Muzaffarpur,Industrial Corridor,12.74,37,541,70.4,1,Under Hearing,2.7,3,20.9,Partial,34.9,31.6,1
e3fc03bb,Maharashtra,Pune,Power Transmission,14.2,37,637,67.3,1,Filed,26.7,5,25.3,Not Started,83.1,33.2,1
10b753a6,Rajasthan,Udaipur,Urban Development,38.24,31,619,63.9,3,Under Hearing,12.4,6,1.3,Full,67.5,27.5,1
a2cc923f,Bihar,Patna,Railway,76.24,94,436,70.2,1,Filed,58.5,2,37.4,Partial,55.4,9.4,0
5f1a381c,Tamil Nadu,Salem,Irrigation,1.23,15,352,45.2,1,Filed,3.9,4,24.0,Partial,21.6,19.0,1
c0888ddb,Odisha,Bhubaneswar,Power Transmission,68.37,112,486,16.7,0,None,8.7,2,39.8,Not Started,73.2,39.4,1
f90c6a63,Maharashtra,Nagpur,Highway,4.83,20,445,66.7,2,Under Hearing,58.2,4,32.5,Partial,27.5,16.3,1
7f3acd47,Tamil Nadu,Coimbatore,Highway,33.05,66,1241,65.2,0,None,56.2,0,23.4,Partial,14.4,34.5,1
d83814d1,Tamil Nadu,Coimbatore,Power Transmission,34.13,65,786,43.8,0,None,79.9,5,28.2,Full,40.1,73.8,1
625e98a6,Gujarat,Vadodara,Railway,7.89,78,420,61.2,1,Filed,59.8,3,17.5,Not Started,88.5,48.5,0
5ea0af82,Karnataka,Mysuru,Industrial Corridor,16.18,19,313,97.5,0,None,34.6,5,9.2,Partial,69.6,5.0,1
12a1e938,Tamil Nadu,Chennai,Power Transmission,10.53,46,314,35.0,0,None,37.2,2,73.3,Not Started,58.3,55.6,1
9ef0b5bf,Gujarat,Rajkot,Power Transmission,28.79,76,698,35.4,0,None,52.2,5,80.9,Not Started,85.6,46.4,0
aa467b72,Karnataka,Hubballi,Railway,3.49,10,916,50.2,0,None,23.8,4,20.3,Not Started,51.7,5.0,0
2424f884,Maharashtra,Nashik,Power Transmission,3.19,47,890,90.9,3,Resolved,29.6,3,28.6,Full,79.4,15.6,1
a8910aa6,Maharashtra,Thane,Irrigation,3.41,33,1227,68.9,0,None,37.0,2,0.7,Full,24.6,61.1,1
27bedcb4,Uttar Pradesh,Kanpur,Irrigation,38.0,136,731,82.9,1,Resolved,28.1,3,24.7,Partial,39.4,37.4,0
342af465,Gujarat,Vadodara,Industrial Corridor,53.66,18,210,62.8,0,None,17.4,5,38.7,Not Started,60.6,14.2,0
e1e21d4e,Rajasthan,Udaipur,Power Transmission,5.38,45,196,37.6,0,None,34.6,3,85.1,Full,88.6,50.6,1
b03ef557,Uttar Pradesh,Kanpur,Railway,24.4,194,1079,81.3,1,Under Hearing,78.3,1,2.3,Not Started,41.3,34.2,0
a5639aa7,Karnataka,Mysuru,Irrigation,2.1,34,1100,33.9,0,None,68.5,2,35.6,Not Started,52.0,36.9,0
4c59f140,Maharashtra,Aurangabad,Railway,3.87,142,1357,61.2,1,Under Hearing,17.0,3,24.8,Full,17.3,40.4,1
b032080a,Tamil Nadu,Madurai,Highway,28.09,162,974,54.5,0,None,55.7,2,23.9,Not Started,30.5,47.5,1
8c62b369,Gujarat,Ahmedabad,Irrigation,5.45,10,1489,24.8,0,None,22.8,1,30.4,Partial,43.7,16.3,1
bcde110c,Uttar Pradesh,Agra,Industrial Corridor,7.28,98,620,13.6,0,None,27.2,1,38.3,Full,43.2,27.9,1
7a94441e,Odisha,Bhubaneswar,Highway,8.21,217,1126,80.0,0,None,40.1,4,38.3,Partial,37.7,67.0,1
6787e9ba,Gujarat,Surat,Industrial Corridor,1.65,25,194,48.3,1,Filed,49.3,2,40.6,Partial,22.8,20.2,1
692adda0,West Bengal,Howrah,Railway,11.32,25,452,54.3,0,None,51.0,3,10.2,Not Started,39.3,44.7,1
366eac70,Karnataka,Hubballi,Railway,12.43,208,784,73.8,0,None,34.4,2,61.8,Full,90.6,5.0,0
3bafbe58,West Bengal,Howrah,Irrigation,19.72,59,181,23.8,2,Resolved,70.8,2,7.3,Full,13.4,40.6,0
daa9fe03,Gujarat,Vadodara,Industrial Corridor,15.67,55,1103,41.0,0,None,79.9,2,28.5,Partial,19.7,33.0,0
b3952119,Karnataka,Belagavi,Industrial Corridor,9.55,268,1024,26.8,0,None,47.8,2,66.7,Partial,81.0,37.7,1
b3be452a,Maharashtra,Nashik,Industrial Corridor,20.26,1251,1052,97.0,1,Filed,36.0,3,52.2,Partial,22.2,48.3,1
11d3a617,Rajasthan,Jaipur,Irrigation,72.4,12,202,85.8,0,None,22.3,1,33.4,Partial,88.5,30.9,1
d8c8d9a3,Karnataka,Belagavi,Urban Development,7.43,123,158,42.3,1,Filed,53.3,5,9.4,Not Started,77.8,23.2,0
e94d5a4b,Bihar,Bhagalpur,Industrial Corridor,15.9,23,1062,46.6,0,None,43.8,0,48.3,Partial,25.0,39.8,1
b40bcf3f,Madhya Pradesh,Bhopal,Irrigation,13.09,95,1184,61.5,1,Resolved,85.3,3,25.8,Full,97.6,80.0,0
7b7173eb,Karnataka,Bengaluru,Highway,16.2,5,410,15.5,1,Under Hearing,27.2,1,36.8,Full,32.8,62.8,1
8e4fc99c,Odisha,Cuttack,Railway,19.32,44,457,78.2,0,None,0.8,1,41.4,Partial,96.2,49.7,0
b2ac2c0b,Karnataka,Hubballi,Railway,11.76,73,1130,65.3,1,Stay Order,38.6,6,39.1,Full,73.7,7.9,1
dfc802ed,Uttar Pradesh,Meerut,Railway,31.42,108,940,86.6,3,Stay Order,19.9,2,61.9,Partial,52.1,53.3,1
2b3aa5d6,Tamil Nadu,Madurai,Highway,11.28,22,612,37.5,0,None,19.4,2,18.7,Full,53.0,28.2,0
0659bc35,Bihar,Muzaffarpur,Power Transmission,17.4,96,722,91.0,1,Filed,21.5,2,10.0,Not Started,47.0,21.6,0
2e694262,Madhya Pradesh,Gwalior,Highway,49.63,340,220,41.3,1,Under Hearing,51.1,0,20.6,Not Started,84.2,41.6,1
8716a0db,West Bengal,Siliguri,Urban Development,83.28,4,475,66.9,1,Under Hearing,32.6,2,18.0,Partial,26.7,67.4,1
c6e31173,Maharashtra,Nashik,Railway,9.37,15,932,11.2,0,None,50.9,3,71.0,Full,44.9,47.2,0
1eab95fc,West Bengal,Howrah,Urban Development,34.75,112,993,48.9,1,Filed,85.4,3,43.8,Partial,23.5,31.5,1
9df60772,West Bengal,Howrah,Urban Development,4.23,30,804,24.3,0,None,59.2,2,33.8,Not Started,56.4,26.5,1
9e8f1256,Odisha,Bhubaneswar,Irrigation,45.28,94,1225,4.5,0,None,15.9,1,12.6,Full,87.4,24.7,0
aa35aebe,Bihar,Patna,Urban Development,102.41,174,721,47.6,2,Filed,88.5,4,19.2,Full,76.9,25.5,1
d374f0ce,Uttar Pradesh,Lucknow,Irrigation,2.84,22,807,26.3,1,Filed,60.3,2,23.6,Partial,23.9,17.2,1
29af44a8,Karnataka,Mysuru,Power Transmission,10.95,68,350,46.4,0,None,55.5,3,25.8,Full,73.9,46.9,1
f41cea32,Gujarat,Vadodara,Highway,11.82,36,244,45.4,2,Filed,27.6,0,19.0,Partial,73.7,52.0,1
0d358ebb,Tamil Nadu,Coimbatore,Urban Development,44.43,56,364,31.8,0,None,89.1,2,22.6,Partial,25.9,13.0,1
e018c834,Rajasthan,Udaipur,Highway,58.46,39,728,57.3,1,Filed,30.0,3,17.6,Partial,21.0,35.1,0
16373278,Tamil Nadu,Chennai,Industrial Corridor,13.89,33,578,25.3,0,None,21.3,2,9.9,Partial,52.5,37.8,1
d71d5145,West Bengal,Howrah,Power Transmission,8.04,31,990,69.4,1,Stay Order,38.6,2,11.1,Not Started,30.2,49.8,1
8a65665c,Odisha,Cuttack,Industrial Corridor,21.28,4,60,80.6,2,Filed,59.5,2,10.8,Partial,53.7,55.7,1
48b5dd5f,Gujarat,Surat,Power Transmission,6.36,23,944,63.4,0,None,37.5,4,15.7,Partial,26.9,44.8,0
347fdb4a,Madhya Pradesh,Jabalpur,Power Transmission,1.48,51,1081,66.6,0,None,16.7,1,38.1,Partial,62.7,35.2,0
dfdd4a45,Tamil Nadu,Chennai,Railway,6.37,10,1264,26.9,0,None,30.9,1,53.1,Not Started,38.7,18.3,1
bfae860e,Karnataka,Mysuru,Urban Development,9.49,100,1409,52.7,0,None,27.2,4,72.1,Not Started,28.9,33.3,1
37cffa85,Rajasthan,Jodhpur,Urban Development,6.9,546,868,67.9,0,None,22.3,2,21.6,Partial,78.8,9.0,0
d873fd01,Karnataka,Belagavi,Irrigation,48.93,17,198,72.6,2,Filed,10.2,1,20.0,Not Started,41.2,51.5,1
4d8fce13,Uttar Pradesh,Lucknow,Railway,47.74,38,1147,88.0,0,None,28.8,2,15.8,Not Started,50.4,44.5,1
6b2d6a36,West Bengal,Howrah,Industrial Corridor,20.95,11,209,9.3,2,Filed,78.8,2,29.4,Full,71.2,49.1,0
f0b08293,Odisha,Cuttack,Irrigation,6.56,43,1289,32.7,1,Under Hearing,54.5,2,49.6,Partial,85.1,6.5,0
97909306,Odisha,Rourkela,Urban Development,7.55,23,933,76.8,0,None,79.2,2,13.1,Full,93.6,35.1,0
d628e84c,Uttar Pradesh,Kanpur,Power Transmission,18.75,115,834,31.7,1,Under Hearing,20.1,0,10.4,Partial,57.5,26.3,1
d15d649a,Karnataka,Hubballi,Highway,20.87,9,1267,71.4,1,Resolved,62.6,3,31.8,Full,28.2,52.1,1
f2c9d2c1,Gujarat,Surat,Irrigation,13.27,133,301,18.9,1,Resolved,47.6,2,9.2,Full,68.5,26.0,1
112bd419,Karnataka,Bengaluru,Irrigation,7.34,246,1487,61.1,0,None,48.4,3,24.3,Full,86.0,5.0,0
dba6cf28,Madhya Pradesh,Jabalpur,Railway,13.38,26,703,41.0,1,Under Hearing,63.6,8,25.3,Not Started,64.6,27.8,1
c0b6aac3,Uttar Pradesh,Kanpur,Highway,6.8,11,158,62.0,0,None,22.1,1,10.7,Not Started,71.5,56.2,0
4af27cb1,Bihar,Gaya,Irrigation,6.32,339,1374,86.0,0,None,51.1,1,10.5,Full,57.1,47.1,0
3c2129b5,Madhya Pradesh,Gwalior,Irrigation,11.03,21,728,33.3,0,None,37.1,4,19.6,Partial,92.1,30.4,0
3dc307c5,Tamil Nadu,Salem,Highway,76.37,162,535,40.0,1,Stay Order,43.3,7,43.7,Not Started,80.1,32.1,1
add3f8ae,Bihar,Gaya,Irrigation,11.68,145,62,62.8,0,None,7.6,2,50.1,Partial,89.2,27.8,1
9397e995,Odisha,Rourkela,Highway,18.81,111,257,57.2,0,None,72.3,3,5.8,Partial,68.9,25.9,0
ff2a7c14,West Bengal,Kolkata,Highway,35.75,28,1410,13.9,0,None,52.7,2,16.8,Not Started,44.0,21.0,0
95f98b11,Gujarat,Rajkot,Urban Development,4.27,86,1156,65.7,2,Stay Order,61.8,1,17.7,Full,80.5,24.8,1
a0198cf9,Tamil Nadu,Chennai,Industrial Corridor,18.46,59,675,51.2,1,Stay Order,23.4,2,8.1,Partial,57.4,20.7,1
67cfdb7c,Madhya Pradesh,Indore,Highway,13.57,22,245,76.2,0,None,77.9,4,22.0,Partial,43.4,40.6,1
19f156d1,West Bengal,Howrah,Highway,2.08,94,1133,33.7,0,None,82.8,3,45.4,Not Started,84.6,23.7,1
6f4c5e61,Bihar,Patna,Industrial Corridor,3.27,17,1020,69.3,0,None,32.7,4,55.7,Full,95.5,25.8,1
bc07588f,Uttar Pradesh,Agra,Irrigation,48.05,61,1276,32.5,0,None,65.4,1,25.5,Full,68.9,57.4,1
0e709e24,West Bengal,Howrah,Highway,70.91,45,119,55.2,1,Resolved,28.4,3,26.9,Partial,26.9,37.8,0
9809f0ad,Tamil Nadu,Salem,Irrigation,5.2,41,1358,62.1,0,None,8.8,1,24.5,Partial,43.1,53.2,0
9d2eeb37,Bihar,Patna,Highway,15.13,124,46,65.2,1,Resolved,50.5,3,17.6,Partial,55.4,56.3,0
1cd73275,Karnataka,Bengaluru,Highway,2.96,15,400,90.0,1,Under Hearing,64.3,2,116.3,Not Started,64.0,63.7,1
703e651a,Odisha,Rourkela,Railway,4.82,5,1342,49.6,1,Under Hearing,60.3,2,56.2,Partial,36.5,27.5,1
8d8dac5c,Tamil Nadu,Madurai,Highway,17.18,79,896,62.9,0,None,80.5,3,32.5,Full,61.9,21.3,0
29d8402d,Gujarat,Ahmedabad,Railway,18.45,6,1024,39.0,0,None,28.4,1,23.4,Full,48.3,21.8,0
e09c020f,Bihar,Gaya,Highway,12.83,124,1209,63.1,2,Filed,72.2,2,52.2,Partial,66.1,48.5,0
96849993,Karnataka,Mysuru,Power Transmission,8.74,10,1253,58.5,0,None,54.2,1,43.6,Not Started,56.6,43.4,0
baf70f59,Gujarat,Vadodara,Highway,45.9,409,883,80.2,1,Stay Order,24.7,0,4.1,Partial,52.2,16.9,1
74d00ab9,Odisha,Bhubaneswar,Irrigation,15.06,53,823,78.8,0,None,30.4,3,67.3,Full,54.3,43.5,0
d693796b,Gujarat,Ahmedabad,Highway,29.09,329,1013,64.4,0,None,53.8,2,62.3,Full,58.3,26.6,0
32294060,Tamil Nadu,Salem,Urban Development,3.61,46,1270,63.6,2,Under Hearing,43.7,2,72.3,Full,53.1,60.5,1
38cd4598,Karnataka,Hubballi,Power Transmission,14.12,21,614,62.7,0,None,26.3,4,15.8,Partial,49.8,24.2,0
09181395,Gujarat,Vadodara,Power Transmission,12.61,89,765,27.7,1,Resolved,62.0,1,11.6,Not Started,46.9,51.6,1
55f2f040,Karnataka,Mysuru,Railway,6.68,11,1427,37.6,2,Stay Order,14.0,4,39.5,Full,24.6,12.5,1
180d3d35,Rajasthan,Kota,Highway,8.75,12,60,39.3,0,None,8.1,1,26.6,Full,70.6,42.9,0
536b1038,Rajasthan,Jaipur,Irrigation,51.13,24,1193,9.4,0,None,24.3,2,48.6,Not Started,40.6,30.3,0
343ed908,Madhya Pradesh,Jabalpur,Irrigation,22.63,17,1002,90.6,1,Resolved,35.5,3,47.7,Full,37.4,43.3,0
2d9b6eb4,Bihar,Gaya,Industrial Corridor,2.49,55,707,20.4,0,None,36.5,0,5.9,Partial,58.6,38.4,0
b7e0be6c,Rajasthan,Udaipur,Power Transmission,20.53,187,1304,31.6,0,None,15.1,0,32.8,Full,84.5,29.4,0
e96e3bc0,Tamil Nadu,Chennai,Industrial Corridor,41.97,94,1053,77.5,0,None,21.5,3,165.7,Partial,61.9,18.6,1
81655361,West Bengal,Howrah,Irrigation,15.53,55,596,89.7,0,None,42.6,6,50.7,Partial,62.8,29.2,0
9eb1bb6b,Rajasthan,Jaipur,Industrial Corridor,13.83,182,1453,74.3,0,None,25.5,8,21.6,Not Started,75.3,41.3,0
b5c478e9,Odisha,Bhubaneswar,Industrial Corridor,5.87,15,950,75.9,0,None,87.6,1,34.7,Partial,40.5,43.2,1
b0d85651,Odisha,Rourkela,Railway,1.31,16,1133,64.5,0,None,32.6,3,28.7,Partial,43.2,33.9,0
c19909eb,West Bengal,Kolkata,Industrial Corridor,17.84,26,638,40.8,1,Resolved,83.5,2,2.2,Partial,60.1,36.9,0
eb438c80,Gujarat,Rajkot,Power Transmission,3.27,122,1474,37.0,1,Stay Order,64.7,5,51.8,Partial,63.0,33.4,1
fc487eb1,Gujarat,Surat,Highway,5.77,345,1300,54.2,1,Resolved,34.4,6,42.6,Full,37.7,33.7,1
23839d57,Gujarat,Rajkot,Power Transmission,16.96,180,476,58.5,3,Under Hearing,58.1,3,36.6,Partial,63.4,42.8,1
1ba24290,Tamil Nadu,Salem,Urban Development,13.45,105,1269,81.6,1,Stay Order,53.4,1,44.9,Partial,73.3,32.0,1
ed22dcac,West Bengal,Howrah,Railway,6.23,26,941,29.7,0,None,73.3,2,16.3,Not Started,33.3,25.8,1
3cb8bab5,Tamil Nadu,Salem,Power Transmission,2.47,38,175,11.9,2,Resolved,77.6,4,29.5,Full,72.9,12.9,1
4787d116,Tamil Nadu,Chennai,Industrial Corridor,30.21,28,724,70.1,0,None,28.0,0,16.0,Full,48.4,13.2,1
cec931e7,Maharashtra,Nagpur,Highway,10.1,164,1288,65.9,0,None,54.0,5,37.8,Not Started,77.3,24.5,1
f7b5601f,Tamil Nadu,Madurai,Railway,3.37,228,972,71.4,0,None,37.4,5,19.5,Full,84.8,45.1,1
974b3a72,Rajasthan,Kota,Power Transmission,12.12,82,47,44.3,0,None,63.9,3,30.5,Partial,79.3,64.3,0
05c4f3b5,Bihar,Gaya,Highway,7.27,6,1231,47.0,0,None,26.9,1,20.4,Full,75.3,46.7,0
8cd90570,Karnataka,Bengaluru,Industrial Corridor,12.93,326,470,79.5,0,None,34.2,3,14.7,Partial,75.0,55.6,0
c9021585,West Bengal,Kolkata,Highway,43.07,50,244,86.7,0,None,41.0,3,5.7,Partial,55.8,33.6,0
2cd5eae0,West Bengal,Howrah,Industrial Corridor,3.0,35,488,67.5,1,Resolved,45.6,0,24.0,Full,75.4,17.7,1
e64a578f,Odisha,Cuttack,Power Transmission,11.35,32,988,29.9,1,Resolved,38.0,6,38.8,Full,52.5,51.8,1
3b670cac,West Bengal,Howrah,Industrial Corridor,25.13,94,963,49.2,0,None,24.7,2,7.1,Full,39.8,40.5,1
6689b62e,Maharashtra,Aurangabad,Railway,1.54,36,1068,67.3,1,Filed,42.0,2,61.1,Partial,65.4,29.9,1
309e8677,Rajasthan,Jaipur,Power Transmission,22.73,55,817,35.9,1,Resolved,69.2,2,6.3,Not Started,36.2,28.2,0
ab054bcc,Gujarat,Rajkot,Power Transmission,16.05,193,897,8.0,0,None,39.7,8,15.1,Partial,38.4,40.0,0
5df788ee,Madhya Pradesh,Indore,Power Transmission,12.19,18,1235,75.5,2,Filed,35.7,5,25.9,Partial,59.9,22.3,1
a40d809c,Odisha,Rourkela,Power Transmission,58.42,123,623,56.8,1,Filed,47.8,6,56.4,Partial,62.2,11.1,0
a956f55b,West Bengal,Howrah,Urban Development,26.02,7,470,43.1,0,None,50.3,3,25.1,Partial,79.8,58.0,1
00ea3a1e,Maharashtra,Pune,Irrigation,43.67,79,492,52.1,1,Filed,47.6,4,15.2,Full,84.0,20.9,0
5346bad8,Odisha,Bhubaneswar,Industrial Corridor,11.17,258,1236,29.5,1,Stay Order,26.5,1,9.4,Not Started,8.2,12.9,1
747be2db,Tamil Nadu,Salem,Urban Development,42.32,176,1152,89.4,1,Under Hearing,15.1,1,16.9,Full,48.8,71.7,1
366cf067,Karnataka,Mysuru,Power Transmission,19.73,21,687,60.7,1,Under Hearing,41.2,1,5.1,Partial,66.6,59.4,1
cd0c2493,Gujarat,Ahmedabad,Irrigation,5.87,74,1301,52.1,0,None,50.0,2,88.9,Partial,78.7,44.7,0
2ea7dd2d,Rajasthan,Udaipur,Highway,20.86,10,315,34.5,0,None,48.3,3,51.7,Partial,30.0,50.4,0
e2fea713,Maharashtra,Nashik,Railway,18.8,8,1057,74.5,1,Filed,30.7,4,24.3,Not Started,52.6,57.2,1
3a860bec,West Bengal,Kolkata,Industrial Corridor,34.54,72,67,82.5,0,None,66.1,2,38.9,Partial,75.3,35.7,0
abd33a11,Bihar,Patna,Railway,54.56,125,642,48.5,0,None,85.9,2,24.0,Not Started,19.2,15.6,0
e14b1d25,Tamil Nadu,Coimbatore,Railway,0.64,18,542,71.9,0,None,66.4,2,17.9,Not Started,52.9,31.4,1
c8afbf29,Tamil Nadu,Chennai,Irrigation,5.22,377,202,56.8,0,None,24.7,2,48.4,Full,90.3,25.6,0
d9a1dfcc,Tamil Nadu,Madurai,Irrigation,2.2,155,215,47.8,1,Under Hearing,71.2,0,10.6,Partial,76.2,46.7,0
792d1c41,Bihar,Gaya,Industrial Corridor,2.47,97,1056,37.1,1,Stay Order,48.2,1,7.0,Not Started,39.0,42.1,1
a7695430,Uttar Pradesh,Meerut,Industrial Corridor,1.87,41,1104,81.2,0,None,52.9,4,29.0,Full,9.8,24.7,0
5a20efa6,Karnataka,Mysuru,Urban Development,3.74,55,1448,27.0,1,Filed,51.2,5,31.2,Partial,98.1,46.4,1
c0092c6c,Gujarat,Rajkot,Industrial Corridor,5.81,34,697,20.9,1,Under Hearing,44.5,9,10.6,Partial,43.4,49.7,1
025b7181,Bihar,Muzaffarpur,Highway,1.54,126,1005,42.2,2,Resolved,86.8,4,72.7,Partial,25.8,67.7,0
e3d0d96d,Bihar,Patna,Highway,9.62,466,1466,68.2,2,Resolved,74.6,1,25.9,Partial,72.0,38.1,0
ebb4fd20,Rajasthan,Udaipur,Power Transmission,28.68,170,221,37.5,1,Under Hearing,24.7,2,41.5,Partial,78.8,38.3,1
bae06b13,Tamil Nadu,Madurai,Power Transmission,63.11,13,1302,50.7,2,Under Hearing,17.3,1,16.7,Full,81.7,20.1,1
66ea0f3e,Madhya Pradesh,Indore,Industrial Corridor,20.72,1876,136,80.3,1,Stay Order,44.4,0,32.0,Full,53.9,25.2,1
0f27d020,Odisha,Rourkela,Industrial Corridor,2.33,6,37,70.2,0,None,40.4,5,9.5,Full,54.4,37.6,0
198e7f10,Bihar,Bhagalpur,Power Transmission,18.72,422,55,30.3,0,None,7.6,5,10.6,Full,25.7,22.2,0
181ddc77,Rajasthan,Kota,Highway,2.86,92,443,24.3,0,None,14.8,2,10.9,Not Started,26.1,28.2,1
912d1ad6,West Bengal,Siliguri,Highway,20.53,87,1012,60.8,1,Resolved,26.4,3,26.1,Partial,65.1,29.5,1
c5c9f6bf,Gujarat,Ahmedabad,Industrial Corridor,36.17,87,390,66.5,2,Filed,61.2,5,12.7,Partial,80.2,39.0,1
cdde847f,Karnataka,Hubballi,Power Transmission,10.92,89,858,28.5,1,Under Hearing,81.5,1,28.7,Partial,63.1,5.0,0
927b2d03,Uttar Pradesh,Kanpur,Railway,2.02,91,142,18.9,1,Filed,26.6,1,34.9,Not Started,71.0,23.0,1
defa9333,Uttar Pradesh,Kanpur,Industrial Corridor,14.4,13,1337,56.4,0,None,65.8,2,24.8,Partial,40.7,53.9,1
fb0844b0,West Bengal,Kolkata,Highway,35.02,229,185,57.1,2,Under Hearing,54.8,3,29.6,Partial,80.4,43.8,1
e914936e,Gujarat,Vadodara,Urban Development,8.92,181,298,42.2,2,Filed,31.3,1,25.4,Full,66.9,63.8,1
bc877bf4,Madhya Pradesh,Jabalpur,Urban Development,27.56,27,1319,38.3,1,Resolved,89.7,2,6.3,Full,23.1,23.8,0
ff16e1ee,Odisha,Rourkela,Industrial Corridor,8.63,64,960,78.4,2,Under Hearing,58.6,3,8.3,Not Started,56.1,34.3,1
ba9d9621,Uttar Pradesh,Varanasi,Irrigation,9.18,52,731,43.7,0,None,53.8,4,27.8,Not Started,47.9,15.6,0
15aee60c,West Bengal,Durgapur,Urban Development,34.88,20,1083,67.0,2,Under Hearing,40.7,4,36.4,Full,68.1,54.8,1
3f5372ef,Odisha,Rourkela,Irrigation,13.55,53,1163,64.8,1,Filed,80.4,4,18.8,Partial,31.9,46.0,1
d93a34c5,Uttar Pradesh,Agra,Railway,13.77,21,214,78.8,1,Under Hearing,9.3,1,6.7,Partial,94.8,55.5,1
5dd23f50,Tamil Nadu,Salem,Irrigation,3.59,102,401,62.3,1,Stay Order,47.2,2,29.2,Full,74.2,28.4,1
bdbb741c,Maharashtra,Thane,Railway,9.24,19,758,61.1,3,Under Hearing,8.1,1,7.9,Full,68.3,38.0,1
47bbea9e,Bihar,Gaya,Urban Development,27.44,179,1372,52.5,1,Resolved,29.8,5,22.9,Not Started,42.5,15.3,0
ccb85c45,Gujarat,Vadodara,Urban Development,9.59,63,172,33.6,1,Under Hearing,87.5,5,15.7,Partial,84.5,37.9,1
ef8def7b,Bihar,Gaya,Railway,16.17,245,1271,69.5,3,Filed,77.1,2,10.5,Not Started,31.1,33.6,0
065f6e24,Rajasthan,Udaipur,Railway,3.93,18,1150,66.6,0,None,59.0,1,27.3,Not Started,49.0,41.1,1
85dd75f3,Maharashtra,Thane,Industrial Corridor,30.38,11,132,51.1,1,Stay Order,53.9,2,3.1,Not Started,84.2,40.5,1
19a4eb7e,Gujarat,Rajkot,Highway,2.92,26,242,63.2,2,Stay Order,10.8,3,12.3,Partial,43.8,37.2,1
41a92a53,Tamil Nadu,Coimbatore,Railway,17.98,122,281,48.8,1,Filed,34.1,6,46.7,Partial,53.6,53.8,1
3a27aed8,Uttar Pradesh,Meerut,Urban Development,109.4,37,828,49.3,0,None,65.2,1,12.8,Partial,63.4,32.7,1
b42ef2fd,Madhya Pradesh,Jabalpur,Industrial Corridor,3.96,142,1439,86.9,0,None,35.6,3,14.8,Not Started,91.3,47.6,1
cfe79d9e,Uttar Pradesh,Agra,Power Transmission,38.18,52,867,61.1,2,Under Hearing,29.5,2,58.8,Not Started,89.9,15.6,1
f3b347a3,Tamil Nadu,Madurai,Irrigation,15.83,47,949,90.1,2,Stay Order,25.5,3,31.3,Not Started,70.6,55.8,1
21fcc659,Bihar,Gaya,Industrial Corridor,8.29,57,953,84.0,2,Filed,26.6,1,13.2,Partial,73.5,8.3,0
53982ff8,Uttar Pradesh,Kanpur,Railway,4.31,25,751,51.3,1,Stay Order,30.1,2,44.7,Not Started,21.4,64.8,1
6e8a59eb,Maharashtra,Nagpur,Highway,67.31,40,1463,73.3,0,None,66.4,3,12.6,Full,53.5,23.6,0
4a33c35a,Odisha,Rourkela,Industrial Corridor,4.33,20,755,68.9,2,Under Hearing,14.0,3,14.9,Partial,85.0,59.3,1
f0919161,Odisha,Cuttack,Urban Development,14.75,34,206,26.9,1,Filed,80.5,2,11.4,Partial,42.5,49.8,1
dc96f9ff,Karnataka,Bengaluru,Power Transmission,14.16,41,1308,44.2,0,None,58.2,4,46.5,Partial,71.9,49.8,0
55222854,Madhya Pradesh,Jabalpur,Industrial Corridor,31.0,17,1003,75.0,2,Under Hearing,36.5,1,7.2,Not Started,68.2,51.8,1
b89b96b0,Odisha,Rourkela,Urban Development,25.63,132,1268,56.9,3,Filed,60.5,1,25.0,Not Started,32.4,27.3,1
8a34e67b,Karnataka,Belagavi,Power Transmission,21.89,14,921,94.7,2,Under Hearing,67.4,1,89.6,Partial,69.0,61.0,0
9e85c9dc,Gujarat,Vadodara,Railway,1.98,29,1344,74.3,0,None,21.3,3,8.4,Partial,76.2,22.9,0
85c04ba4,Bihar,Patna,Irrigation,17.9,16,1473,72.6,2,Resolved,30.7,1,23.2,Not Started,47.3,61.5,1
c735ef3d,Tamil Nadu,Salem,Highway,26.6,82,228,4.8,0,None,42.9,1,51.2,Partial,14.7,5.0,1
6bae35d5,Odisha,Cuttack,Highway,26.01,89,233,40.9,3,Resolved,44.1,2,4.2,Partial,50.5,44.4,0
85b85a0d,Tamil Nadu,Coimbatore,Power Transmission,6.58,61,603,50.7,3,Under Hearing,26.4,4,50.5,Full,18.6,58.8,1
2febef16,Bihar,Bhagalpur,Irrigation,10.47,95,88,60.6,0,None,49.6,5,6.7,Full,73.5,20.6,0
4194d2aa,Uttar Pradesh,Agra,Industrial Corridor,15.26,21,415,77.0,0,None,78.7,2,28.7,Partial,61.0,32.7,0
5c25466d,Karnataka,Belagavi,Urban Development,5.21,65,354,58.8,0,None,67.2,3,49.4,Not Started,66.8,16.9,0
d3920b98,Uttar Pradesh,Agra,Power Transmission,5.95,65,1082,24.2,0,None,66.1,3,7.9,Not Started,70.9,28.0,0
561a6fb9,Bihar,Patna,Highway,14.02,21,593,59.8,0,None,3.0,7,38.8,Full,36.6,44.5,1
93f8c666,Rajasthan,Kota,Irrigation,12.59,5,980,63.4,0,None,23.3,4,39.0,Partial,24.3,15.2,0
e6a6bfb6,West Bengal,Siliguri,Power Transmission,8.87,3,902,56.5,2,Resolved,63.9,4,8.8,Partial,66.3,50.9,0
a6278a5f,Gujarat,Surat,Railway,4.33,63,544,41.1,1,Stay Order,63.6,2,28.5,Not Started,52.2,32.2,1
449c2fe1,Gujarat,Ahmedabad,Power Transmission,4.26,139,767,77.6,2,Stay Order,83.1,3,34.6,Full,54.8,26.9,0
7d1f3ee2,Gujarat,Surat,Urban Development,4.27,35,907,29.2,1,Filed,50.0,4,22.6,Partial,62.9,51.0,1
03a36a06,Odisha,Cuttack,Power Transmission,28.68,28,1463,25.9,1,Under Hearing,64.2,4,16.6,Partial,74.2,50.3,0
2bf911a8,Uttar Pradesh,Agra,Highway,8.35,83,1175,48.1,0,None,89.6,0,10.8,Partial,32.2,56.3,1
b37f0ff6,Karnataka,Belagavi,Urban Development,18.5,33,302,74.5,1,Under Hearing,57.0,3,24.0,Full,31.6,5.3,1
9a5fc0a0,Bihar,Bhagalpur,Railway,14.18,30,642,64.0,0,None,75.1,3,20.6,Partial,57.7,28.2,0
bf2fb075,Odisha,Rourkela,Power Transmission,18.05,9,203,53.4,0,None,55.4,0,18.9,Partial,85.2,18.9,0
52e42de0,Gujarat,Surat,Irrigation,18.61,132,1316,74.5,2,Filed,49.0,2,33.3,Not Started,34.5,19.2,1
56098d9e,Karnataka,Bengaluru,Railway,1.84,100,350,91.0,1,Filed,65.8,2,16.7,Partial,61.8,18.5,1
e3926c69,Rajasthan,Kota,Urban Development,4.53,64,69,54.1,0,None,11.6,3,31.6,Partial,26.2,49.9,1
a0f04ddc,Maharashtra,Aurangabad,Power Transmission,3.66,69,1414,70.1,3,Under Hearing,82.3,3,18.9,Partial,16.6,37.2,1
dca60e0d,West Bengal,Howrah,Railway,20.52,19,1051,77.3,1,Filed,23.8,3,24.1,Full,27.6,6.9,0
6c7bd7db,West Bengal,Siliguri,Industrial Corridor,20.57,13,244,17.8,1,Stay Order,78.2,4,19.5,Full,77.2,44.0,1
0b413c70,Karnataka,Mysuru,Industrial Corridor,8.1,74,201,44.4,0,None,56.4,6,31.7,Partial,82.3,24.7,0
d0cf8f80,Maharashtra,Aurangabad,Urban Development,36.47,7,1254,41.2,1,Filed,60.2,2,4.2,Not Started,25.4,45.7,1
600e389c,Karnataka,Hubballi,Power Transmission,1.82,41,417,34.7,0,None,15.6,5,7.3,Partial,51.5,42.3,0
36ec8c21,Maharashtra,Thane,Railway,23.91,147,1290,30.5,0,None,37.7,4,34.2,Partial,14.8,29.2,1
75a832ab,Odisha,Cuttack,Irrigation,9.72,8,1050,97.4,1,Resolved,27.4,1,25.3,Partial,57.7,12.0,1
ba758ef1,Maharashtra,Thane,Urban Development,10.99,82,1362,87.0,0,None,74.3,1,41.9,Not Started,67.1,38.5,0
768ffea3,Gujarat,Rajkot,Industrial Corridor,2.16,12,222,25.8,1,Filed,58.3,1,147.9,Not Started,91.8,18.8,1
9022465e,Karnataka,Bengaluru,Irrigation,4.62,47,33,81.0,2,Under Hearing,56.4,4,70.7,Partial,72.6,32.2,1
21354c4c,Bihar,Patna,Railway,15.5,71,302,63.6,1,Filed,49.5,4,25.8,Full,63.3,19.4,1
ed5c27ae,Tamil Nadu,Coimbatore,Urban Development,122.4,28,186,45.2,3,Resolved,44.5,4,20.0,Partial,59.9,22.2,0
9cd1b778,Uttar Pradesh,Lucknow,Industrial Corridor,5.12,6,645,73.1,0,None,81.1,4,20.1,Full,47.3,30.5,1
8cc744cc,West Bengal,Howrah,Highway,6.04,20,951,19.9,0,None,42.4,1,24.5,Partial,56.6,46.2,1
cfc24cda,Bihar,Muzaffarpur,Industrial Corridor,30.09,179,582,16.9,2,Filed,34.9,2,31.4,Partial,23.8,34.9,1
22347501,Uttar Pradesh,Varanasi,Industrial Corridor,34.08,95,1359,54.4,1,Resolved,59.8,2,1.5,Full,37.6,27.7,0
a82af3fb,Rajasthan,Jaipur,Industrial Corridor,21.25,20,339,32.0,2,Resolved,55.9,5,10.0,Partial,59.4,12.1,1
bf319cad,Madhya Pradesh,Indore,Highway,6.19,116,751,62.8,1,Under Hearing,31.7,0,23.0,Partial,37.4,10.1,1
8705b3c9,Karnataka,Belagavi,Railway,52.99,359,106,26.9,1,Filed,46.6,6,15.2,Full,59.2,29.0,0
ac48b391,Gujarat,Rajkot,Urban Development,11.82,573,569,74.0,0,None,34.6,2,27.7,Partial,70.2,25.3,0
1077266d,West Bengal,Kolkata,Power Transmission,25.14,95,1082,20.9,1,Under Hearing,43.7,3,42.0,Not Started,72.2,38.2,1
595ab26c,Bihar,Patna,Highway,28.32,28,1191,56.5,0,None,75.4,1,44.3,Partial,73.7,57.8,0
46b1a601,Karnataka,Bengaluru,Railway,59.59,47,558,52.8,3,Filed,36.1,6,37.5,Full,62.5,18.6,1
74608654,Tamil Nadu,Chennai,Highway,18.88,13,583,73.0,1,Filed,65.5,1,21.8,Full,81.8,46.2,0
2b937c04,Gujarat,Ahmedabad,Industrial Corridor,72.2,168,1255,86.0,2,Under Hearing,63.4,2,8.9,Partial,43.3,31.5,1
d9ed91bd,Uttar Pradesh,Kanpur,Power Transmission,7.2,68,894,49.8,1,Filed,12.2,1,38.8,Full,70.5,43.8,1
a65aff6f,Tamil Nadu,Coimbatore,Irrigation,21.33,65,175,47.2,1,Filed,37.8,3,43.6,Partial,90.6,42.2,1
f7a8fbe3,Odisha,Cuttack,Railway,11.44,65,594,63.9,1,Filed,35.4,2,37.6,Not Started,56.9,42.9,1
19df39cc,Tamil Nadu,Chennai,Power Transmission,8.23,47,535,27.4,1,Under Hearing,28.0,4,27.8,Partial,68.8,17.7,1
7a71ef72,Gujarat,Rajkot,Highway,5.27,62,988,90.2,1,Stay Order,79.5,3,46.7,Partial,64.4,35.3,1
69085637,Karnataka,Bengaluru,Power Transmission,18.92,32,410,63.1,0,None,84.3,2,32.1,Partial,69.7,44.6,0
31743e1b,Uttar Pradesh,Agra,Industrial Corridor,5.31,166,185,30.9,0,None,12.9,2,30.2,Not Started,44.9,20.7,1
e6da0510,Uttar Pradesh,Meerut,Highway,6.09,14,1017,53.7,0,None,69.7,4,49.5,Not Started,33.4,5.0,1
5eb61548,Maharashtra,Pune,Irrigation,26.3,97,983,52.0,0,None,32.5,2,3.4,Full,82.1,44.9,0
91653250,West Bengal,Howrah,Industrial Corridor,86.27,124,678,81.3,0,None,27.0,3,18.1,Not Started,69.7,34.6,0
8fe3a155,Tamil Nadu,Salem,Power Transmission,11.25,51,1190,85.6,0,None,51.1,4,32.9,Partial,32.0,23.8,0
644026f2,Gujarat,Ahmedabad,Urban Development,15.07,37,391,53.0,0,None,21.6,5,55.9,Full,90.2,31.0,1
dcd59c5e,Gujarat,Surat,Railway,18.14,246,483,38.8,2,Stay Order,36.4,5,16.4,Partial,70.0,49.2,1
011c1e30,Uttar Pradesh,Agra,Urban Development,3.1,66,1292,55.0,0,None,40.4,4,22.2,Full,73.2,55.3,0
1c2df3d5,Uttar Pradesh,Agra,Railway,90.34,37,572,80.3,0,None,67.3,2,34.1,Partial,36.4,61.3,0
85fc8a1a,Gujarat,Ahmedabad,Industrial Corridor,5.07,54,1381,18.1,0,None,40.8,5,12.3,Full,31.0,27.6,1
2b0000ab,Karnataka,Hubballi,Urban Development,33.82,36,722,58.0,1,Filed,35.1,3,36.1,Not Started,51.2,58.3,1
474393a3,Madhya Pradesh,Bhopal,Urban Development,3.84,96,1148,42.1,1,Resolved,70.6,5,40.8,Partial,85.1,32.5,0
4ab21460,Bihar,Muzaffarpur,Urban Development,4.11,40,673,59.0,0,None,31.6,7,50.4,Not Started,65.7,5.2,0
4c0bc8f0,Rajasthan,Udaipur,Power Transmission,4.13,31,223,56.8,2,Stay Order,84.6,2,32.4,Not Started,41.6,29.1,1
f471b445,Bihar,Muzaffarpur,Urban Development,41.9,252,1368,67.4,0,None,59.1,2,41.2,Not Started,33.8,21.5,1
0224671d,Uttar Pradesh,Meerut,Urban Development,26.63,100,1377,24.9,1,Under Hearing,84.8,5,64.4,Partial,39.3,21.7,1
1ac839ab,Odisha,Cuttack,Urban Development,5.78,136,1062,29.0,1,Resolved,69.8,0,24.1,Partial,73.5,47.5,0
9ecc14d6,Maharashtra,Nagpur,Power Transmission,4.14,58,1440,23.1,1,Under Hearing,49.4,2,7.5,Full,83.2,27.9,1
ee0c69ed,Madhya Pradesh,Indore,Power Transmission,11.51,62,705,85.9,1,Under Hearing,68.1,5,47.1,Partial,49.0,51.9,0
481b8dda,Rajasthan,Jodhpur,Railway,56.03,19,1378,52.6,3,Filed,13.6,3,33.1,Partial,62.6,26.5,1
df538034,Maharashtra,Nashik,Power Transmission,53.18,19,1419,33.7,1,Resolved,40.4,2,30.7,Partial,19.2,36.1,0
97eb9bad,Rajasthan,Kota,Railway,72.34,6,709,66.3,0,None,30.1,2,12.7,Partial,63.9,35.0,0
1a33989f,Madhya Pradesh,Bhopal,Industrial Corridor,13.83,167,1079,61.2,1,Filed,60.0,2,62.1,Full,95.4,62.7,1
5e6e9fb2,Uttar Pradesh,Agra,Urban Development,26.09,289,1108,86.9,1,Filed,28.7,5,20.6,Partial,55.8,29.7,1
1e28d01d,Madhya Pradesh,Indore,Railway,76.93,31,561,73.0,2,Filed,69.0,5,30.3,Not Started,72.7,21.2,1
de326cfe,Bihar,Muzaffarpur,Highway,18.54,86,601,10.2,0,None,54.4,3,10.4,Full,52.6,38.5,0
715d627c,Rajasthan,Udaipur,Industrial Corridor,2.91,28,253,38.3,0,None,13.7,1,5.3,Full,95.2,39.8,1
55285c97,Odisha,Rourkela,Railway,10.27,64,219,88.4,0,None,33.5,3,51.3,Not Started,59.4,21.6,1
105e3dcc,Karnataka,Hubballi,Irrigation,6.91,9,565,45.7,0,None,32.6,2,9.2,Partial,41.3,62.1,1
8adc21fd,Odisha,Rourkela,Industrial Corridor,9.33,67,1000,92.5,1,Under Hearing,25.7,3,14.7,Partial,50.3,29.1,1
2d4fcca0,Uttar Pradesh,Kanpur,Irrigation,32.76,7,1489,66.8,0,None,57.2,3,5.8,Partial,39.4,40.0,0
f0dd18e5,West Bengal,Howrah,Power Transmission,7.17,11,1381,18.6,1,Under Hearing,27.2,1,59.4,Partial,71.1,36.1,1
3a4ea265,Madhya Pradesh,Jabalpur,Urban Development,58.35,23,888,62.9,0,None,30.9,1,38.0,Partial,55.4,5.0,1
018217fc,Rajasthan,Udaipur,Urban Development,13.3,15,1429,13.2,1,Resolved,82.6,2,16.0,Not Started,93.0,37.5,0
4ba58cdd,West Bengal,Kolkata,Industrial Corridor,47.58,166,660,42.6,0,None,35.3,2,49.6,Full,95.8,33.2,0
bb130045,Madhya Pradesh,Bhopal,Power Transmission,73.35,6,1334,50.6,2,Filed,63.5,4,25.0,Partial,41.7,27.3,1
2376b6aa,West Bengal,Siliguri,Power Transmission,16.28,14,371,27.6,0,None,14.7,4,56.8,Partial,63.3,22.9,1
b3119286,Uttar Pradesh,Meerut,Highway,2.43,13,155,66.7,0,None,31.7,3,21.0,Not Started,72.0,41.7,0
e41f6828,Madhya Pradesh,Bhopal,Urban Development,8.94,270,626,55.8,2,Filed,39.4,1,35.3,Partial,61.4,28.9,1
1594e931,Rajasthan,Kota,Urban Development,33.66,786,267,66.9,2,Filed,14.9,2,3.3,Not Started,66.3,33.0,1
31be7ea8,Tamil Nadu,Madurai,Industrial Corridor,5.35,60,1220,71.5,0,None,44.7,1,13.6,Partial,32.6,59.9,1
48a008fa,Madhya Pradesh,Indore,Power Transmission,7.16,31,70,69.3,3,Filed,16.5,1,32.4,Not Started,70.1,22.8,0
4fd31a27,West Bengal,Howrah,Irrigation,106.33,96,849,71.7,2,Under Hearing,48.7,2,5.7,Partial,46.2,32.5,0
4237aec1,Gujarat,Rajkot,Industrial Corridor,3.93,11,921,60.6,1,Stay Order,83.4,4,5.8,Partial,61.2,34.9,1
31d72a04,Maharashtra,Pune,Industrial Corridor,4.57,126,844,63.9,0,None,48.6,2,21.0,Not Started,47.8,55.8,1
4d754bcc,Odisha,Cuttack,Power Transmission,14.97,154,508,5.4,1,Filed,25.7,2,15.5,Full,62.2,36.1,1
591e761c,Rajasthan,Jodhpur,Railway,20.54,254,1135,45.4,0,None,85.6,2,13.9,Partial,31.9,56.0,0
eed86f45,West Bengal,Kolkata,Highway,15.25,20,847,15.1,0,None,78.8,0,38.3,Full,88.7,13.6,0
123ef6db,Gujarat,Vadodara,Irrigation,12.66,48,208,26.5,0,None,53.0,3,28.4,Not Started,43.6,48.8,1
2412c882,Gujarat,Vadodara,Railway,102.56,13,998,18.4,0,None,59.8,0,16.6,Not Started,68.4,29.5,1
81b150da,Karnataka,Hubballi,Urban Development,33.94,46,158,25.3,0,None,21.0,3,29.8,Full,23.5,50.2,1
d7015efd,Rajasthan,Kota,Railway,22.52,120,1155,93.1,0,None,49.2,2,28.0,Partial,74.4,25.1,0
04ed7e46,Bihar,Patna,Highway,5.3,15,983,47.8,0,None,11.9,2,15.8,Partial,37.9,47.7,0
940b4e05,Gujarat,Surat,Urban Development,28.92,214,1333,37.6,1,Under Hearing,37.3,2,2.8,Not Started,65.5,55.6,1
67d73416,Rajasthan,Jaipur,Irrigation,18.93,50,654,36.6,1,Resolved,43.8,0,22.2,Partial,31.0,25.7,0
428f00fa,West Bengal,Howrah,Railway,3.33,13,1406,65.2,1,Under Hearing,47.5,1,34.8,Partial,39.0,18.3,1
d0680e6e,Karnataka,Mysuru,Urban Development,38.7,79,821,56.5,1,Resolved,54.9,0,52.2,Full,65.2,14.3,0
3ebba637,Uttar Pradesh,Lucknow,Power Transmission,41.27,29,1372,52.7,0,None,22.1,3,32.6,Partial,31.4,37.0,1
d8350edc,Karnataka,Hubballi,Industrial Corridor,65.9,76,1346,30.4,1,Under Hearing,44.0,4,3.7,Partial,35.4,47.0,1
7c021265,West Bengal,Howrah,Industrial Corridor,2.47,154,304,28.7,1,Stay Order,31.9,2,11.8,Partial,54.4,31.9,1
25782d26,West Bengal,Kolkata,Industrial Corridor,5.28,1257,695,46.3,0,None,75.5,3,83.6,Partial,70.8,38.5,0
f628aa1d,Gujarat,Rajkot,Urban Development,8.2,134,255,45.8,0,None,65.2,5,20.8,Full,49.3,65.5,1
eddf02d0,Uttar Pradesh,Lucknow,Highway,6.3,8,761,32.0,1,Under Hearing,16.2,3,24.0,Not Started,57.0,47.2,1
764f5e78,Rajasthan,Jodhpur,Railway,3.33,13,1244,55.3,0,None,59.8,1,38.3,Full,38.6,58.8,0
397ceef8,Odisha,Bhubaneswar,Irrigation,18.52,9,32,43.4,1,Resolved,75.4,5,15.6,Full,65.6,37.4,0
582d27fa,Gujarat,Surat,Urban Development,6.87,72,1309,57.5,1,Filed,31.5,1,54.6,Partial,41.3,59.2,0
b6792cee,West Bengal,Kolkata,Industrial Corridor,42.26,14,674,39.6,1,Under Hearing,61.0,2,20.0,Full,41.1,17.2,1
236f5ae9,Rajasthan,Jodhpur,Railway,6.41,168,358,50.1,0,None,38.0,5,41.0,Full,16.2,59.7,0
d41324b7,Tamil Nadu,Coimbatore,Irrigation,23.54,27,1431,65.7,1,Stay Order,20.9,2,10.4,Not Started,67.9,44.1,1
bb4e2ef0,Tamil Nadu,Chennai,Industrial Corridor,20.89,50,818,81.2,0,None,78.5,3,22.0,Full,53.4,47.4,0
b10b4d3c,Karnataka,Belagavi,Industrial Corridor,17.35,38,269,15.6,1,Filed,66.6,5,22.0,Partial,65.8,63.2,1
ff82846c,Karnataka,Bengaluru,Highway,21.13,32,768,52.0,0,None,48.8,5,21.4,Not Started,16.8,31.9,1
c6af9aa7,Bihar,Patna,Urban Development,11.72,55,824,35.6,0,None,29.6,3,26.6,Partial,69.2,23.2,0
bd3ca1da,Tamil Nadu,Salem,Highway,56.47,155,478,67.5,0,None,69.9,0,39.7,Not Started,80.2,36.7,1
d86e8401,Maharashtra,Nagpur,Power Transmission,23.87,26,374,41.4,1,Filed,36.5,1,16.0,Partial,34.4,33.4,1
8126d3b2,Uttar Pradesh,Meerut,Railway,7.89,58,523,52.0,0,None,80.0,1,51.6,Partial,41.5,39.8,0
2e948678,Maharashtra,Pune,Irrigation,62.86,35,1160,44.9,0,None,28.0,3,5.5,Full,24.8,32.8,1
10806f3d,Bihar,Muzaffarpur,Highway,28.76,238,106,89.2,2,Resolved,53.8,0,4.3,Not Started,68.0,27.9,0
708dfabd,West Bengal,Siliguri,Industrial Corridor,14.21,36,1179,38.9,0,None,9.4,2,38.5,Full,62.7,26.8,1
165a56c4,Maharashtra,Thane,Irrigation,1.12,3,1008,54.5,0,None,25.0,4,27.1,Not Started,19.9,39.8,0
a807d4d7,Maharashtra,Nashik,Irrigation,3.12,53,115,80.7,0,None,75.2,3,30.8,Full,69.4,43.2,0
0fcb750b,Karnataka,Hubballi,Highway,10.16,186,949,36.3,0,None,94.3,3,8.1,Full,47.8,53.4,1
054d2462,West Bengal,Siliguri,Power Transmission,6.48,37,228,85.2,0,None,65.2,1,52.5,Partial,43.1,31.0,1
d2ca1429,Uttar Pradesh,Lucknow,Urban Development,2.93,139,950,34.1,0,None,17.9,4,8.8,Partial,45.7,34.8,1
aa7176dd,Odisha,Bhubaneswar,Railway,26.45,32,924,94.8,1,Resolved,68.0,3,33.4,Partial,61.4,13.9,1
b6d63e24,Uttar Pradesh,Meerut,Urban Development,24.4,130,928,49.6,0,None,44.6,6,20.3,Not Started,36.3,52.7,1
5e151f5d,Madhya Pradesh,Indore,Highway,13.13,27,414,29.7,1,Under Hearing,24.2,5,17.2,Not Started,99.1,29.9,1
a4dd8458,Odisha,Bhubaneswar,Highway,7.18,33,553,86.8,1,Under Hearing,61.8,3,37.9,Not Started,28.8,37.4,0
5287cfad,Madhya Pradesh,Bhopal,Railway,8.84,13,1114,84.8,1,Filed,18.1,2,20.8,Full,94.4,60.9,0
6c34de01,Karnataka,Bengaluru,Industrial Corridor,11.78,22,1010,57.0,0,None,87.7,0,13.2,Partial,81.9,27.3,1
5e0d1afd,Tamil Nadu,Chennai,Power Transmission,30.66,153,437,81.8,0,None,33.7,2,34.9,Not Started,72.0,8.9,1
57471793,Karnataka,Mysuru,Highway,3.2,54,499,62.2,2,Resolved,53.2,1,20.8,Full,73.8,8.4,0
9aa89422,Madhya Pradesh,Bhopal,Irrigation,6.71,25,1145,58.7,3,Filed,50.0,5,19.9,Partial,64.8,66.6,1
e892370d,Tamil Nadu,Salem,Power Transmission,9.02,73,878,35.5,1,Under Hearing,22.4,3,48.7,Not Started,77.2,20.0,1
5e33560d,Odisha,Bhubaneswar,Urban Development,38.48,50,267,22.0,1,Resolved,59.5,4,22.4,Not Started,49.8,35.8,0
24b2e33e,Madhya Pradesh,Gwalior,Industrial Corridor,30.53,28,311,46.2,2,Resolved,38.5,4,38.8,Not Started,95.0,65.6,0
42f6c596,Karnataka,Mysuru,Industrial Corridor,5.77,19,248,39.9,1,Under Hearing,27.0,5,40.9,Partial,52.4,27.9,1
66a199c9,Tamil Nadu,Salem,Irrigation,41.64,76,634,37.8,1,Stay Order,57.3,2,16.5,Full,15.5,64.1,1
46081151,Gujarat,Rajkot,Irrigation,73.81,266,1364,11.1,2,Under Hearing,52.9,4,15.0,Not Started,68.4,32.5,1
2d721730,Maharashtra,Pune,Highway,5.24,77,477,58.8,1,Filed,53.0,2,37.2,Partial,96.7,80.0,0
42aad245,Odisha,Cuttack,Highway,19.59,33,583,16.8,1,Under Hearing,68.6,3,32.5,Full,24.7,27.0,1
1c36b085,West Bengal,Kolkata,Highway,4.45,35,492,91.7,1,Stay Order,34.8,4,112.6,Partial,22.8,8.2,1
dc8e3454,Uttar Pradesh,Lucknow,Industrial Corridor,24.44,16,117,34.5,1,Filed,32.9,5,22.3,Full,51.7,52.6,1
484da991,Bihar,Muzaffarpur,Highway,24.18,581,1013,35.0,0,None,48.1,3,17.9,Partial,54.2,41.7,1
e5b82613,Maharashtra,Thane,Power Transmission,41.1,406,338,89.4,0,None,68.8,2,21.7,Not Started,22.6,30.4,1
c9e5f419,Bihar,Patna,Urban Development,3.39,9,440,52.0,2,Filed,83.6,3,10.3,Partial,71.9,38.9,1
343d1027,Tamil Nadu,Madurai,Power Transmission,4.45,19,114,78.5,0,None,31.0,3,11.1,Full,74.7,28.8,0
46009e46,Karnataka,Mysuru,Industrial Corridor,6.68,55,1411,31.6,0,None,28.6,0,36.0,Partial,33.1,37.3,1
0887afd6,Odisha,Bhubaneswar,Industrial Corridor,24.02,37,1422,89.7,0,None,77.8,0,6.7,Full,49.0,44.0,0
2c27d7a3,Gujarat,Vadodara,Railway,30.3,47,1362,62.7,1,Stay Order,62.9,2,12.5,Partial,63.0,26.5,1
cffbc9a6,Bihar,Bhagalpur,Irrigation,6.24,32,201,37.5,2,Filed,26.0,2,16.5,Partial,75.2,16.4,0
cab781b3,Maharashtra,Nashik,Industrial Corridor,3.54,51,884,63.6,0,None,19.2,1,20.9,Full,66.1,45.2,1
27f7d4f9,Karnataka,Mysuru,Railway,4.14,164,49,43.5,0,None,15.3,0,13.8,Full,65.1,35.3,0
39ebf7c9,Tamil Nadu,Chennai,Urban Development,3.41,33,1087,26.1,0,None,37.8,3,35.9,Full,33.6,32.2,1
fd1c6bf7,Gujarat,Vadodara,Urban Development,2.48,48,1259,86.8,0,None,37.3,1,32.5,Partial,81.7,44.5,0
d41d9ef2,Uttar Pradesh,Lucknow,Urban Development,6.98,177,950,17.6,0,None,71.6,2,28.8,Partial,24.5,5.0,0
d8ea3c4d,Odisha,Bhubaneswar,Power Transmission,1.71,31,1481,55.2,0,None,4.0,1,33.7,Partial,25.0,38.2,0
9e3e0214,Gujarat,Ahmedabad,Industrial Corridor,10.99,103,448,38.5,0,None,10.2,1,25.9,Partial,44.2,16.4,1
0b1c134d,West Bengal,Kolkata,Urban Development,73.79,161,1441,45.9,1,Stay Order,87.7,4,12.9,Full,62.0,52.7,1
d271adca,Rajasthan,Jodhpur,Industrial Corridor,9.65,7,142,52.0,0,None,68.3,1,7.4,Full,21.4,47.8,1
99e6bef9,Odisha,Bhubaneswar,Railway,17.21,59,1254,23.2,0,None,80.3,2,49.4,Partial,11.6,50.5,0
0a4a11e5,Rajasthan,Jodhpur,Railway,4.88,10,487,70.0,0,None,41.4,0,3.9,Not Started,89.4,36.0,0
ec1bd724,West Bengal,Kolkata,Power Transmission,13.79,43,757,29.7,2,Filed,75.2,0,29.4,Partial,37.0,27.4,1
af8575b7,Bihar,Patna,Industrial Corridor,34.01,81,687,31.1,0,None,34.7,2,24.1,Full,41.0,43.4,1
cae64358,Uttar Pradesh,Kanpur,Irrigation,29.31,7,793,78.8,1,Filed,78.0,3,12.2,Not Started,73.0,50.6,1
ade61d4d,Bihar,Patna,Highway,15.17,79,746,51.1,0,None,78.7,2,20.3,Partial,20.5,42.7,0
08ffb1bd,Tamil Nadu,Madurai,Urban Development,17.78,49,1086,22.7,0,None,28.7,4,9.9,Full,58.2,52.1,1
1767f425,Maharashtra,Aurangabad,Urban Development,14.56,13,778,21.2,1,Resolved,41.5,2,18.7,Partial,14.6,26.6,1
f9723dcb,Odisha,Rourkela,Irrigation,24.95,195,951,93.2,0,None,11.2,2,27.5,Full,79.4,37.7,0
ea7b96eb,Madhya Pradesh,Bhopal,Irrigation,5.87,72,1147,59.7,1,Under Hearing,48.5,3,11.0,Full,54.6,14.3,0
ed0c1534,Bihar,Patna,Irrigation,0.49,214,536,69.3,1,Filed,42.0,3,19.4,Partial,49.2,26.3,0
0c07eba7,Uttar Pradesh,Lucknow,Industrial Corridor,47.1,17,279,75.7,3,Under Hearing,38.2,2,13.5,Full,56.1,33.8,1
2d7f7443,Maharashtra,Nashik,Industrial Corridor,22.19,189,542,73.0,2,Under Hearing,15.5,7,22.1,Partial,39.1,20.9,1
2052d976,Gujarat,Vadodara,Power Transmission,26.97,13,878,40.6,2,Filed,77.4,8,24.4,Not Started,23.5,33.2,0
67dba99f,Bihar,Gaya,Industrial Corridor,11.79,56,1285,55.6,0,None,24.6,2,70.3,Full,71.4,51.8,1
44107319,Gujarat,Surat,Railway,42.52,38,303,81.7,1,Resolved,26.0,2,33.7,Full,21.2,15.3,1
8b473aa5,Uttar Pradesh,Lucknow,Irrigation,8.19,75,185,25.4,0,None,59.9,6,3.5,Not Started,46.4,36.2,1
7de928e9,Uttar Pradesh,Kanpur,Irrigation,29.87,51,1167,75.7,1,Filed,33.3,1,38.6,Partial,74.5,28.2,1
283f3f41,West Bengal,Howrah,Irrigation,54.97,75,1001,92.3,1,Filed,20.9,1,7.7,Partial,21.0,62.1,1
bf4adcb3,Madhya Pradesh,Bhopal,Industrial Corridor,14.02,45,329,58.6,0,None,6.2,1,30.5,Partial,96.3,41.3,0
a8868345,Bihar,Bhagalpur,Railway,3.77,20,100,41.5,1,Under Hearing,90.5,0,26.0,Not Started,81.1,18.8,0
3a2253c3,Gujarat,Rajkot,Irrigation,5.46,123,1355,80.2,1,Resolved,9.1,1,39.7,Partial,58.6,56.1,0
9aab3768,Bihar,Muzaffarpur,Industrial Corridor,8.58,6,352,18.2,0,None,59.8,3,12.2,Partial,77.8,30.5,1
c4dab2ba,Maharashtra,Nashik,Highway,14.89,95,1457,43.8,2,Stay Order,34.3,1,56.6,Partial,88.5,37.3,1
8abfe48f,Maharashtra,Nashik,Highway,5.93,34,928,55.3,0,None,39.0,2,14.8,Not Started,18.1,21.5,1
8b754924,Bihar,Patna,Railway,2.01,170,317,83.9,3,Filed,34.7,3,18.3,Full,52.8,34.7,0
f24e21e7,West Bengal,Durgapur,Urban Development,4.48,56,148,61.9,3,Under Hearing,39.0,1,14.5,Full,41.1,33.9,1
42919248,Gujarat,Ahmedabad,Highway,5.11,308,229,58.5,1,Stay Order,60.1,1,41.3,Full,56.9,19.3,1
b92e813a,Madhya Pradesh,Indore,Irrigation,10.1,7,1334,55.1,0,None,70.5,2,37.5,Not Started,68.8,49.9,0
4f9ebfb8,Rajasthan,Jaipur,Power Transmission,6.69,117,119,18.9,1,Under Hearing,87.1,1,27.1,Partial,70.2,42.6,0
f22a45f1,Maharashtra,Nashik,Highway,14.64,19,1249,78.2,0,None,5.6,2,5.5,Partial,53.7,60.2,0
ccd57560,Uttar Pradesh,Meerut,Highway,60.31,186,984,62.5,0,None,28.6,3,2.6,Not Started,35.2,38.7,1
f55668fd,Gujarat,Ahmedabad,Power Transmission,21.52,7,1117,65.3,2,Resolved,68.1,2,71.9,Not Started,67.2,17.3,0
b83de2b1,Maharashtra,Pune,Power Transmission,9.37,358,955,55.4,1,Resolved,24.4,1,22.1,Not Started,79.3,22.3,1
7ef01591,Maharashtra,Thane,Power Transmission,14.44,52,1146,98.9,0,None,31.4,3,54.5,Partial,69.0,58.8,1
ff695e17,West Bengal,Durgapur,Highway,53.48,234,1379,35.1,1,Under Hearing,24.0,4,16.9,Not Started,81.9,13.8,1
54e74b45,Maharashtra,Aurangabad,Irrigation,39.45,345,720,40.3,1,Filed,71.8,1,24.4,Not Started,62.4,45.0,1
f4fe0f4d,West Bengal,Durgapur,Power Transmission,11.27,110,85,19.7,1,Filed,20.1,1,43.6,Partial,78.1,53.9,1
3583cc02,Madhya Pradesh,Bhopal,Highway,1.34,72,534,91.2,0,None,21.1,3,15.6,Full,58.0,33.6,1
d8a06f0d,Maharashtra,Thane,Highway,5.84,59,1483,58.7,2,Filed,3.6,2,4.4,Partial,12.0,54.0,0
96d75d38,Rajasthan,Jaipur,Railway,22.22,70,860,60.8,0,None,20.9,1,32.0,Partial,21.8,49.1,0
3adcbb2a,Tamil Nadu,Salem,Industrial Corridor,3.94,15,182,18.4,0,None,4.0,3,25.5,Partial,64.6,55.0,1
95bdb61e,Odisha,Bhubaneswar,Railway,22.81,9,296,70.4,0,None,82.4,1,12.1,Full,76.6,44.6,1
dad955d5,Gujarat,Ahmedabad,Highway,135.8,43,1248,14.1,1,Under Hearing,27.0,0,74.1,Partial,31.2,23.3,1
8dd31528,Uttar Pradesh,Varanasi,Irrigation,3.7,44,250,95.6,0,None,65.3,1,16.6,Partial,60.7,44.0,0
d33afeed,Gujarat,Surat,Power Transmission,5.61,34,1245,68.6,0,None,46.8,3,44.5,Partial,62.9,16.3,0
c8de74bc,Maharashtra,Aurangabad,Power Transmission,19.97,283,990,62.8,0,None,16.7,1,57.6,Partial,24.0,24.4,1
52aa015f,West Bengal,Siliguri,Irrigation,9.22,474,663,84.6,0,None,29.0,5,30.8,Partial,63.9,47.7,0
957605b7,Madhya Pradesh,Indore,Industrial Corridor,10.97,12,608,79.0,0,None,40.0,3,31.5,Partial,38.3,68.1,1
a8d8d1f9,Tamil Nadu,Chennai,Urban Development,5.3,31,268,37.2,0,None,58.9,1,40.6,Not Started,49.4,61.5,1
82cdb3a0,Gujarat,Vadodara,Industrial Corridor,33.61,14,837,29.3,1,Resolved,35.2,2,30.9,Partial,68.3,37.8,0
dc63ea07,Uttar Pradesh,Varanasi,Railway,18.05,65,526,71.3,0,None,56.6,3,27.9,Not Started,75.2,20.2,0
bf38b917,West Bengal,Kolkata,Highway,24.1,32,452,73.6,0,None,56.2,1,33.2,Full,70.1,55.5,0
1a023788,Madhya Pradesh,Indore,Irrigation,36.45,1271,50,77.5,2,Filed,58.2,1,6.1,Not Started,53.8,22.0,0
fa1f7039,Bihar,Patna,Railway,119.14,3,807,48.7,1,Filed,72.4,2,53.0,Partial,34.8,30.6,1
d4fe0859,Bihar,Bhagalpur,Highway,3.91,101,1080,96.3,0,None,30.6,3,73.1,Full,47.4,38.3,0
99b259d2,Madhya Pradesh,Indore,Highway,14.73,36,455,70.9,1,Under Hearing,14.0,1,28.0,Not Started,92.8,51.5,1
f2e6c29d,Odisha,Bhubaneswar,Irrigation,12.31,34,1438,73.5,1,Filed,58.9,1,8.1,Not Started,74.8,38.9,0
7e272bc7,Odisha,Bhubaneswar,Irrigation,24.27,15,615,34.3,1,Under Hearing,59.1,2,51.7,Full,57.1,40.2,0
ec192a3d,Madhya Pradesh,Bhopal,Urban Development,8.32,749,1498,73.7,4,Under Hearing,67.8,4,69.8,Partial,25.9,37.8,1
ddc7acb1,Gujarat,Vadodara,Urban Development,25.44,114,125,67.7,2,Filed,9.2,1,15.9,Partial,77.9,51.5,1
d13eea8b,Gujarat,Surat,Railway,17.99,185,1312,46.7,0,None,38.1,1,11.6,Not Started,63.3,34.6,0
f666e0e7,Gujarat,Vadodara,Urban Development,30.12,15,142,22.2,2,Filed,37.2,2,39.8,Not Started,38.3,42.5,1
272006d3,Madhya Pradesh,Jabalpur,Highway,1.94,9,1240,77.1,1,Stay Order,14.5,1,9.2,Full,61.4,37.3,1
a28d2a46,Bihar,Patna,Industrial Corridor,27.47,9,592,70.5,1,Stay Order,79.0,2,12.8,Not Started,80.6,46.3,1
4c4e4d9c,Gujarat,Ahmedabad,Highway,9.38,72,1280,80.5,4,Under Hearing,73.6,5,29.1,Partial,95.6,43.9,1
cda33596,Karnataka,Hubballi,Highway,9.1,8,73,42.7,0,None,56.1,1,75.9,Not Started,90.3,43.2,1
092fdc82,Gujarat,Ahmedabad,Industrial Corridor,13.41,10,1310,47.4,0,None,15.5,3,30.5,Partial,71.9,29.3,0
1f754125,Karnataka,Hubballi,Highway,9.35,148,439,75.0,0,None,75.8,1,31.0,Full,70.8,44.4,0
2a6a8c9e,Rajasthan,Kota,Power Transmission,33.04,82,565,43.3,1,Filed,36.3,1,22.6,Full,38.0,29.9,1
b19cd78f,Odisha,Bhubaneswar,Railway,12.11,77,1184,28.0,0,None,68.0,3,11.6,Partial,91.6,14.9,1
1ba19075,Madhya Pradesh,Gwalior,Industrial Corridor,12.95,89,1063,54.6,1,Filed,7.6,3,9.7,Partial,57.3,39.6,1
1a8f2d50,Bihar,Patna,Highway,5.09,81,1235,93.1,1,Filed,40.3,1,37.3,Not Started,24.4,39.9,0
4d129151,Karnataka,Belagavi,Power Transmission,9.63,29,205,47.7,2,Under Hearing,34.8,1,15.9,Not Started,52.5,7.0,1
5e294a54,Odisha,Bhubaneswar,Highway,13.4,6,347,20.8,2,Filed,50.9,0,20.1,Not Started,81.3,11.5,1
33a8ffb9,Odisha,Bhubaneswar,Industrial Corridor,20.27,108,653,81.0,1,Stay Order,65.2,2,38.7,Full,61.5,46.1,1
342a624c,Rajasthan,Jaipur,Railway,14.37,60,96,40.1,2,Resolved,17.6,2,87.8,Partial,83.4,63.2,1
94de73c6,Maharashtra,Nagpur,Industrial Corridor,44.9,24,491,52.4,1,Filed,28.0,2,4.4,Full,7.3,45.6,1
ce21b099,Maharashtra,Aurangabad,Power Transmission,11.45,10,136,16.6,2,Under Hearing,23.9,4,38.0,Partial,33.4,57.1,1
fafc3097,Tamil Nadu,Chennai,Urban Development,16.04,15,266,86.8,0,None,57.7,2,43.0,Full,54.7,12.5,1
601da655,Tamil Nadu,Salem,Irrigation,10.82,33,849,58.1,1,Under Hearing,20.4,4,33.3,Not Started,64.8,26.4,1
b607364f,Rajasthan,Udaipur,Railway,44.7,31,804,34.9,0,None,14.3,2,43.8,Partial,79.7,35.7,1
ede8befa,Gujarat,Vadodara,Railway,12.6,56,580,57.1,0,None,65.5,3,31.4,Partial,61.6,29.4,1
60a96ee5,Uttar Pradesh,Varanasi,Railway,4.39,109,489,56.2,3,Filed,33.1,1,22.5,Partial,13.8,68.8,1
c6d973d2,Odisha,Cuttack,Power Transmission,7.96,102,719,50.4,0,None,31.4,0,16.4,Not Started,67.1,23.4,0
485246d7,West Bengal,Kolkata,Industrial Corridor,4.93,14,546,40.6,1,Resolved,23.1,1,39.9,Not Started,24.1,47.7,0
803620ee,Bihar,Bhagalpur,Highway,35.9,78,348,79.7,0,None,20.9,0,22.1,Full,61.7,47.8,1
1be666a2,Madhya Pradesh,Bhopal,Irrigation,3.16,193,1150,49.3,0,None,74.9,4,20.9,Not Started,45.6,32.5,1
6b319abf,Odisha,Cuttack,Power Transmission,39.5,68,616,37.3,1,Filed,58.7,8,23.5,Full,55.5,26.5,1
94229da5,Uttar Pradesh,Lucknow,Urban Development,20.72,50,990,40.9,0,None,25.9,3,12.5,Not Started,67.9,60.5,1
8cf9cc1a,Odisha,Bhubaneswar,Irrigation,10.22,110,268,74.5,2,Under Hearing,33.4,0,17.6,Partial,28.0,35.0,1
5378c6b8,Tamil Nadu,Madurai,Highway,20.51,35,290,36.0,1,Filed,30.8,3,17.6,Full,52.7,25.7,1
27306e07,Bihar,Gaya,Highway,57.54,73,1477,38.7,0,None,33.1,2,22.4,Partial,52.2,51.0,1
4916c647,Madhya Pradesh,Jabalpur,Irrigation,15.39,29,377,48.5,1,Resolved,68.4,1,3.7,Partial,46.1,27.2,1
ca4d1f45,Tamil Nadu,Madurai,Railway,14.15,17,945,71.2,0,None,30.0,3,10.5,Partial,49.6,25.5,1
fa31ac0e,Maharashtra,Nagpur,Irrigation,16.78,53,1374,57.2,0,None,35.3,0,20.8,Full,49.4,38.2,1
aa2e3db7,Maharashtra,Nashik,Irrigation,6.76,49,1079,72.2,1,Stay Order,34.3,2,26.0,Full,57.1,26.2,1
72159e7c,West Bengal,Howrah,Urban Development,2.35,30,708,79.2,0,None,34.6,5,2.7,Not Started,22.9,14.1,0
d62c8f34,Uttar Pradesh,Varanasi,Power Transmission,29.36,24,1172,43.9,1,Filed,77.2,2,34.2,Partial,36.8,5.0,1
955f1caa,Tamil Nadu,Coimbatore,Urban Development,5.12,143,1082,30.2,0,None,59.7,9,36.9,Partial,64.0,5.0,1
9eac7de6,Tamil Nadu,Chennai,Irrigation,45.47,141,379,43.3,0,None,66.3,4,23.5,Not Started,94.6,10.7,0
662b8e15,Odisha,Bhubaneswar,Industrial Corridor,8.23,134,1403,93.5,0,None,68.1,5,14.0,Not Started,51.4,41.2,1
4c825476,Madhya Pradesh,Bhopal,Power Transmission,6.23,107,377,34.2,0,None,50.9,2,58.1,Not Started,63.6,63.4,1
ee48071c,Bihar,Bhagalpur,Urban Development,6.22,24,471,63.0,0,None,60.7,5,63.2,Full,67.5,17.9,1
27c8792c,Maharashtra,Nashik,Railway,31.65,39,1040,72.0,2,Under Hearing,47.2,1,45.4,Full,72.6,41.9,1
c92b5888,Madhya Pradesh,Indore,Power Transmission,19.2,42,943,50.5,0,None,30.8,7,9.7,Not Started,89.6,41.9,1
b533d881,Rajasthan,Jaipur,Industrial Corridor,9.08,49,773,96.5,0,None,10.1,3,91.1,Partial,56.7,47.6,0
a3e0ddad,Maharashtra,Nashik,Power Transmission,5.6,57,459,34.4,2,Stay Order,36.4,5,35.5,Not Started,33.1,19.9,1
9b96304e,Gujarat,Ahmedabad,Irrigation,7.85,26,1129,26.8,0,None,20.9,5,56.3,Full,47.3,43.2,1
cee37a55,Madhya Pradesh,Indore,Industrial Corridor,10.15,27,870,94.9,0,None,69.9,4,69.0,Partial,93.8,49.9,1
b881a4be,Odisha,Rourkela,Highway,7.17,47,164,77.3,0,None,9.0,6,10.8,Partial,53.4,45.0,0
8e727487,West Bengal,Kolkata,Railway,13.08,67,1287,20.5,2,Filed,19.0,0,43.8,Not Started,63.4,33.1,1
0f245e12,Uttar Pradesh,Varanasi,Urban Development,14.78,370,1458,36.6,0,None,52.6,3,13.7,Full,47.5,41.6,0
82c9f9a8,Tamil Nadu,Coimbatore,Irrigation,29.68,108,810,79.5,2,Filed,22.5,0,22.6,Not Started,66.7,16.0,1
b078a7cf,West Bengal,Siliguri,Power Transmission,2.15,38,991,39.3,0,None,48.1,1,19.7,Partial,86.7,44.9,1
c29b2afb,Gujarat,Rajkot,Industrial Corridor,2.63,80,936,87.2,2,Resolved,26.1,1,19.3,Partial,36.0,47.0,0
63474549,Odisha,Bhubaneswar,Urban Development,29.5,57,1429,70.9,0,None,66.0,3,88.5,Not Started,86.1,52.1,1
25a1a3e4,Gujarat,Vadodara,Urban Development,5.61,18,836,95.4,0,None,28.7,4,6.2,Partial,67.1,23.3,0
3bc7811f,Odisha,Cuttack,Urban Development,5.04,39,223,45.9,1,Filed,37.1,2,33.3,Not Started,73.0,40.2,1
82064626,Uttar Pradesh,Meerut,Power Transmission,2.16,61,780,71.8,0,None,10.6,2,4.0,Partial,75.1,31.5,0
5a20390b,Karnataka,Belagavi,Urban Development,24.01,134,1325,76.9,1,Filed,59.7,5,13.1,Not Started,94.7,27.9,1
78388ecc,Odisha,Cuttack,Railway,56.28,10,1048,40.7,1,Resolved,49.2,1,14.3,Not Started,76.7,27.3,1
858a5d48,Tamil Nadu,Coimbatore,Industrial Corridor,27.3,12,1333,65.9,0,None,11.0,6,16.9,Not Started,37.6,38.9,0
0ed628c8,Bihar,Muzaffarpur,Railway,229.57,229,107,26.0,4,Filed,6.8,3,26.2,Partial,35.9,45.3,1
9a8cadef,Bihar,Muzaffarpur,Irrigation,17.97,16,670,54.0,2,Under Hearing,40.8,4,24.4,Not Started,46.7,62.0,1
065d7f2b,Madhya Pradesh,Jabalpur,Urban Development,18.89,95,478,53.0,0,None,11.8,5,11.0,Full,79.9,31.7,1
25d7dd1f,Odisha,Cuttack,Irrigation,9.09,5,540,50.9,0,None,38.1,5,60.1,Not Started,26.7,9.9,1
3ef15184,West Bengal,Siliguri,Irrigation,13.68,5,285,31.1,0,None,30.4,0,31.4,Not Started,18.8,61.0,1
fdbcde77,Rajasthan,Udaipur,Irrigation,37.2,166,51,18.9,0,None,62.1,2,97.1,Not Started,94.6,34.8,1
184f1a01,Bihar,Patna,Irrigation,14.49,56,695,53.7,0,None,31.0,5,28.2,Not Started,62.5,30.8,1
71fe63f8,West Bengal,Kolkata,Highway,19.49,168,53,41.1,1,Stay Order,25.2,2,8.9,Not Started,14.9,13.0,1
47b34485,Gujarat,Vadodara,Highway,16.6,72,1283,10.2,0,None,53.1,1,13.2,Partial,30.7,36.9,0
de7df277,Uttar Pradesh,Meerut,Power Transmission,19.35,33,1181,22.7,0,None,55.2,3,7.5,Not Started,74.3,34.7,0
2afb41b1,West Bengal,Kolkata,Power Transmission,5.4,31,1039,70.4,0,None,65.5,2,13.1,Full,78.6,19.6,0
ee012eef,Odisha,Cuttack,Industrial Corridor,27.07,7,1100,89.9,1,Under Hearing,60.4,6,12.7,Partial,53.4,35.5,1
b8f98446,Bihar,Gaya,Industrial Corridor,6.93,42,70,55.2,2,Stay Order,44.8,1,10.6,Partial,39.7,31.6,1
1ecff14a,Uttar Pradesh,Meerut,Railway,2.62,84,1101,44.1,1,Resolved,54.7,2,40.6,Partial,73.1,5.0,0
77363950,Maharashtra,Thane,Urban Development,50.25,68,813,60.0,1,Under Hearing,57.5,5,9.1,Full,49.1,35.8,1
b3139ee9,Maharashtra,Pune,Highway,5.93,38,63,35.5,0,None,26.8,2,17.4,Partial,76.5,36.5,1
f79e87e3,Karnataka,Mysuru,Irrigation,24.0,139,260,40.3,3,Under Hearing,17.9,3,9.9,Not Started,12.3,40.5,1
21b8f889,Gujarat,Ahmedabad,Urban Development,25.27,62,1485,67.1,1,Filed,37.5,2,27.3,Partial,63.7,59.4,1
7627a9e2,Rajasthan,Jaipur,Highway,56.55,151,113,54.2,2,Under Hearing,56.1,3,68.5,Full,64.1,41.9,1
61dae494,West Bengal,Howrah,Industrial Corridor,7.31,91,1354,25.6,1,Under Hearing,57.3,2,18.9,Full,67.1,55.4,1
f1eaa8e5,West Bengal,Siliguri,Highway,23.79,15,995,43.5,0,None,76.3,2,14.6,Full,40.3,39.9,1
50ff5972,Uttar Pradesh,Lucknow,Power Transmission,5.49,29,262,43.0,1,Filed,32.0,5,5.9,Partial,54.2,26.4,1
beb20b40,Odisha,Bhubaneswar,Highway,9.06,58,804,69.0,0,None,88.2,5,3.7,Partial,46.3,45.3,1
ad3c24e2,Karnataka,Mysuru,Power Transmission,19.24,37,783,7.6,0,None,73.9,2,6.4,Partial,60.5,47.3,1
3831ec47,Uttar Pradesh,Meerut,Irrigation,2.06,19,110,42.0,1,Under Hearing,16.2,5,59.0,Partial,68.9,18.7,1
351468e8,Tamil Nadu,Madurai,Industrial Corridor,32.76,10,192,74.1,1,Filed,41.3,1,69.4,Partial,20.0,57.9,1
38851e0f,Rajasthan,Jodhpur,Railway,4.2,117,121,82.2,0,None,21.5,0,9.2,Full,85.2,52.8,1
4d1d3a59,Maharashtra,Nagpur,Irrigation,19.57,207,881,43.1,3,Under Hearing,42.6,6,13.0,Partial,36.1,44.8,1
56672f6a,Rajasthan,Udaipur,Railway,11.34,16,754,68.9,0,None,64.6,2,69.6,Partial,65.9,37.5,1
90a34e25,Karnataka,Mysuru,Irrigation,1.72,23,846,72.8,0,None,31.9,6,40.2,Partial,73.3,36.5,1
5d6fa5b6,Odisha,Rourkela,Irrigation,20.38,66,163,76.5,0,None,40.2,4,50.9,Full,89.3,20.1,0
8751e3e7,Gujarat,Surat,Railway,27.33,128,365,17.6,1,Filed,68.1,3,17.8,Full,83.6,21.2,1
ab5f6aa6,Karnataka,Hubballi,Railway,15.98,13,1157,62.8,1,Filed,88.3,2,17.2,Partial,56.8,39.7,0
702aad9f,Uttar Pradesh,Lucknow,Urban Development,12.2,59,1019,39.3,1,Under Hearing,66.6,1,35.1,Partial,29.2,24.0,1
cb18ed3f,Karnataka,Mysuru,Irrigation,9.99,2,415,86.6,2,Under Hearing,21.5,2,71.2,Partial,55.8,26.2,1
e03fa814,Uttar Pradesh,Kanpur,Power Transmission,8.83,37,123,64.4,2,Filed,25.9,1,17.3,Partial,40.5,38.4,1
5863c3c5,Madhya Pradesh,Indore,Urban Development,5.08,9,112,32.6,1,Filed,25.7,6,23.1,Partial,63.0,40.6,1
bece18dc,West Bengal,Howrah,Highway,2.92,259,1017,86.0,3,Under Hearing,53.6,5,17.7,Partial,38.2,20.5,1
df92957f,Karnataka,Hubballi,Power Transmission,23.37,313,1429,26.5,1,Under Hearing,42.6,1,23.6,Partial,37.5,36.6,1
1f526f9d,Gujarat,Vadodara,Urban Development,6.22,29,929,24.2,0,None,83.8,0,12.0,Not Started,52.0,53.7,1
f6537beb,Odisha,Cuttack,Urban Development,8.15,78,1057,34.0,2,Under Hearing,97.6,1,41.7,Not Started,55.3,48.9,1
1a60b23b,Gujarat,Ahmedabad,Irrigation,26.94,207,1049,48.9,1,Filed,20.5,0,28.7,Partial,67.2,22.8,1
3dc97f35,Maharashtra,Nashik,Industrial Corridor,3.13,30,1095,72.4,0,None,20.4,4,7.2,Full,97.6,22.3,1
4c0ffb7f,Tamil Nadu,Coimbatore,Highway,5.47,25,389,76.5,1,Resolved,66.7,5,12.4,Not Started,80.6,12.0,1
7005fc74,Uttar Pradesh,Kanpur,Highway,11.4,50,114,30.5,1,Stay Order,37.5,3,19.3,Not Started,73.8,69.9,1
0528fdbb,Madhya Pradesh,Gwalior,Highway,4.31,15,1202,36.4,0,None,45.4,2,36.2,Partial,37.8,49.0,1
35bb2359,Bihar,Patna,Irrigation,5.9,20,1458,91.9,0,None,16.3,3,21.2,Not Started,26.9,53.8,1
03771b7a,Odisha,Cuttack,Irrigation,1.94,350,1155,97.0,3,Under Hearing,35.6,2,23.3,Full,49.0,50.6,0
c62a0679,West Bengal,Durgapur,Urban Development,8.78,31,1396,26.9,0,None,44.9,5,10.8,Partial,25.5,14.7,1
aa5404ca,Karnataka,Mysuru,Urban Development,6.78,43,458,35.5,0,None,82.7,4,19.6,Partial,63.9,23.5,1
fc06a698,Karnataka,Bengaluru,Railway,22.13,8,578,54.8,0,None,59.7,3,29.1,Not Started,54.9,34.7,0
15958ea0,Bihar,Patna,Railway,6.73,57,1193,44.0,2,Under Hearing,79.2,4,36.6,Full,73.7,59.9,1
03fd58e1,Rajasthan,Jodhpur,Irrigation,4.44,71,1094,39.5,0,None,70.5,3,14.3,Partial,79.1,41.4,0
4c1a0bde,Maharashtra,Thane,Railway,2.77,31,221,55.3,0,None,38.9,0,34.0,Full,75.4,43.9,1
79ae452c,Rajasthan,Udaipur,Highway,12.74,62,1163,46.1,0,None,41.1,3,47.2,Full,69.2,11.1,1
3532ee69,Karnataka,Mysuru,Industrial Corridor,19.08,186,885,94.3,1,Stay Order,26.7,0,9.6,Not Started,53.6,43.1,1
c7f10e75,Maharashtra,Nashik,Urban Development,13.76,188,1353,45.5,0,None,69.7,2,40.9,Full,33.2,68.1,1
a3f41e1e,Bihar,Gaya,Highway,44.45,26,1450,16.6,0,None,82.3,3,12.4,Not Started,50.0,42.7,1
ed882b25,Bihar,Gaya,Highway,4.34,12,111,43.8,0,None,38.3,4,19.8,Partial,55.3,36.4,0
b9313f1d,Odisha,Cuttack,Power Transmission,15.66,6,1179,92.1,1,Stay Order,83.2,4,44.5,Not Started,73.8,34.9,1
b32b02bf,Uttar Pradesh,Varanasi,Industrial Corridor,37.12,97,1261,47.9,1,Filed,48.8,3,42.4,Partial,42.6,35.6,1
81f84fff,Maharashtra,Nashik,Urban Development,4.31,496,410,77.4,0,None,18.3,3,4.1,Partial,36.9,39.6,0
5ff08b6d,Odisha,Rourkela,Urban Development,14.51,22,1197,46.9,1,Under Hearing,31.3,1,81.8,Full,55.7,60.6,1
a3285987,Karnataka,Bengaluru,Power Transmission,10.34,147,1376,55.6,1,Under Hearing,22.0,0,11.9,Partial,89.8,21.2,1
bdb481af,Bihar,Patna,Railway,29.41,23,832,81.0,0,None,38.9,1,9.3,Not Started,83.7,61.7,0
c5932a37,Madhya Pradesh,Bhopal,Irrigation,6.32,18,1360,62.6,1,Resolved,39.5,2,18.2,Partial,95.1,39.5,0
42b42e0e,Madhya Pradesh,Bhopal,Irrigation,24.73,28,1265,54.6,0,None,77.6,2,26.2,Partial,15.5,9.6,0
72d95d03,Tamil Nadu,Chennai,Industrial Corridor,5.01,41,197,60.6,1,Under Hearing,40.1,0,26.7,Not Started,52.2,24.7,0
82967178,Maharashtra,Thane,Irrigation,1.47,67,796,40.6,0,None,23.8,1,16.7,Partial,65.2,36.2,0
f6365b29,Bihar,Patna,Irrigation,17.83,28,298,25.6,1,Under Hearing,14.8,2,34.1,Not Started,53.2,54.2,1
6e0da6dc,Maharashtra,Nashik,Railway,22.91,387,771,31.0,2,Under Hearing,65.7,7,19.0,Partial,87.1,42.0,0
4254c4e6,Odisha,Bhubaneswar,Railway,7.98,1175,331,78.2,2,Filed,40.5,3,6.7,Partial,72.8,55.5,1
d68b70bc,Gujarat,Surat,Power Transmission,8.29,136,158,60.5,1,Under Hearing,85.5,3,52.7,Full,75.9,29.2,0
88e17614,Maharashtra,Pune,Power Transmission,1.38,299,1366,21.8,2,Filed,55.7,2,21.0,Full,90.8,34.1,0
791fab14,Uttar Pradesh,Varanasi,Highway,184.91,32,503,60.2,0,None,67.6,2,13.7,Full,74.1,39.0,0
944de063,Madhya Pradesh,Bhopal,Urban Development,12.55,407,181,19.8,1,Under Hearing,53.6,9,32.6,Partial,87.9,6.8,1
9348761c,Madhya Pradesh,Indore,Irrigation,28.37,20,433,67.8,0,None,17.3,1,21.6,Not Started,66.6,6.9,0
e2c536e2,Rajasthan,Udaipur,Highway,44.17,53,861,51.2,1,Under Hearing,53.7,1,52.4,Partial,90.1,31.8,1
8aaf92d2,Odisha,Cuttack,Highway,20.9,138,249,67.4,0,None,45.4,2,28.6,Partial,85.3,27.2,0
55576a62,Madhya Pradesh,Bhopal,Highway,3.91,211,875,59.2,3,Filed,94.4,3,23.5,Full,44.4,23.2,0
b4541d33,Rajasthan,Kota,Highway,57.82,31,1313,48.3,2,Resolved,15.4,3,48.7,Not Started,47.0,29.0,1
bca7a0b5,Tamil Nadu,Salem,Industrial Corridor,49.96,43,515,56.7,0,None,21.8,4,28.2,Not Started,39.6,24.1,1
c7fdda54,West Bengal,Howrah,Irrigation,18.12,12,1118,5.8,0,None,17.6,2,17.3,Partial,88.3,27.7,1
f5162f19,Rajasthan,Jodhpur,Industrial Corridor,5.25,87,685,76.4,0,None,59.7,3,22.3,Partial,65.4,24.6,0
7e0a768a,Tamil Nadu,Salem,Industrial Corridor,17.0,56,1334,55.9,2,Filed,2.2,3,22.5,Full,53.0,25.1,0
21491a5f,West Bengal,Siliguri,Highway,37.94,159,986,83.2,2,Stay Order,54.6,2,26.6,Partial,63.0,38.1,1
79978466,Gujarat,Rajkot,Irrigation,11.53,133,1272,15.9,1,Stay Order,55.4,2,39.0,Full,82.7,13.2,1
7327662f,Odisha,Rourkela,Irrigation,2.0,54,490,37.8,0,None,66.7,5,4.6,Not Started,95.9,40.4,1
9499eb0e,Rajasthan,Udaipur,Power Transmission,52.37,49,1345,67.3,1,Filed,77.3,3,31.7,Partial,80.1,36.5,1
1ff021a0,West Bengal,Durgapur,Industrial Corridor,6.11,25,143,18.7,1,Under Hearing,18.2,1,29.8,Not Started,62.8,20.0,1
510091eb,Odisha,Bhubaneswar,Industrial Corridor,21.41,9,572,88.4,1,Stay Order,37.0,3,3.5,Full,63.5,34.5,1
2bf73aad,Maharashtra,Aurangabad,Urban Development,38.56,106,1234,47.2,2,Under Hearing,59.5,5,41.8,Partial,69.0,42.2,1
38b61f7d,Gujarat,Surat,Power Transmission,6.61,6,1308,64.9,0,None,38.0,2,13.6,Not Started,54.9,44.0,1
5bc6b813,Karnataka,Belagavi,Urban Development,5.7,33,291,69.9,1,Filed,43.4,4,33.1,Full,39.5,50.7,1
1d6a9a65,Madhya Pradesh,Bhopal,Highway,19.19,36,649,56.3,0,None,19.8,2,52.6,Partial,66.4,40.7,0
d66a1246,Maharashtra,Pune,Railway,3.2,22,874,78.4,1,Stay Order,54.0,3,5.2,Partial,65.8,24.0,1
40cfe995,Bihar,Gaya,Industrial Corridor,8.13,633,1235,29.9,1,Stay Order,45.0,0,27.9,Full,33.1,29.3,1
cc8a9af4,Gujarat,Rajkot,Urban Development,11.33,117,978,68.5,1,Filed,58.1,4,36.0,Partial,37.8,43.8,1
4d02b5b1,Karnataka,Bengaluru,Urban Development,3.29,31,1374,18.7,0,None,36.2,4,9.0,Full,18.9,44.2,1
b4c4725f,West Bengal,Durgapur,Industrial Corridor,67.21,66,1197,78.5,0,None,86.9,2,17.6,Full,28.1,53.4,0
478b590b,Tamil Nadu,Chennai,Urban Development,1.77,110,1252,81.0,1,Under Hearing,40.1,0,32.5,Full,24.9,24.3,1
1cce81fb,West Bengal,Howrah,Urban Development,2.25,61,415,35.5,1,Filed,68.4,2,23.8,Not Started,74.0,38.5,1
41a35446,West Bengal,Kolkata,Irrigation,3.69,50,1490,81.4,1,Stay Order,39.2,3,27.9,Not Started,51.2,22.2,1
f38cdd6c,Tamil Nadu,Chennai,Industrial Corridor,10.6,37,1332,14.5,2,Filed,60.3,1,18.8,Partial,58.7,39.8,1
ff85293e,Madhya Pradesh,Bhopal,Industrial Corridor,4.75,72,1381,51.9,0,None,47.9,0,64.4,Partial,29.7,71.4,1
1146396c,Uttar Pradesh,Kanpur,Industrial Corridor,94.38,4,816,84.2,1,Filed,25.0,4,59.4,Not Started,50.3,55.7,1
762c952b,Uttar Pradesh,Agra,Power Transmission,3.91,168,1037,54.1,0,None,23.1,4,4.0,Not Started,54.2,69.4,1
0ecb3468,Madhya Pradesh,Gwalior,Highway,8.11,58,1100,54.3,0,None,62.4,6,29.0,Partial,64.6,33.5,1
ccd2d30b,Tamil Nadu,Coimbatore,Urban Development,9.17,86,942,93.3,0,None,40.1,4,13.3,Partial,26.6,15.1,1
e3d9989c,West Bengal,Siliguri,Irrigation,2.0,66,1031,68.9,1,Filed,18.7,1,44.2,Partial,61.8,34.2,0
204f3af9,Karnataka,Mysuru,Power Transmission,13.3,6,1122,40.4,0,None,80.6,5,42.7,Not Started,13.0,64.3,0
9828dc37,Rajasthan,Udaipur,Urban Development,29.72,38,1400,18.1,2,Stay Order,51.0,3,30.9,Partial,60.1,10.2,1
d78ac2e8,Madhya Pradesh,Bhopal,Highway,24.55,11,527,45.4,3,Filed,43.8,1,43.0,Partial,6.0,5.6,1
32fa41e1,Tamil Nadu,Madurai,Railway,52.76,16,827,63.9,1,Filed,79.2,3,66.5,Not Started,47.5,58.1,1
3eb1a72d,Rajasthan,Jaipur,Irrigation,7.7,94,695,53.4,1,Stay Order,72.3,3,52.7,Not Started,48.5,26.3,1
b1281816,Uttar Pradesh,Lucknow,Irrigation,2.28,31,1084,84.1,0,None,64.6,2,36.0,Not Started,84.2,25.8,0
895dbbdd,Tamil Nadu,Coimbatore,Highway,5.81,27,1465,50.2,0,None,66.9,2,2.3,Not Started,51.9,66.5,1
a2f08d48,Karnataka,Mysuru,Urban Development,41.55,14,1119,36.6,0,None,60.3,5,13.5,Partial,46.7,31.5,1
a8ab8eb6,Odisha,Rourkela,Irrigation,97.42,20,809,23.0,0,None,23.1,1,31.7,Partial,75.1,22.1,0
ebdf341e,Maharashtra,Nashik,Railway,15.76,23,58,54.7,1,Resolved,75.8,3,30.4,Not Started,40.3,32.6,0
265638e5,West Bengal,Durgapur,Highway,5.0,47,1488,40.1,0,None,52.0,2,8.8,Full,63.5,30.7,1
91d1a00a,Rajasthan,Jodhpur,Power Transmission,15.91,23,680,55.4,0,None,8.7,5,38.7,Not Started,83.4,36.9,0
5f531c3f,Rajasthan,Jaipur,Highway,19.8,138,1089,84.3,0,None,76.2,2,14.7,Not Started,63.6,46.2,1
155b0198,Uttar Pradesh,Agra,Railway,4.29,403,459,61.5,0,None,24.1,3,27.2,Full,23.1,51.9,0
57339e5f,Uttar Pradesh,Kanpur,Urban Development,5.39,11,696,64.7,0,None,70.7,0,61.5,Partial,84.3,31.1,0
493c6074,Madhya Pradesh,Jabalpur,Highway,2.87,73,1014,30.4,0,None,32.5,1,26.2,Partial,68.5,29.6,0
a5dfdf1b,Bihar,Patna,Highway,9.63,9,256,38.1,1,Resolved,49.3,2,23.8,Full,43.5,24.7,0
6faae62a,Uttar Pradesh,Varanasi,Railway,9.47,25,1331,88.8,0,None,36.2,3,35.4,Partial,90.5,38.2,0
23fc1308,Madhya Pradesh,Indore,Highway,7.4,314,211,27.8,1,Filed,50.1,3,14.8,Full,40.9,47.9,0
2580797f,Bihar,Muzaffarpur,Industrial Corridor,5.55,15,764,75.8,0,None,69.8,0,35.3,Not Started,58.2,24.3,1
2c509ead,Rajasthan,Udaipur,Urban Development,14.72,132,958,25.5,1,Filed,68.3,1,21.9,Partial,48.9,50.1,1
af2aaea1,Madhya Pradesh,Bhopal,Urban Development,2.11,264,83,92.0,1,Under Hearing,41.5,5,19.0,Full,91.3,20.4,0
79311a10,Madhya Pradesh,Indore,Urban Development,3.07,120,476,36.6,1,Filed,62.0,1,20.9,Not Started,75.4,38.8,1
046d23d3,Maharashtra,Aurangabad,Irrigation,20.6,64,610,80.9,2,Resolved,41.6,1,69.3,Not Started,19.6,5.0,1
171fb7c1,Uttar Pradesh,Meerut,Railway,41.71,34,1428,37.1,3,Resolved,30.2,2,34.9,Full,98.6,59.8,0
535402fd,Odisha,Rourkela,Power Transmission,3.49,527,1214,65.6,1,Under Hearing,60.5,3,110.6,Partial,63.9,45.1,1
59dc7830,Rajasthan,Jodhpur,Industrial Corridor,2.18,557,1424,68.7,1,Resolved,89.8,2,30.5,Not Started,52.7,75.7,1
d920ed3c,West Bengal,Siliguri,Industrial Corridor,17.97,31,641,49.4,0,None,58.1,7,29.5,Partial,56.3,67.9,0
d5d0740e,Maharashtra,Thane,Railway,22.69,119,998,51.1,0,None,42.5,2,35.9,Not Started,67.8,32.8,1
90a2d6b5,West Bengal,Howrah,Industrial Corridor,7.77,241,715,30.0,0,None,28.0,4,32.5,Not Started,24.8,24.1,0
184f237f,Odisha,Bhubaneswar,Highway,40.81,15,734,37.3,0,None,39.8,1,31.7,Partial,77.3,39.0,1
de8867a8,Rajasthan,Jodhpur,Urban Development,8.46,156,351,45.5,1,Resolved,73.9,5,73.2,Partial,50.9,46.2,1
9b89819a,Tamil Nadu,Coimbatore,Highway,22.75,28,1058,43.5,1,Filed,18.8,3,8.2,Partial,58.5,20.3,1
1873f53e,West Bengal,Durgapur,Power Transmission,17.06,30,1384,52.9,0,None,14.7,5,37.1,Full,35.4,41.3,0
cb0c7ad2,Gujarat,Vadodara,Railway,30.54,70,813,19.4,1,Stay Order,13.0,2,35.8,Full,74.7,46.1,1
ef34fb39,Tamil Nadu,Salem,Industrial Corridor,9.16,30,1392,38.0,0,None,80.0,1,24.1,Not Started,68.9,32.8,1
1d6cc95c,Madhya Pradesh,Bhopal,Railway,16.6,80,1288,83.2,0,None,41.6,2,30.7,Partial,59.1,51.6,0
8a10d814,Odisha,Bhubaneswar,Railway,6.94,58,1416,35.9,0,None,27.6,1,15.0,Not Started,43.2,25.1,1
2b536f23,Madhya Pradesh,Bhopal,Highway,18.58,141,925,76.1,0,None,18.8,1,22.1,Partial,32.0,55.5,1
bd8f95e1,Gujarat,Ahmedabad,Railway,4.28,45,1034,96.9,1,Under Hearing,7.7,3,27.7,Partial,34.0,14.3,1
014cfefc,Odisha,Cuttack,Irrigation,10.93,163,1060,11.6,1,Under Hearing,76.1,3,14.0,Not Started,31.7,66.8,1
dd8c7d72,West Bengal,Kolkata,Power Transmission,29.99,24,268,39.5,0,None,27.5,1,12.2,Full,61.7,61.7,0
b4bf98dc,West Bengal,Durgapur,Urban Development,4.52,137,669,50.9,1,Filed,54.1,0,12.9,Partial,68.9,5.4,1
b6edaeeb,Karnataka,Belagavi,Railway,11.08,9,1218,58.9,1,Filed,25.8,3,19.4,Partial,94.8,49.3,1
fd38ef86,West Bengal,Howrah,Industrial Corridor,11.3,144,1117,25.8,0,None,40.7,2,10.5,Not Started,30.1,34.9,1
a313ff37,West Bengal,Howrah,Urban Development,14.2,10,1038,51.2,2,Filed,44.4,4,15.4,Not Started,39.5,17.6,0
34451ed8,Bihar,Patna,Power Transmission,7.0,83,880,85.8,1,Under Hearing,39.1,4,32.8,Partial,45.4,5.0,0
7340957e,Bihar,Gaya,Irrigation,12.25,39,1364,59.3,1,Resolved,59.6,3,23.1,Partial,39.6,43.1,1
5364e4f0,Maharashtra,Aurangabad,Industrial Corridor,7.04,9,694,42.1,0,None,75.1,2,20.2,Full,44.8,24.6,0
5d20bed1,Madhya Pradesh,Indore,Power Transmission,11.12,341,1238,67.7,1,Filed,39.4,0,34.5,Not Started,22.1,9.4,0
dd092c14,Karnataka,Hubballi,Power Transmission,5.15,21,203,50.5,2,Under Hearing,50.5,3,10.5,Not Started,83.7,17.7,1
072a85a5,Bihar,Gaya,Urban Development,9.91,44,188,69.3,0,None,43.7,2,50.9,Not Started,48.7,47.6,0
1b37ced9,Maharashtra,Nagpur,Highway,8.46,122,832,39.1,1,Under Hearing,5.7,3,18.7,Partial,71.2,51.7,1
a4165053,Rajasthan,Jaipur,Urban Development,32.04,10,696,59.4,0,None,33.9,2,39.4,Full,60.0,72.3,1
80199045,Karnataka,Mysuru,Industrial Corridor,21.33,76,1277,22.8,0,None,46.3,0,40.8,Not Started,25.8,42.2,0
7bdfade1,Maharashtra,Thane,Irrigation,30.49,53,536,37.1,0,None,58.4,4,3.8,Partial,40.3,29.0,1
27b54201,Odisha,Bhubaneswar,Highway,4.49,51,382,72.9,2,Filed,32.7,1,28.6,Full,91.4,34.5,0
45da7733,Odisha,Rourkela,Irrigation,0.99,85,1282,45.2,2,Stay Order,78.3,2,44.1,Partial,93.1,66.6,1
2d112876,Karnataka,Belagavi,Power Transmission,14.17,147,1196,95.4,1,Under Hearing,67.3,1,10.5,Not Started,59.9,43.5,1
d3baf7c9,Uttar Pradesh,Meerut,Industrial Corridor,12.13,46,316,76.4,1,Stay Order,13.9,5,53.5,Partial,45.0,62.1,1
05498640,Rajasthan,Udaipur,Urban Development,16.83,44,158,66.8,0,None,61.8,3,19.0,Partial,72.7,41.0,1
7ed88454,Maharashtra,Nagpur,Power Transmission,6.52,24,600,69.7,0,None,68.8,4,72.3,Full,67.1,54.0,0
88dbd741,Bihar,Muzaffarpur,Irrigation,2.04,84,31,94.4,0,None,25.8,5,38.9,Partial,52.6,31.6,0
0782b8bf,Bihar,Muzaffarpur,Irrigation,12.07,555,410,43.5,0,None,7.7,4,52.1,Partial,92.4,10.2,1
40d925a5,Gujarat,Ahmedabad,Power Transmission,22.42,162,1039,39.2,2,Resolved,42.9,5,15.5,Full,66.2,26.0,0
899cd6ec,Uttar Pradesh,Kanpur,Railway,17.09,45,1388,42.2,0,None,41.3,3,20.1,Full,65.3,76.1,1
8b10a4ec,Rajasthan,Udaipur,Urban Development,16.11,217,480,68.2,0,None,72.0,2,32.7,Full,80.8,30.5,0
44a6b8e9,Karnataka,Mysuru,Industrial Corridor,111.64,427,78,45.6,1,Under Hearing,41.5,5,36.8,Not Started,83.7,26.0,1
efc1ed2b,Bihar,Patna,Power Transmission,34.26,45,730,98.1,0,None,65.6,0,2.2,Not Started,45.5,38.2,0
63a7c7a0,Uttar Pradesh,Lucknow,Urban Development,7.71,274,983,52.9,2,Resolved,66.7,3,25.3,Not Started,28.2,50.0,1
7415d927,Madhya Pradesh,Bhopal,Power Transmission,3.35,74,667,54.6,0,None,76.1,5,12.6,Full,82.5,39.8,1
54514a56,Odisha,Cuttack,Railway,29.25,335,256,76.6,1,Stay Order,36.0,2,32.2,Full,37.8,53.6,1
3e6c63ad,Odisha,Bhubaneswar,Power Transmission,70.19,52,996,83.0,0,None,49.1,1,16.8,Not Started,63.5,56.5,0
1ef19019,Maharashtra,Nagpur,Highway,3.7,90,1346,58.5,0,None,18.8,2,33.8,Partial,59.3,32.9,1
dac6542d,Karnataka,Mysuru,Industrial Corridor,19.9,359,1408,83.6,0,None,17.3,3,4.0,Partial,60.8,47.4,1
a70625ba,Odisha,Bhubaneswar,Power Transmission,4.59,13,1313,26.1,0,None,10.7,6,15.9,Partial,71.9,60.3,1
9d8e37b6,Maharashtra,Thane,Irrigation,7.11,118,1287,31.4,0,None,88.4,2,33.0,Not Started,19.7,20.9,0
4ab37e98,Odisha,Rourkela,Highway,3.05,53,1340,39.1,1,Filed,70.5,1,60.0,Full,43.2,39.4,1
afccc7af,Karnataka,Belagavi,Irrigation,22.39,62,1051,56.9,0,None,29.2,0,13.1,Partial,36.3,9.3,1
02723296,Bihar,Patna,Highway,19.38,412,472,32.6,0,None,47.4,4,31.9,Full,54.2,52.5,0
b185f6d4,Rajasthan,Jaipur,Irrigation,67.23,98,1139,33.8,0,None,15.5,1,6.8,Partial,18.3,41.8,1
9e57f8f9,Rajasthan,Udaipur,Urban Development,29.24,165,732,36.2,0,None,76.6,1,12.1,Full,47.5,34.6,0
c2b35892,West Bengal,Howrah,Urban Development,15.78,82,1060,47.5,1,Resolved,66.4,2,12.7,Partial,36.7,42.1,1
56116789,Tamil Nadu,Chennai,Railway,16.66,74,808,64.1,1,Filed,37.8,2,28.9,Full,19.6,47.0,0
5ae0da18,Uttar Pradesh,Varanasi,Irrigation,42.4,166,68,59.2,1,Stay Order,45.5,2,22.2,Not Started,46.3,47.7,1
539e98da,Madhya Pradesh,Gwalior,Power Transmission,5.56,309,191,87.7,0,None,19.2,3,34.8,Not Started,19.4,58.2,1
4c9154da,Madhya Pradesh,Indore,Railway,25.07,25,625,22.5,1,Under Hearing,75.1,3,31.2,Partial,63.5,43.9,1
60defbfe,West Bengal,Kolkata,Irrigation,4.26,26,608,35.6,0,None,81.0,6,66.3,Not Started,96.6,17.6,0
36a2fb0b,Maharashtra,Aurangabad,Irrigation,11.99,9,833,27.8,2,Under Hearing,19.3,2,7.6,Not Started,83.1,24.8,1
0fc073ca,Madhya Pradesh,Indore,Industrial Corridor,16.6,7,1123,29.6,0,None,34.8,5,9.3,Partial,25.7,23.0,1
63e2a982,Bihar,Patna,Highway,26.99,74,1367,26.9,1,Resolved,77.1,2,3.2,Partial,72.1,56.4,1
e32e388d,Maharashtra,Nagpur,Railway,17.89,43,442,53.3,0,None,36.7,3,17.7,Partial,65.5,36.7,1
05a23a5c,Karnataka,Bengaluru,Power Transmission,21.2,213,798,16.7,0,None,46.7,2,20.0,Partial,54.0,25.1,0
52614eab,Bihar,Gaya,Railway,67.09,174,1096,50.0,0,None,54.6,3,9.7,Not Started,53.0,23.0,0
0c21d276,Odisha,Bhubaneswar,Highway,8.02,43,558,73.1,1,Resolved,66.8,4,39.7,Not Started,95.8,38.5,1
8d718e70,Maharashtra,Nashik,Industrial Corridor,13.52,175,125,60.9,3,Under Hearing,46.6,1,58.9,Partial,75.2,14.1,1
c76232a4,Uttar Pradesh,Varanasi,Urban Development,21.1,40,79,81.3,1,Stay Order,34.3,4,36.1,Partial,97.7,33.1,1
196b42f8,West Bengal,Durgapur,Industrial Corridor,10.53,270,987,91.1,1,Under Hearing,38.8,1,19.8,Full,22.1,56.0,1
5b7e7414,Odisha,Rourkela,Industrial Corridor,37.02,15,1405,25.0,1,Resolved,42.0,2,8.0,Not Started,67.1,44.9,1
7b892f99,West Bengal,Siliguri,Highway,3.03,114,995,25.8,1,Stay Order,15.0,2,24.0,Not Started,76.3,48.5,1
78e55096,West Bengal,Durgapur,Irrigation,13.19,58,1069,60.8,0,None,82.7,4,34.4,Not Started,92.3,37.7,0
d5b347c1,Karnataka,Bengaluru,Irrigation,21.53,5,241,83.7,0,None,28.1,3,25.1,Partial,82.0,44.2,0
f365c4de,Maharashtra,Aurangabad,Railway,2.64,33,133,86.1,1,Resolved,27.8,5,23.3,Partial,78.5,22.1,0
1e1ad178,Uttar Pradesh,Kanpur,Urban Development,0.26,108,844,79.9,2,Stay Order,18.5,3,14.7,Not Started,76.4,17.9,1
4726702c,Madhya Pradesh,Gwalior,Highway,5.87,63,726,29.0,1,Filed,54.6,2,33.8,Partial,78.4,25.7,0
4c313ae1,Bihar,Patna,Power Transmission,10.48,166,261,43.9,1,Stay Order,63.6,4,63.6,Partial,59.7,39.1,1
4c387eec,Karnataka,Belagavi,Railway,38.37,3,1188,83.6,0,None,41.9,2,19.7,Full,51.6,53.0,0
d6c4a2d5,Madhya Pradesh,Jabalpur,Urban Development,26.82,96,242,74.5,1,Filed,9.1,3,66.9,Not Started,30.1,44.8,1
cacb3304,Karnataka,Belagavi,Urban Development,1.2,7,1438,38.2,3,Filed,50.9,1,9.7,Partial,85.8,13.7,1
cbf9e671,Odisha,Cuttack,Urban Development,33.58,46,968,49.3,1,Resolved,25.8,0,37.9,Not Started,89.2,45.6,0
7144e3d3,Gujarat,Rajkot,Highway,4.13,189,948,46.4,1,Under Hearing,74.1,4,30.3,Partial,57.7,40.8,1
8e72e8ea,Rajasthan,Jodhpur,Irrigation,18.22,31,1498,74.6,0,None,23.8,5,31.4,Full,60.6,40.3,0
253793f3,Uttar Pradesh,Varanasi,Industrial Corridor,18.05,74,717,59.3,0,None,34.7,2,49.2,Partial,87.8,21.0,1
8cef1378,Uttar Pradesh,Lucknow,Power Transmission,6.53,114,472,36.3,0,None,43.6,5,36.1,Partial,70.3,12.7,0
e2d1f5e4,Rajasthan,Kota,Irrigation,5.73,33,323,73.6,2,Under Hearing,32.0,5,32.2,Not Started,46.1,30.5,1
cb1ad2ad,Karnataka,Belagavi,Irrigation,13.05,17,62,33.6,0,None,47.6,2,40.5,Full,57.4,28.3,0
1b59b1af,Odisha,Rourkela,Irrigation,8.53,9,929,74.3,1,Filed,63.2,2,50.7,Full,74.5,34.3,0
9fd5c002,Maharashtra,Nashik,Industrial Corridor,1.4,26,881,69.0,0,None,40.3,5,84.3,Partial,43.2,35.8,1
aaa57cdf,Odisha,Cuttack,Power Transmission,4.2,14,1171,78.0,0,None,34.7,4,30.1,Not Started,62.5,9.8,1
694cb3a5,Maharashtra,Nagpur,Highway,8.5,26,288,78.1,0,None,18.1,3,11.6,Full,23.2,38.2,0
c97b7e6f,West Bengal,Siliguri,Industrial Corridor,22.44,48,869,34.4,0,None,88.6,1,4.0,Partial,40.7,22.7,0
1f970fdf,Karnataka,Mysuru,Railway,10.69,56,938,39.5,3,Under Hearing,8.9,2,11.9,Not Started,63.0,24.3,1
6d225697,Maharashtra,Pune,Power Transmission,9.13,196,1317,53.0,0,None,65.8,3,51.0,Full,70.5,22.7,0
290fbdf8,Madhya Pradesh,Indore,Industrial Corridor,3.83,83,1332,33.7,0,None,27.0,2,20.2,Not Started,48.6,17.2,1
d21cc9bf,Gujarat,Ahmedabad,Industrial Corridor,16.93,82,1458,94.8,1,Resolved,93.0,2,6.9,Full,38.1,25.1,0
acdb0ed1,Tamil Nadu,Coimbatore,Irrigation,9.74,197,1485,19.2,1,Under Hearing,63.6,4,18.9,Not Started,30.2,55.6,1
19ae3ba9,Odisha,Cuttack,Power Transmission,23.39,332,563,39.7,0,None,8.5,3,10.8,Not Started,27.9,55.3,1
3820a878,Odisha,Cuttack,Urban Development,25.44,85,1270,84.0,0,None,53.2,2,17.1,Full,41.6,21.5,1
8e003eb3,Rajasthan,Udaipur,Industrial Corridor,122.55,66,662,72.3,2,Under Hearing,59.5,3,16.1,Full,84.7,16.5,0
6fe16c1b,Maharashtra,Thane,Urban Development,35.0,110,436,55.7,0,None,81.3,3,12.2,Full,41.4,23.3,0
d0ecbdb8,Bihar,Gaya,Irrigation,22.69,62,891,86.7,1,Filed,50.7,0,48.7,Partial,59.7,54.9,1
2f234534,Bihar,Bhagalpur,Railway,10.21,4,623,44.1,0,None,38.1,5,17.5,Partial,22.1,24.7,1
cc381ab3,Madhya Pradesh,Indore,Railway,14.04,16,1353,84.9,1,Filed,53.2,1,8.5,Partial,19.3,24.0,0
26f745bf,Bihar,Muzaffarpur,Highway,38.77,206,1162,82.2,1,Resolved,44.3,2,63.9,Full,64.2,41.2,1
dc0a9fec,Maharashtra,Thane,Railway,2.74,161,1472,42.8,1,Under Hearing,68.7,1,58.6,Partial,79.5,29.9,0
9a9c8df5,Maharashtra,Thane,Railway,20.49,103,1261,86.5,0,None,70.7,3,81.3,Not Started,63.6,28.6,0
46a334b4,Uttar Pradesh,Meerut,Industrial Corridor,4.87,63,1471,48.8,2,Filed,51.0,2,49.6,Full,63.2,41.9,1
3042392e,Karnataka,Hubballi,Highway,8.82,45,589,62.5,0,None,52.3,3,9.9,Not Started,8.6,53.1,1
78172ee0,Gujarat,Surat,Railway,58.45,148,436,79.4,1,Filed,70.0,5,23.0,Full,88.4,28.9,1
5e042cb3,Rajasthan,Udaipur,Irrigation,2.13,24,1001,56.9,2,Resolved,46.0,5,15.8,Full,89.1,23.5,1
ddcc09cc,Karnataka,Belagavi,Industrial Corridor,11.37,7,1269,46.7,1,Resolved,29.8,5,29.9,Not Started,24.3,44.8,1
ae8c0765,West Bengal,Howrah,Power Transmission,148.73,18,1453,76.0,0,None,8.0,4,25.7,Full,74.1,24.6,1
5e1556cf,Rajasthan,Udaipur,Irrigation,1.81,160,48,7.8,0,None,54.3,3,32.1,Not Started,58.1,41.5,1
def220dd,Karnataka,Belagavi,Urban Development,21.61,52,843,73.5,1,Resolved,21.7,0,32.3,Partial,70.4,50.4,1
da92e6d2,Bihar,Patna,Railway,10.51,94,124,13.8,1,Stay Order,53.8,4,12.7,Not Started,78.5,55.0,1
8442c302,Karnataka,Mysuru,Industrial Corridor,17.28,230,1455,56.6,1,Stay Order,26.6,2,3.6,Partial,52.3,40.5,1
54b9c078,Tamil Nadu,Madurai,Railway,3.52,74,1070,60.7,1,Under Hearing,65.5,4,21.3,Partial,71.5,53.2,0
97ebfe8b,Uttar Pradesh,Kanpur,Irrigation,17.28,189,260,90.9,1,Stay Order,87.8,4,18.0,Not Started,97.9,7.1,1
597128f6,Rajasthan,Kota,Urban Development,22.58,91,34,51.6,0,None,37.9,3,44.4,Partial,69.0,52.8,0
09e3f5ec,Rajasthan,Kota,Railway,11.4,375,490,90.8,1,Stay Order,80.7,4,13.7,Not Started,52.4,11.5,1
0606fa43,Karnataka,Hubballi,Industrial Corridor,11.18,148,1209,80.5,0,None,17.3,1,31.4,Full,73.9,36.4,0
fd8e30d2,Odisha,Bhubaneswar,Irrigation,34.95,43,423,64.9,3,Resolved,26.6,2,46.3,Partial,69.2,43.8,1
c4d8b210,West Bengal,Howrah,Railway,5.72,16,1297,91.8,1,Under Hearing,81.2,2,18.4,Partial,47.9,18.2,1
c70b8d92,Madhya Pradesh,Bhopal,Urban Development,48.15,53,1394,30.1,0,None,51.3,1,63.3,Partial,48.7,36.8,1
cbb55baf,Uttar Pradesh,Lucknow,Highway,5.81,23,443,67.5,0,None,13.8,7,15.7,Partial,20.7,21.7,1
dcc498b0,Rajasthan,Udaipur,Highway,33.51,162,528,57.7,3,Filed,49.3,2,18.0,Partial,35.4,51.9,1
1f353a61,Gujarat,Rajkot,Industrial Corridor,4.52,640,443,86.0,0,None,39.7,3,29.9,Full,63.1,33.9,1
9125d642,Karnataka,Mysuru,Industrial Corridor,7.54,26,1408,6.8,1,Under Hearing,45.0,2,26.1,Not Started,37.4,43.9,1
35483c43,Uttar Pradesh,Kanpur,Urban Development,69.22,265,379,48.4,1,Stay Order,11.3,5,38.6,Partial,61.2,5.0,1
d94d9f15,Gujarat,Ahmedabad,Urban Development,0.89,70,1111,52.1,0,None,57.5,3,24.6,Full,28.2,30.7,1
f2890aba,Karnataka,Bengaluru,Industrial Corridor,14.67,54,588,41.5,0,None,31.3,2,13.2,Full,54.4,37.9,0
181d4da0,Karnataka,Bengaluru,Industrial Corridor,2.44,12,812,9.1,1,Resolved,52.7,1,3.1,Partial,26.7,35.1,1
4e600501,Karnataka,Bengaluru,Urban Development,8.54,148,150,68.5,1,Filed,73.7,3,14.1,Partial,32.9,20.0,0
8c7c63c4,Tamil Nadu,Madurai,Power Transmission,6.3,47,634,76.9,1,Filed,22.7,7,11.6,Not Started,29.7,33.9,1
d7cf3be7,Madhya Pradesh,Jabalpur,Industrial Corridor,7.5,4,633,15.6,0,None,13.5,2,29.8,Full,19.4,37.8,0
fa630148,Karnataka,Hubballi,Highway,4.23,101,701,4.9,1,Resolved,44.0,1,32.6,Full,96.9,35.3,0
08905f8a,Tamil Nadu,Coimbatore,Power Transmission,25.76,56,85,56.0,0,None,41.4,6,33.6,Partial,61.2,33.6,1
3a28fa7b,Rajasthan,Jodhpur,Irrigation,11.03,139,401,16.3,0,None,76.7,1,55.3,Partial,83.7,39.7,1
ef440315,Tamil Nadu,Madurai,Irrigation,14.34,165,1318,79.9,1,Under Hearing,45.3,3,16.4,Not Started,76.6,22.8,1
f7d05b3b,Odisha,Rourkela,Highway,5.35,12,168,51.0,2,Under Hearing,52.1,4,23.8,Partial,64.5,40.8,1
80cc3c77,Gujarat,Surat,Urban Development,12.47,56,353,51.7,0,None,29.4,4,20.3,Full,66.7,42.1,0
9d1521ef,Madhya Pradesh,Jabalpur,Highway,20.02,35,1436,77.8,2,Filed,55.7,4,46.2,Not Started,46.5,32.1,1
12e5c1e4,West Bengal,Kolkata,Irrigation,4.37,37,900,30.4,1,Stay Order,11.6,0,2.7,Partial,31.1,40.1,1
5a7fb566,Gujarat,Rajkot,Power Transmission,3.73,15,939,12.2,1,Filed,76.9,3,30.6,Full,86.3,64.5,0
71b9ca1e,Bihar,Bhagalpur,Irrigation,10.89,44,1437,44.0,0,None,85.0,3,39.3,Not Started,65.2,57.8,0
9c3cc7b1,Tamil Nadu,Coimbatore,Power Transmission,3.28,185,1424,35.3,0,None,70.1,4,23.0,Partial,32.3,39.3,0
1e4ae00d,Rajasthan,Kota,Irrigation,7.58,53,282,56.7,1,Under Hearing,40.2,0,16.3,Partial,49.0,52.8,0
431f858a,West Bengal,Howrah,Urban Development,3.28,203,408,51.5,0,None,58.7,2,27.2,Full,57.7,10.8,1
dad41d48,Maharashtra,Nagpur,Power Transmission,33.93,131,1476,71.4,1,Under Hearing,73.7,5,62.0,Not Started,72.7,41.7,1
6501c0bb,Odisha,Bhubaneswar,Highway,4.22,1,541,86.1,1,Stay Order,75.9,3,50.2,Partial,63.6,37.0,1
df010f27,Bihar,Patna,Power Transmission,7.95,44,628,77.1,1,Resolved,57.3,2,19.3,Partial,83.4,27.8,1
62f46184,Odisha,Bhubaneswar,Railway,3.15,341,94,37.2,0,None,44.8,1,13.7,Not Started,86.3,25.4,0
d2d0864c,Maharashtra,Pune,Industrial Corridor,81.38,122,777,53.8,1,Under Hearing,29.4,4,22.4,Partial,19.7,53.1,1
2551d49e,West Bengal,Siliguri,Power Transmission,2.13,79,449,15.6,0,None,70.4,3,12.5,Not Started,36.3,60.8,0
b20ebd64,Karnataka,Hubballi,Urban Development,88.55,55,1163,67.8,0,None,53.7,1,44.5,Full,74.8,19.8,0
857d0f77,Bihar,Muzaffarpur,Irrigation,7.88,65,1211,86.9,1,Under Hearing,21.0,3,13.8,Partial,90.0,26.8,1
ed38ca88,Tamil Nadu,Madurai,Highway,1.86,7,1377,83.0,0,None,56.6,4,72.4,Full,27.1,38.5,0
b64182de,Tamil Nadu,Chennai,Power Transmission,8.47,37,1488,53.9,0,None,26.0,2,34.0,Full,62.7,38.2,0
c63b7030,Uttar Pradesh,Kanpur,Irrigation,9.67,308,533,66.8,1,Resolved,40.2,4,5.6,Partial,41.3,18.9,0
8f060efc,West Bengal,Durgapur,Urban Development,44.36,61,638,88.9,0,None,39.3,1,49.6,Full,47.0,48.2,0
e42ff3a7,Maharashtra,Thane,Irrigation,20.93,990,843,92.9,0,None,35.9,2,16.2,Full,56.3,14.6,1
d90ca1b6,Maharashtra,Thane,Irrigation,15.44,7,284,33.8,0,None,78.3,6,10.8,Partial,21.7,18.1,0
af004cac,Bihar,Muzaffarpur,Urban Development,7.62,37,600,81.0,1,Resolved,42.8,4,28.8,Partial,77.6,36.7,0
d8232c21,Karnataka,Hubballi,Railway,1.88,340,785,36.7,1,Resolved,83.0,5,37.6,Partial,74.3,41.8,1
04cbc2c3,Maharashtra,Nagpur,Irrigation,17.23,237,875,23.2,2,Resolved,37.8,2,16.8,Partial,40.2,6.5,0
e0efd529,Bihar,Bhagalpur,Urban Development,6.68,44,1374,85.0,0,None,82.8,1,54.3,Not Started,61.0,40.1,0
86428580,Gujarat,Vadodara,Highway,13.51,687,1456,40.9,1,Under Hearing,35.3,1,20.5,Not Started,39.7,31.9,1
fffc5209,West Bengal,Howrah,Railway,3.59,141,533,36.8,0,None,15.5,1,9.4,Full,44.1,27.1,0
1f56aac4,Gujarat,Ahmedabad,Power Transmission,42.62,62,263,55.7,2,Under Hearing,40.3,1,60.3,Not Started,56.5,27.7,1
cf7aff1e,Bihar,Muzaffarpur,Industrial Corridor,2.86,238,328,53.3,1,Resolved,19.5,3,31.8,Partial,56.6,25.6,0
f7828e47,Madhya Pradesh,Jabalpur,Power Transmission,20.75,9,1447,9.7,0,None,25.2,4,15.4,Not Started,77.9,22.8,1
e6b1638f,Gujarat,Ahmedabad,Power Transmission,20.32,41,53,9.4,1,Stay Order,42.2,3,27.5,Partial,78.5,30.4,1
2b527d42,Odisha,Rourkela,Highway,39.93,17,903,55.5,3,Filed,62.0,0,23.5,Partial,71.1,21.6,0
8e47b6b9,Uttar Pradesh,Lucknow,Irrigation,3.02,6,920,72.3,0,None,58.4,1,80.9,Full,69.0,5.0,0
9fc0d6ec,Madhya Pradesh,Bhopal,Urban Development,22.09,230,250,89.3,0,None,49.5,5,53.7,Partial,62.8,34.9,1
2761262d,Bihar,Bhagalpur,Irrigation,42.86,19,1077,45.6,0,None,37.4,2,74.1,Full,85.1,52.6,1
8854bedb,Karnataka,Hubballi,Industrial Corridor,5.29,109,1049,58.5,1,Under Hearing,22.7,2,13.0,Full,39.2,10.7,0
6ed4ef08,Madhya Pradesh,Bhopal,Urban Development,49.07,38,96,60.0,0,None,19.0,3,41.5,Partial,87.2,26.5,1
025e74b2,West Bengal,Howrah,Urban Development,15.78,584,44,63.5,1,Under Hearing,66.3,4,11.8,Full,72.8,17.1,1
7c6395b5,Karnataka,Belagavi,Railway,4.45,507,855,53.1,1,Under Hearing,63.7,2,19.6,Partial,76.1,34.5,0
f3330bea,Madhya Pradesh,Jabalpur,Railway,49.6,161,482,65.5,1,Under Hearing,64.7,1,45.9,Full,28.6,26.8,0
fc200702,Rajasthan,Udaipur,Urban Development,20.09,18,47,36.2,1,Filed,76.8,3,36.6,Partial,49.7,27.0,1
70d7cc7a,Maharashtra,Thane,Urban Development,10.69,37,444,51.7,0,None,7.2,1,51.2,Partial,72.1,58.9,1
0cbbbbc6,Uttar Pradesh,Varanasi,Power Transmission,35.29,286,1168,24.2,1,Under Hearing,43.1,1,4.6,Not Started,84.0,53.5,1
218b9c52,Uttar Pradesh,Varanasi,Highway,9.11,49,1107,9.9,0,None,50.5,0,40.2,Partial,52.0,37.8,1
9524d334,Bihar,Patna,Power Transmission,9.2,150,507,62.3,1,Stay Order,44.5,1,65.6,Full,62.5,28.3,1
95db2925,Maharashtra,Aurangabad,Urban Development,15.62,59,610,93.8,1,Filed,48.1,4,53.0,Partial,52.9,21.2,0
f03efe4c,West Bengal,Kolkata,Power Transmission,6.67,51,481,40.2,0,None,69.4,0,12.5,Not Started,20.1,47.2,0
75002d62,Maharashtra,Thane,Industrial Corridor,20.74,53,202,69.0,1,Filed,78.9,5,4.9,Full,23.2,16.7,0
fe96e2d3,Odisha,Bhubaneswar,Irrigation,6.48,40,437,58.6,0,None,63.6,3,42.4,Partial,59.3,35.1,0
8ff3dad2,Odisha,Cuttack,Industrial Corridor,16.76,23,211,65.0,0,None,34.1,2,5.0,Partial,63.8,26.7,0
c76a7069,Bihar,Bhagalpur,Urban Development,3.02,12,425,57.5,1,Resolved,76.2,3,30.1,Full,86.4,47.7,0
d2620b92,Tamil Nadu,Chennai,Highway,13.0,28,1258,69.0,0,None,51.9,2,18.0,Partial,58.4,17.6,0
7ab9c36a,Tamil Nadu,Madurai,Irrigation,3.25,14,1254,69.5,0,None,31.4,0,22.9,Partial,71.6,34.6,1
2161db12,Odisha,Rourkela,Railway,2.13,52,1493,57.3,0,None,54.2,1,40.6,Partial,55.9,48.6,1
a267c1d0,Maharashtra,Nagpur,Railway,5.79,198,474,63.7,0,None,31.7,2,39.6,Partial,70.0,49.5,1
073cf226,Odisha,Rourkela,Power Transmission,6.32,136,975,1.5,0,None,21.0,0,10.3,Not Started,88.0,21.5,1
fbf17f03,West Bengal,Howrah,Power Transmission,55.95,808,1328,64.0,1,Resolved,47.5,2,102.8,Full,52.3,46.4,1
1a577812,Uttar Pradesh,Varanasi,Irrigation,2.92,12,550,37.0,1,Resolved,64.4,5,6.4,Partial,36.0,38.8,1
5c649b3d,Gujarat,Rajkot,Power Transmission,6.84,62,1104,81.5,0,None,56.4,2,29.1,Full,62.8,32.7,0
61f52b3c,Karnataka,Belagavi,Railway,65.6,27,477,28.2,1,Filed,48.8,0,8.5,Full,92.6,25.8,1
776adcc0,Madhya Pradesh,Indore,Urban Development,16.67,98,808,61.5,1,Stay Order,39.3,3,78.5,Partial,12.8,17.2,1
20c16a95,Gujarat,Vadodara,Railway,8.26,10,1221,54.0,0,None,14.3,3,25.6,Full,44.8,36.5,0
605c3a97,Rajasthan,Udaipur,Highway,40.91,29,142,79.8,1,Under Hearing,30.6,2,24.8,Partial,44.4,45.4,0
b0e9db08,Tamil Nadu,Salem,Power Transmission,19.64,85,965,62.0,0,None,50.8,3,25.4,Not Started,74.3,43.5,0
987b38f6,West Bengal,Howrah,Urban Development,6.26,190,514,43.5,0,None,40.2,1,15.8,Partial,23.1,25.5,0
8d40f509,Karnataka,Bengaluru,Power Transmission,25.57,20,946,58.8,0,None,45.9,0,31.2,Not Started,86.3,45.7,0
b7e54a2b,Gujarat,Vadodara,Industrial Corridor,29.82,118,1376,57.8,2,Filed,32.5,0,36.3,Full,54.8,49.2,1
495cf9d1,Karnataka,Mysuru,Irrigation,30.7,15,1237,90.8,1,Filed,49.5,2,32.4,Partial,50.8,50.6,1
d93eeea5,Odisha,Cuttack,Highway,44.94,90,366,48.4,1,Stay Order,45.5,4,18.0,Partial,76.6,47.3,1
d363d943,West Bengal,Kolkata,Urban Development,11.14,30,922,38.0,0,None,55.3,1,57.5,Partial,85.1,51.1,1
e06aeef1,Odisha,Bhubaneswar,Railway,23.25,35,575,5.7,4,Under Hearing,23.8,2,30.9,Full,67.1,36.8,1
5c4ab56a,Maharashtra,Thane,Railway,3.76,109,1225,53.5,0,None,31.0,4,51.9,Not Started,38.0,56.0,1
fd8a85e0,Odisha,Bhubaneswar,Power Transmission,11.37,62,257,87.5,0,None,48.3,6,8.2,Partial,51.4,40.9,0
2572cdc2,Karnataka,Mysuru,Highway,27.71,54,1037,46.6,0,None,61.2,3,16.5,Full,90.9,44.9,1
2078d2cd,Uttar Pradesh,Varanasi,Industrial Corridor,4.07,41,772,44.6,0,None,15.2,1,94.9,Full,24.3,29.1,1
3d716ba7,Bihar,Gaya,Railway,8.7,168,817,86.5,0,None,26.1,2,27.0,Full,43.9,5.0,1
faacf475,Rajasthan,Kota,Industrial Corridor,139.1,123,1040,54.9,2,Under Hearing,35.3,1,35.6,Partial,48.3,9.3,1
f157ddea,Rajasthan,Kota,Power Transmission,18.09,81,634,28.5,1,Filed,42.0,2,16.8,Not Started,86.4,37.5,0
6f1dbc8d,West Bengal,Kolkata,Power Transmission,11.35,13,763,21.0,0,None,58.3,3,31.5,Full,27.5,8.1,0
fd3feb04,Gujarat,Ahmedabad,Power Transmission,11.36,358,228,48.4,1,Resolved,64.4,5,2.5,Not Started,59.8,13.5,0
41f600cb,Gujarat,Ahmedabad,Railway,4.55,101,52,35.5,0,None,57.8,1,36.0,Not Started,53.3,26.1,1
6e69ba1d,Gujarat,Rajkot,Power Transmission,19.63,172,1339,18.3,0,None,75.0,3,29.0,Full,61.8,54.0,0
7db5eea0,Karnataka,Bengaluru,Irrigation,4.03,57,881,84.1,1,Under Hearing,38.0,3,26.5,Full,22.6,35.1,0
622f1fc9,Odisha,Bhubaneswar,Irrigation,4.17,85,1170,35.9,0,None,21.6,4,31.1,Not Started,31.4,43.2,1
bb538dc3,Bihar,Muzaffarpur,Irrigation,4.16,18,1049,23.4,0,None,16.6,2,58.9,Not Started,67.0,27.5,1
ce5a1340,Tamil Nadu,Salem,Highway,11.87,91,243,85.7,1,Filed,29.5,1,28.8,Full,70.8,45.8,0
d3f8a52e,Uttar Pradesh,Agra,Urban Development,28.63,74,623,69.4,2,Resolved,43.8,3,38.8,Not Started,91.1,35.3,1
fda75462,Maharashtra,Nashik,Irrigation,7.7,13,1368,73.5,0,None,57.0,1,5.9,Partial,76.5,55.1,0
589245b3,Tamil Nadu,Madurai,Urban Development,28.97,63,1035,32.7,1,Filed,72.5,1,18.0,Full,40.8,62.2,1
72e24311,Bihar,Patna,Industrial Corridor,39.81,34,671,26.1,0,None,72.7,3,68.6,Full,88.1,10.3,1
982e4b26,Odisha,Cuttack,Urban Development,5.71,53,378,43.3,1,Resolved,61.8,0,73.2,Partial,41.5,73.2,0
25e4df5c,Bihar,Patna,Power Transmission,4.0,10,1297,67.0,0,None,61.9,1,74.4,Partial,60.9,54.7,0
43927392,Gujarat,Surat,Highway,10.26,230,321,26.8,0,None,50.4,2,18.3,Partial,17.3,44.5,0
32797957,Bihar,Gaya,Power Transmission,6.79,135,53,72.4,2,Under Hearing,67.1,0,7.4,Not Started,39.9,44.1,0
8f49125b,Tamil Nadu,Coimbatore,Urban Development,42.39,20,389,62.6,2,Stay Order,24.2,1,2.4,Not Started,87.8,17.6,1
8798d009,Uttar Pradesh,Meerut,Industrial Corridor,8.13,78,95,20.1,1,Resolved,27.1,5,61.1,Full,42.9,36.6,1
3be5cca5,Maharashtra,Nagpur,Power Transmission,5.55,91,383,84.2,0,None,45.2,4,63.8,Partial,76.6,39.1,0
42999822,Uttar Pradesh,Kanpur,Railway,13.94,246,394,72.4,0,None,69.3,4,56.2,Not Started,60.3,16.3,1
d26ae9da,Odisha,Bhubaneswar,Industrial Corridor,2.99,10,966,82.0,0,None,67.6,1,52.3,Not Started,54.4,39.4,0
314be6a8,Tamil Nadu,Madurai,Highway,2.14,57,1150,55.1,3,Resolved,53.3,1,4.1,Not Started,87.0,41.3,1
ed81078b,Odisha,Bhubaneswar,Railway,5.01,80,407,61.7,0,None,83.2,4,31.4,Not Started,88.1,38.7,0
504930da,Uttar Pradesh,Varanasi,Irrigation,9.47,461,100,29.5,0,None,39.8,3,14.9,Not Started,64.9,55.2,1
be330abe,Madhya Pradesh,Gwalior,Highway,8.66,18,51,72.9,1,Under Hearing,23.7,4,10.8,Not Started,57.6,18.7,1
b0cd1815,Madhya Pradesh,Bhopal,Railway,21.24,69,67,71.5,1,Resolved,73.3,5,25.2,Partial,91.4,16.4,1
bb0b5448,Maharashtra,Nagpur,Highway,38.97,273,1082,46.5,1,Under Hearing,90.8,3,12.0,Partial,53.9,59.9,1
3cc58b13,Rajasthan,Jaipur,Industrial Corridor,2.71,33,1163,43.6,0,None,35.2,2,25.0,Not Started,58.1,22.6,0
27b20540,West Bengal,Kolkata,Highway,29.59,30,1183,14.8,0,None,68.1,4,42.1,Partial,36.2,44.7,1
d263a21f,Maharashtra,Pune,Power Transmission,27.93,148,1110,71.6,0,None,56.4,1,11.4,Full,68.3,30.9,0
99ef34b5,Rajasthan,Kota,Industrial Corridor,8.62,75,137,35.9,5,Stay Order,63.4,3,26.2,Not Started,60.8,69.6,1
2bfb0757,Maharashtra,Thane,Urban Development,74.82,107,1082,78.9,2,Resolved,27.7,0,7.4,Full,87.9,22.8,0
903f8ec1,West Bengal,Kolkata,Power Transmission,4.91,275,602,73.1,1,Stay Order,35.4,4,28.8,Not Started,39.9,44.4,1
565025d6,West Bengal,Howrah,Railway,14.1,61,951,45.0,0,None,34.0,7,44.2,Partial,32.8,53.6,0
8ab0a2c1,Karnataka,Hubballi,Irrigation,10.77,117,889,70.1,2,Filed,33.3,2,7.7,Full,60.9,50.2,1
84524a11,Maharashtra,Aurangabad,Irrigation,18.55,64,259,48.4,1,Under Hearing,22.0,1,8.6,Full,48.3,30.1,1
e9d11dec,West Bengal,Siliguri,Power Transmission,13.16,14,901,54.4,0,None,39.3,1,8.9,Not Started,19.7,46.6,0
e21b1613,Tamil Nadu,Coimbatore,Highway,12.2,12,1466,42.2,0,None,80.4,3,13.4,Not Started,59.3,53.7,0
1fec2c36,Karnataka,Bengaluru,Power Transmission,5.97,270,338,29.1,3,Under Hearing,6.7,3,12.9,Full,41.9,12.2,0
eb4e3505,Maharashtra,Pune,Railway,27.36,258,445,75.9,0,None,40.9,4,78.7,Partial,81.2,21.7,0
c2f36470,Bihar,Muzaffarpur,Railway,8.89,80,1381,39.8,0,None,60.7,4,22.7,Partial,48.3,38.2,1
33934a3b,Tamil Nadu,Salem,Highway,22.8,95,371,82.5,2,Filed,40.6,0,27.9,Not Started,41.0,7.7,0
5d177ef4,Maharashtra,Thane,Power Transmission,7.72,51,60,71.0,1,Resolved,29.0,4,12.6,Not Started,46.2,23.0,0
9618a498,Odisha,Bhubaneswar,Railway,21.45,111,1001,17.4,1,Filed,37.9,2,17.7,Not Started,39.4,24.8,1
16578e20,Rajasthan,Jodhpur,Railway,124.04,17,442,60.3,0,None,23.0,3,11.8,Not Started,67.9,43.6,1
05be1f69,Odisha,Rourkela,Irrigation,0.72,37,684,61.6,1,Filed,33.7,3,13.5,Not Started,55.5,41.8,1
6e80b33f,Odisha,Bhubaneswar,Urban Development,8.16,21,1388,54.5,1,Filed,38.2,3,16.4,Full,63.3,7.6,0
e115fd88,Karnataka,Mysuru,Railway,71.19,53,52,20.6,0,None,54.8,2,26.9,Not Started,42.2,53.1,1
a1880178,Madhya Pradesh,Gwalior,Industrial Corridor,38.88,31,144,76.5,1,Under Hearing,17.0,2,8.7,Full,29.2,33.3,1
95d1f9e7,West Bengal,Howrah,Railway,16.45,52,327,33.1,0,None,39.9,5,2.9,Partial,87.3,48.1,0
2a923266,Uttar Pradesh,Varanasi,Highway,3.2,10,303,76.3,1,Filed,65.0,0,15.2,Partial,46.9,55.3,0
802a07a6,Maharashtra,Nagpur,Highway,71.79,55,915,37.6,3,Under Hearing,13.1,2,24.5,Full,99.2,40.7,1
3cef1878,Bihar,Patna,Highway,36.37,161,944,62.8,1,Under Hearing,32.6,1,3.6,Partial,61.3,44.9,1
84c5bb2e,Maharashtra,Nagpur,Irrigation,4.76,188,601,44.2,2,Under Hearing,54.6,3,10.5,Not Started,56.4,35.4,1
9e66abc8,Maharashtra,Nashik,Irrigation,14.17,134,1264,68.4,0,None,48.2,3,32.2,Full,37.0,51.0,0
cfc2a264,Bihar,Gaya,Urban Development,6.86,304,597,50.4,2,Filed,33.1,3,31.6,Partial,49.4,41.8,1
55d3db48,Tamil Nadu,Madurai,Urban Development,4.77,246,492,60.2,1,Filed,67.9,3,28.1,Not Started,38.2,38.2,1
38a91cd0,Gujarat,Vadodara,Urban Development,2.18,31,778,22.2,0,None,38.4,4,14.1,Partial,70.6,32.2,1
8d794f85,Karnataka,Hubballi,Urban Development,89.17,141,1242,30.9,0,None,50.7,2,20.9,Partial,56.1,45.9,1
448e3836,Madhya Pradesh,Bhopal,Highway,6.28,62,269,56.6,1,Stay Order,45.4,5,29.2,Full,78.7,23.4,0
4afb6665,Uttar Pradesh,Varanasi,Industrial Corridor,19.44,64,239,95.0,1,Filed,16.1,0,16.2,Partial,88.9,22.2,1
b8da6214,Odisha,Bhubaneswar,Irrigation,13.9,26,351,45.3,0,None,48.9,4,33.6,Partial,34.8,30.2,0
a09b1497,Uttar Pradesh,Varanasi,Irrigation,5.52,155,895,20.9,0,None,50.8,5,53.5,Full,71.4,12.2,1
98026541,Madhya Pradesh,Gwalior,Power Transmission,3.31,38,1315,11.1,1,Stay Order,84.7,1,44.5,Not Started,63.4,25.2,1
980937ac,Uttar Pradesh,Kanpur,Irrigation,30.98,1012,1252,40.4,4,Under Hearing,41.2,3,16.7,Full,26.2,26.7,1
b00ed5fd,Bihar,Gaya,Urban Development,84.14,17,435,33.6,0,None,80.3,3,8.2,Not Started,39.6,27.0,1
5fdea5d5,Bihar,Muzaffarpur,Irrigation,7.2,172,458,42.4,1,Filed,15.3,2,18.4,Partial,80.8,5.0,1
bdec6cb1,Maharashtra,Aurangabad,Railway,19.3,296,868,23.6,0,None,64.5,2,38.7,Partial,86.5,39.0,0
a15b33a2,Rajasthan,Udaipur,Highway,10.79,38,224,57.0,1,Under Hearing,74.6,4,1.4,Not Started,59.7,45.4,1
ea1f8fc0,Bihar,Patna,Railway,18.1,48,84,49.8,0,None,8.3,3,33.0,Full,91.1,36.2,1
6e2228e9,Gujarat,Vadodara,Industrial Corridor,2.07,25,260,32.7,0,None,40.3,3,60.7,Full,48.6,34.1,0
ec486fa5,Uttar Pradesh,Varanasi,Railway,32.7,49,337,70.9,1,Under Hearing,31.0,1,25.1,Not Started,41.1,19.3,0
89b58ba4,Karnataka,Mysuru,Urban Development,28.68,23,674,75.1,1,Resolved,84.4,1,130.0,Not Started,32.9,30.2,0
c0ae90e3,Gujarat,Rajkot,Urban Development,13.58,1,770,54.9,0,None,30.7,1,13.7,Full,59.4,28.2,0
176335fb,Karnataka,Bengaluru,Urban Development,5.64,23,863,28.7,0,None,32.0,2,50.5,Partial,31.4,25.9,1
e9c30684,Tamil Nadu,Salem,Urban Development,7.01,165,1143,40.2,2,Filed,38.6,2,7.5,Not Started,72.1,41.4,1
f19fc588,Uttar Pradesh,Lucknow,Highway,4.68,244,901,54.9,3,Resolved,73.2,1,9.9,Partial,13.8,27.8,0
960c0ef6,Gujarat,Surat,Urban Development,1.2,70,601,80.7,0,None,31.7,2,26.8,Full,77.1,21.0,1
110782f0,Odisha,Rourkela,Urban Development,4.84,66,272,65.8,1,Filed,19.5,2,25.2,Partial,69.9,28.2,1
076fe341,Odisha,Bhubaneswar,Railway,16.46,20,607,73.5,5,Filed,25.9,2,14.7,Full,46.8,63.2,1
7cd7545f,Madhya Pradesh,Indore,Irrigation,12.53,32,44,14.9,0,None,65.3,5,3.3,Full,82.4,49.1,0
67646fef,Bihar,Bhagalpur,Industrial Corridor,12.7,406,561,78.6,0,None,33.3,2,101.3,Partial,62.4,48.2,0
2d58e216,Odisha,Bhubaneswar,Highway,4.54,312,230,83.7,0,None,9.1,6,18.3,Partial,39.6,47.0,1
a4ab9591,Rajasthan,Udaipur,Urban Development,5.77,19,852,44.6,0,None,60.1,1,14.6,Full,54.2,13.2,1
dfd71e83,West Bengal,Howrah,Industrial Corridor,53.31,309,1179,79.5,2,Resolved,49.3,2,11.4,Full,47.6,32.8,0
cec9bd49,Uttar Pradesh,Agra,Power Transmission,14.08,17,1088,57.8,1,Resolved,71.6,3,2.8,Partial,87.4,38.0,0
d42bb759,Tamil Nadu,Coimbatore,Irrigation,3.04,33,1461,73.2,0,None,43.0,5,13.3,Full,54.1,35.5,1
157ff0ee,Maharashtra,Pune,Power Transmission,9.65,14,219,45.7,1,Filed,88.5,3,14.9,Not Started,71.9,47.2,1
1877083a,West Bengal,Siliguri,Industrial Corridor,41.09,76,467,33.5,1,Filed,24.5,5,35.2,Not Started,28.8,29.5,1
bcdc6ac5,Bihar,Patna,Urban Development,16.91,286,45,48.4,0,None,46.1,2,6.2,Not Started,56.3,21.2,1
338b6867,Maharashtra,Nashik,Irrigation,4.09,183,550,36.9,0,None,48.4,7,6.5,Not Started,93.5,47.6,1
06e1a626,Gujarat,Surat,Railway,21.98,279,568,53.7,0,None,26.7,1,2.3,Partial,39.9,67.1,0
a126f04b,Madhya Pradesh,Bhopal,Highway,47.35,78,980,34.5,0,None,34.1,2,55.2,Partial,52.2,48.4,0
35bd57d9,Maharashtra,Thane,Railway,37.43,47,639,36.3,1,Under Hearing,51.4,2,12.3,Partial,83.5,42.7,1
7cbe64b6,Karnataka,Belagavi,Railway,51.36,6,1228,31.2,0,None,11.3,6,12.4,Full,76.8,24.2,1
ef5370ab,Gujarat,Ahmedabad,Irrigation,2.83,84,1448,42.6,0,None,57.8,2,16.6,Not Started,28.4,49.6,1
f7e33a0f,Madhya Pradesh,Indore,Power Transmission,15.68,11,534,9.0,0,None,39.7,1,50.8,Full,39.9,21.6,0
fd085c1b,Bihar,Bhagalpur,Irrigation,34.32,8,1189,21.3,1,Stay Order,55.0,2,28.4,Full,76.5,30.7,1
f4f6ed39,Rajasthan,Jaipur,Railway,4.8,164,1225,28.9,1,Under Hearing,43.3,6,20.5,Partial,57.9,58.8,1
c9b805d8,Uttar Pradesh,Varanasi,Railway,6.64,31,397,45.2,1,Filed,38.5,1,13.5,Partial,88.2,23.8,1
eec2ff99,Maharashtra,Pune,Highway,86.03,281,228,48.2,1,Filed,48.5,4,20.6,Partial,53.7,18.8,1
961aa5dc,Karnataka,Bengaluru,Railway,14.05,183,1054,43.6,1,Filed,30.6,2,28.3,Partial,75.9,35.1,0
bdf02f62,Rajasthan,Jaipur,Power Transmission,56.11,127,1355,70.1,0,None,8.5,3,26.8,Full,70.8,23.9,0
6543b8f4,Uttar Pradesh,Varanasi,Irrigation,5.95,49,687,95.2,0,None,45.4,2,32.4,Partial,74.7,39.3,0
2e1d6ef8,Madhya Pradesh,Indore,Railway,13.18,143,324,61.6,1,Stay Order,61.5,4,60.9,Full,50.4,22.3,0
82471567,Rajasthan,Udaipur,Railway,23.06,131,1406,56.7,1,Resolved,36.7,4,123.2,Partial,79.3,50.9,1
faac677b,Gujarat,Rajkot,Highway,13.45,104,808,50.3,2,Stay Order,71.0,2,34.8,Full,63.6,25.0,1
2a18c01f,Bihar,Patna,Urban Development,58.62,89,542,53.8,2,Filed,82.5,1,42.5,Partial,61.8,60.0,0
f9f520de,Gujarat,Ahmedabad,Irrigation,8.2,33,835,64.1,0,None,17.8,6,6.3,Full,81.7,44.1,0
25307cbf,Madhya Pradesh,Indore,Industrial Corridor,18.7,34,1477,58.8,1,Filed,64.9,1,26.6,Full,31.4,44.1,1
eac5e0ee,Bihar,Patna,Urban Development,14.45,37,31,44.1,0,None,15.6,2,15.8,Not Started,10.8,44.1,1
10f875af,Karnataka,Bengaluru,Urban Development,11.41,184,985,63.0,1,Under Hearing,79.2,2,35.1,Not Started,50.8,22.6,1
a50f122a,Maharashtra,Thane,Industrial Corridor,99.21,199,395,59.2,3,Resolved,30.0,5,72.6,Partial,18.9,46.8,1
a822f48b,Uttar Pradesh,Lucknow,Highway,60.78,50,1317,64.1,1,Resolved,19.9,2,21.7,Not Started,84.1,21.7,0
677720a9,West Bengal,Howrah,Irrigation,4.35,29,320,47.4,0,None,37.3,2,10.3,Partial,38.3,50.6,0
398c3765,Rajasthan,Udaipur,Highway,6.95,34,83,55.4,1,Under Hearing,67.5,4,19.0,Not Started,69.3,36.1,0
cc7abf9f,Tamil Nadu,Salem,Power Transmission,32.35,14,405,43.4,2,Filed,49.4,2,31.7,Partial,67.9,37.3,1
2665a905,West Bengal,Siliguri,Industrial Corridor,6.22,130,1095,22.7,0,None,54.7,4,45.7,Not Started,75.2,64.4,1
2753742c,Gujarat,Ahmedabad,Highway,16.28,88,1387,51.9,0,None,8.4,2,37.9,Full,33.1,18.4,1
9537496f,Rajasthan,Jodhpur,Railway,48.99,145,977,57.3,1,Under Hearing,24.4,1,15.4,Partial,73.1,47.9,1
36ae51a4,Rajasthan,Jaipur,Highway,6.15,63,339,28.2,0,None,49.5,1,13.7,Partial,58.9,42.9,1
d16e0e0d,Uttar Pradesh,Kanpur,Highway,20.28,64,1351,73.8,3,Filed,83.7,3,94.4,Not Started,93.5,41.4,1
06eed67f,Rajasthan,Jaipur,Urban Development,9.46,303,251,80.4,1,Under Hearing,85.1,2,7.6,Not Started,84.2,48.2,1
06512b52,Gujarat,Vadodara,Irrigation,39.16,46,311,19.9,0,None,68.7,2,41.4,Partial,56.4,57.1,1
ed472c69,Maharashtra,Pune,Railway,21.29,135,556,22.0,0,None,54.7,2,49.8,Not Started,55.5,23.9,0
d509dff7,Tamil Nadu,Madurai,Power Transmission,7.53,250,486,87.5,0,None,53.5,2,23.4,Partial,23.6,28.1,0
8ba2257f,Uttar Pradesh,Agra,Power Transmission,9.98,202,166,41.5,2,Resolved,67.1,3,35.5,Full,80.6,30.4,0
1db5439f,Tamil Nadu,Salem,Irrigation,28.93,66,481,48.6,0,None,37.4,3,18.5,Partial,29.7,5.0,0
476a19ac,Maharashtra,Nashik,Highway,5.6,10,97,80.5,1,Resolved,22.8,3,22.9,Full,92.4,65.0,1
5bda71c3,Maharashtra,Pune,Irrigation,21.67,1838,42,84.2,2,Under Hearing,62.9,1,101.2,Partial,14.9,75.8,1
b9c362ee,Tamil Nadu,Madurai,Highway,3.54,53,87,83.9,2,Under Hearing,39.5,4,31.2,Partial,21.4,47.5,0
b46ee42e,Maharashtra,Aurangabad,Power Transmission,12.57,48,1000,14.5,1,Stay Order,13.3,2,31.6,Full,37.8,31.8,1
c51c1858,Bihar,Gaya,Railway,113.25,137,993,88.8,2,Under Hearing,85.7,1,11.4,Partial,41.3,14.0,0
0e725467,Odisha,Bhubaneswar,Irrigation,14.27,57,415,75.1,0,None,45.4,4,11.9,Partial,26.0,36.1,0
8924fed3,Madhya Pradesh,Gwalior,Power Transmission,37.37,36,494,63.5,0,None,37.1,3,7.0,Partial,89.3,27.9,0
d5c2ef90,Maharashtra,Aurangabad,Irrigation,8.02,13,803,22.5,0,None,64.2,2,16.2,Partial,63.7,44.9,1
11051d17,West Bengal,Kolkata,Industrial Corridor,6.31,15,313,70.1,0,None,57.2,2,58.8,Partial,86.2,27.3,0
14fe4272,Maharashtra,Nagpur,Industrial Corridor,4.94,58,1334,33.4,0,None,51.8,2,28.4,Full,28.8,42.0,1
feb78c02,Maharashtra,Aurangabad,Irrigation,78.49,134,592,73.1,2,Resolved,84.2,3,7.0,Partial,46.7,20.7,1
5cd5a65a,Gujarat,Surat,Industrial Corridor,6.35,29,447,27.5,0,None,41.2,2,40.7,Partial,53.9,20.4,0
fbe10b98,Odisha,Cuttack,Railway,9.16,366,830,46.9,0,None,61.5,5,32.7,Partial,43.7,5.9,1
b2890ee7,Maharashtra,Aurangabad,Urban Development,7.74,5,49,24.0,0,None,73.2,2,22.9,Partial,56.4,43.3,1
db9e7bda,Rajasthan,Jaipur,Irrigation,7.29,34,761,30.9,1,Under Hearing,54.1,1,13.9,Partial,55.5,37.9,1
2bfabff0,Odisha,Cuttack,Irrigation,26.54,86,820,77.4,0,None,20.4,5,43.1,Full,35.1,32.6,1
96a2b99a,West Bengal,Durgapur,Industrial Corridor,6.85,23,1058,90.4,1,Resolved,28.6,3,6.3,Full,97.9,41.4,1
5c7f9fae,West Bengal,Siliguri,Urban Development,8.45,7,1327,23.2,1,Resolved,26.4,2,54.3,Full,28.9,15.6,1
27079c89,West Bengal,Kolkata,Highway,4.83,25,207,46.9,2,Stay Order,30.1,5,11.4,Partial,58.9,36.8,1
f1a1670d,Rajasthan,Jaipur,Highway,18.7,71,1420,88.2,0,None,75.2,9,35.6,Full,70.9,36.2,0
7f17d5bd,Rajasthan,Jodhpur,Industrial Corridor,7.54,42,396,88.7,1,Stay Order,54.3,3,10.8,Not Started,64.5,19.9,1
4c6fd1f2,Karnataka,Belagavi,Power Transmission,1.46,124,1067,24.1,1,Filed,66.3,1,24.3,Full,23.0,12.6,0
29a235d1,West Bengal,Kolkata,Railway,10.32,27,1286,14.4,1,Filed,23.4,1,49.0,Not Started,45.1,35.1,0
8a601905,Uttar Pradesh,Varanasi,Urban Development,3.4,125,1148,48.1,0,None,43.7,6,7.9,Partial,39.8,25.0,0
9bba8614,Gujarat,Vadodara,Industrial Corridor,15.04,185,1289,91.3,1,Under Hearing,28.9,5,11.3,Not Started,24.5,23.5,1
c8cfa5a6,Odisha,Bhubaneswar,Irrigation,14.39,27,105,50.4,1,Filed,76.7,1,63.8,Full,56.8,14.8,0
1d4875a2,Tamil Nadu,Salem,Urban Development,21.57,205,494,66.7,0,None,40.4,0,12.1,Partial,22.9,35.1,1
1fc8d412,Odisha,Bhubaneswar,Power Transmission,9.89,187,359,28.5,0,None,36.7,4,20.7,Not Started,51.4,15.6,0
04ec3046,Maharashtra,Aurangabad,Irrigation,26.26,126,1058,31.5,2,Resolved,60.6,6,7.4,Partial,64.9,15.5,1
5ee5fe8d,Maharashtra,Nashik,Highway,35.76,21,382,65.2,2,Under Hearing,90.3,4,33.9,Partial,77.5,46.4,1
cb5b62ec,Rajasthan,Udaipur,Railway,3.39,46,409,63.6,0,None,27.7,4,24.6,Full,20.8,39.7,0
b801d1b3,Madhya Pradesh,Jabalpur,Industrial Corridor,6.97,60,785,57.5,1,Resolved,12.8,5,62.0,Not Started,40.1,57.0,0
025e1c17,Rajasthan,Kota,Urban Development,13.36,390,645,2.9,1,Under Hearing,52.6,5,17.0,Full,77.6,34.2,1
869cbb99,Gujarat,Rajkot,Urban Development,10.61,5,566,86.3,1,Filed,24.9,3,106.3,Full,33.3,39.4,1
54d34f58,Rajasthan,Udaipur,Irrigation,8.84,337,147,71.5,0,None,49.4,3,31.0,Not Started,70.2,39.4,1
40155a4e,Gujarat,Rajkot,Industrial Corridor,9.45,122,660,40.1,1,Resolved,60.4,1,21.4,Partial,34.0,5.0,0
2dff2492,Rajasthan,Jodhpur,Power Transmission,8.12,100,1463,87.7,1,Stay Order,66.1,1,33.8,Partial,25.0,24.4,0
2628bc26,Maharashtra,Nagpur,Urban Development,3.45,59,954,69.4,1,Filed,35.3,0,94.2,Full,61.7,34.9,1
0fd9a741,Gujarat,Vadodara,Industrial Corridor,5.12,33,912,5.9,1,Under Hearing,5.7,5,42.5,Not Started,47.8,26.3,1
5208ab5c,Odisha,Rourkela,Industrial Corridor,31.67,429,326,96.0,1,Stay Order,74.9,5,20.0,Not Started,15.5,45.9,1
e2fd496c,Odisha,Rourkela,Power Transmission,21.01,15,877,48.7,1,Filed,27.8,2,29.7,Full,41.6,46.8,0
ab33de62,Bihar,Patna,Irrigation,15.75,43,37,35.4,1,Under Hearing,56.3,3,19.4,Full,23.7,23.8,1
6079e331,Tamil Nadu,Coimbatore,Highway,3.68,142,776,31.0,0,None,49.4,2,34.5,Full,14.6,18.7,1
59bce501,Odisha,Rourkela,Highway,12.37,34,1089,85.2,1,Under Hearing,14.4,2,47.3,Full,23.5,45.6,1
0516382f,Rajasthan,Jodhpur,Highway,13.02,26,893,85.4,1,Under Hearing,73.3,4,31.4,Full,92.6,51.4,1
f659cf97,Rajasthan,Jaipur,Power Transmission,14.28,55,382,35.9,1,Under Hearing,31.5,2,20.9,Not Started,36.7,19.2,1
4456cb00,Rajasthan,Udaipur,Urban Development,1.7,25,1313,43.2,0,None,68.6,6,4.9,Full,36.0,33.5,1
60f45e94,West Bengal,Howrah,Industrial Corridor,3.76,48,1163,78.4,1,Under Hearing,67.3,0,80.8,Partial,20.1,26.6,0
ab8f057d,West Bengal,Durgapur,Urban Development,3.46,103,845,69.9,0,None,55.6,1,56.8,Full,88.6,44.4,0
4fa7d920,Tamil Nadu,Coimbatore,Railway,24.08,25,1148,90.4,1,Resolved,58.0,3,16.3,Partial,58.9,44.3,0
d05f13c6,Bihar,Gaya,Urban Development,9.51,100,1244,68.6,0,None,43.2,4,64.2,Full,87.3,39.2,1
0e6b4578,Maharashtra,Thane,Railway,4.91,251,566,72.0,0,None,42.4,3,123.0,Partial,79.5,30.0,1
905f1927,West Bengal,Durgapur,Irrigation,3.79,14,1274,19.3,1,Filed,61.5,1,28.4,Not Started,30.0,56.3,1
abf86cf1,Maharashtra,Aurangabad,Urban Development,6.85,229,231,71.5,0,None,26.1,2,30.8,Partial,23.7,32.6,0
3629d771,West Bengal,Durgapur,Urban Development,23.38,5,1403,65.4,1,Filed,39.9,3,16.7,Partial,47.9,34.0,0
f24620b5,Tamil Nadu,Madurai,Irrigation,5.11,18,135,46.4,0,None,44.9,1,18.3,Not Started,16.3,18.2,1
535814d6,Tamil Nadu,Coimbatore,Industrial Corridor,7.2,5,438,39.2,0,None,68.6,3,15.5,Full,46.1,22.5,0
d79b1fa3,Tamil Nadu,Madurai,Highway,19.26,55,351,29.2,1,Resolved,59.9,2,48.5,Full,77.9,16.2,1
cc4f0c56,Odisha,Rourkela,Power Transmission,11.22,15,284,74.8,0,None,83.7,1,12.1,Not Started,54.0,38.7,0
4d1fb12c,Uttar Pradesh,Varanasi,Railway,1.82,10,435,85.8,0,None,80.7,2,7.7,Not Started,44.4,32.0,0
a413dcf2,Maharashtra,Thane,Railway,8.44,68,347,39.4,0,None,49.0,1,33.3,Partial,60.6,29.7,1
cf27ddda,Uttar Pradesh,Lucknow,Power Transmission,26.42,64,1446,70.2,0,None,29.0,2,31.1,Partial,57.3,20.0,0
ddde7808,Odisha,Bhubaneswar,Power Transmission,32.61,42,1436,47.0,1,Under Hearing,27.4,3,53.2,Full,69.7,50.8,1
b4190777,Tamil Nadu,Salem,Power Transmission,20.15,90,221,75.4,0,None,32.0,1,22.4,Not Started,75.3,5.0,1
55d02ef0,Madhya Pradesh,Gwalior,Irrigation,8.4,29,1153,51.8,0,None,33.1,3,20.8,Partial,62.0,32.9,0
a31317d2,Madhya Pradesh,Bhopal,Irrigation,15.81,40,892,43.9,1,Resolved,32.7,4,48.8,Full,9.3,39.8,0
ddfb0803,Tamil Nadu,Chennai,Irrigation,30.5,35,1186,70.8,1,Filed,18.4,2,9.1,Not Started,86.0,22.0,1
a733ab97,Uttar Pradesh,Meerut,Irrigation,2.92,130,660,42.7,2,Under Hearing,94.7,2,44.1,Full,96.3,51.6,1
fd503fad,Maharashtra,Nashik,Highway,18.59,28,1110,41.7,0,None,76.6,1,38.6,Not Started,64.8,14.6,1
5ff43540,Madhya Pradesh,Gwalior,Power Transmission,1.96,8,151,75.3,0,None,67.1,5,68.9,Partial,49.5,34.0,0
da3a69c9,West Bengal,Kolkata,Highway,60.46,74,540,36.0,0,None,83.2,1,21.7,Partial,89.5,31.8,0
821eaaed,Uttar Pradesh,Meerut,Power Transmission,22.57,51,507,51.5,0,None,19.7,2,9.1,Partial,51.0,27.8,1
6658d5d3,Odisha,Bhubaneswar,Industrial Corridor,58.53,26,144,53.3,1,Under Hearing,44.5,2,11.2,Full,62.0,32.8,0
bbb8eebc,Odisha,Rourkela,Power Transmission,5.39,38,1220,66.9,1,Filed,39.3,2,19.8,Partial,57.1,41.7,1
b1e1455f,Karnataka,Bengaluru,Power Transmission,7.63,64,578,85.0,0,None,52.1,2,11.0,Partial,23.1,31.8,0
2a3654e7,Odisha,Rourkela,Industrial Corridor,3.11,111,1279,14.7,0,None,16.4,1,40.2,Full,32.2,58.2,0
3416d3d4,Madhya Pradesh,Indore,Railway,11.98,4,86,60.4,0,None,43.0,3,45.5,Partial,86.1,25.5,1
7b868684,Tamil Nadu,Coimbatore,Industrial Corridor,18.55,29,396,76.2,1,Stay Order,26.5,3,33.5,Not Started,64.6,32.5,0
e1fca187,Gujarat,Rajkot,Irrigation,3.37,5,589,67.2,0,None,21.1,2,8.4,Partial,58.3,14.9,1
8f7a888e,Rajasthan,Jaipur,Power Transmission,14.93,87,409,73.3,0,None,68.1,3,24.3,Full,31.9,14.5,0
147776d5,Odisha,Bhubaneswar,Railway,3.7,14,595,53.4,3,Under Hearing,59.5,5,26.7,Full,66.1,43.7,1
6c3b08e4,Rajasthan,Jaipur,Irrigation,17.14,46,1474,56.7,1,Under Hearing,63.1,1,28.3,Full,65.3,5.0,0
996bd3b8,Tamil Nadu,Salem,Railway,76.52,128,1285,69.9,1,Filed,46.4,2,27.0,Full,63.4,66.7,0
4db5e2ee,Karnataka,Belagavi,Power Transmission,31.14,11,1470,50.8,2,Resolved,25.5,4,27.5,Full,71.1,45.0,0
1e0e08ec,Odisha,Bhubaneswar,Power Transmission,41.25,27,677,59.2,0,None,58.0,3,16.7,Not Started,52.0,37.2,1
7b049f64,Maharashtra,Aurangabad,Railway,5.43,47,270,19.9,2,Under Hearing,49.2,3,9.5,Partial,65.8,31.8,1
fa8c97ed,West Bengal,Howrah,Industrial Corridor,7.16,53,888,76.3,1,Filed,50.1,7,58.1,Partial,90.9,22.2,1
2e8db7ff,Tamil Nadu,Madurai,Power Transmission,12.03,26,895,24.5,1,Under Hearing,75.8,4,18.1,Not Started,49.2,24.0,1
b607c04a,Gujarat,Surat,Power Transmission,12.15,66,468,84.6,0,None,66.6,4,13.5,Partial,79.3,45.6,1
317acc86,Odisha,Cuttack,Power Transmission,13.62,308,161,69.4,0,None,37.1,2,11.8,Full,43.7,28.8,0
ec092384,Tamil Nadu,Coimbatore,Irrigation,1.48,36,482,51.1,1,Under Hearing,45.4,4,18.1,Partial,64.5,43.2,1
826b1fd6,West Bengal,Kolkata,Power Transmission,10.55,6,1372,48.8,1,Resolved,42.8,0,6.4,Full,47.8,36.5,0
981d448f,Gujarat,Ahmedabad,Urban Development,13.11,68,291,40.2,1,Under Hearing,9.1,2,14.9,Partial,36.1,5.0,1
eb45b097,Maharashtra,Aurangabad,Power Transmission,70.31,45,855,30.3,0,None,31.7,5,15.9,Not Started,77.6,27.6,0
a4a8ff88,Uttar Pradesh,Kanpur,Power Transmission,4.46,86,1304,53.0,1,Filed,64.6,3,24.6,Not Started,67.7,58.8,0
b49fdd4b,Gujarat,Ahmedabad,Power Transmission,7.34,44,998,31.5,0,None,78.3,3,13.5,Not Started,87.1,39.4,0
d3931388,Odisha,Bhubaneswar,Railway,5.21,11,295,29.7,0,None,80.6,3,97.6,Not Started,62.9,51.4,1
e4f06d71,Bihar,Gaya,Railway,8.71,11,871,63.4,1,Under Hearing,51.1,2,49.7,Not Started,41.6,47.0,1
ccdc22a6,Madhya Pradesh,Gwalior,Irrigation,2.22,350,325,31.9,0,None,20.5,2,32.0,Full,73.0,20.1,0
6afa7fe0,Maharashtra,Aurangabad,Urban Development,22.77,29,1142,73.1,2,Under Hearing,52.8,2,50.3,Partial,47.4,13.5,1
a1952e45,Karnataka,Mysuru,Power Transmission,108.37,88,320,84.1,0,None,30.2,1,13.0,Not Started,69.4,57.6,1
10e8a3c5,West Bengal,Durgapur,Urban Development,6.81,24,1405,55.1,0,None,88.9,1,23.7,Partial,42.3,33.7,0
965a6004,Gujarat,Ahmedabad,Irrigation,4.59,137,242,42.8,0,None,58.6,1,38.3,Not Started,58.8,56.0,1
d1779ee0,Uttar Pradesh,Kanpur,Railway,7.48,164,1080,46.8,0,None,34.2,4,30.8,Partial,68.3,40.7,1
47bac592,West Bengal,Howrah,Urban Development,27.56,209,923,62.3,2,Resolved,48.4,2,36.1,Not Started,35.9,73.2,1
e7037c40,Gujarat,Vadodara,Power Transmission,29.43,72,572,77.8,1,Stay Order,46.6,5,44.9,Not Started,26.7,36.1,1
a406a117,Maharashtra,Thane,Highway,15.75,47,915,23.2,0,None,8.8,1,9.9,Full,52.6,44.0,0
ca5a4d7b,Odisha,Cuttack,Irrigation,12.35,79,231,67.0,0,None,18.2,3,17.3,Full,11.8,49.8,1
8407524f,Karnataka,Bengaluru,Irrigation,3.72,52,1443,57.5,1,Filed,30.2,4,40.4,Partial,46.5,24.4,0
af603684,West Bengal,Howrah,Railway,29.25,261,1189,46.1,0,None,46.8,1,13.5,Not Started,76.6,20.2,0
9e283c95,Tamil Nadu,Madurai,Power Transmission,11.71,58,404,25.3,2,Under Hearing,22.9,3,12.0,Partial,32.7,47.4,1
1e597fc6,West Bengal,Siliguri,Highway,33.51,45,577,22.0,0,None,58.5,1,47.2,Partial,49.4,38.3,0
28687e8b,West Bengal,Howrah,Highway,20.59,192,434,68.0,0,None,55.5,1,15.7,Full,78.3,42.1,0
326739a3,Karnataka,Bengaluru,Urban Development,9.12,37,330,64.5,1,Filed,63.3,2,4.0,Partial,73.5,32.0,0
6574e6c1,Odisha,Bhubaneswar,Power Transmission,46.71,115,509,60.7,1,Resolved,29.7,1,29.8,Partial,10.8,42.6,1
f07ba613,Madhya Pradesh,Bhopal,Urban Development,12.03,69,1267,41.5,0,None,64.0,1,14.8,Partial,52.8,57.5,0
70857fd5,Madhya Pradesh,Gwalior,Railway,9.42,429,1142,83.9,0,None,26.3,2,19.4,Partial,78.9,5.0,0
e43f68e8,Odisha,Cuttack,Power Transmission,16.33,59,429,38.2,0,None,72.0,4,18.4,Full,19.2,29.9,1
1b2e0a87,Tamil Nadu,Madurai,Highway,1.61,21,788,40.6,0,None,50.4,0,53.4,Not Started,68.1,13.9,0
1b174ba4,Rajasthan,Jodhpur,Urban Development,9.33,84,623,63.3,0,None,59.1,3,61.9,Partial,82.5,22.1,0
57e1cb12,Bihar,Muzaffarpur,Urban Development,4.96,21,176,59.3,1,Filed,14.1,4,6.1,Not Started,48.4,36.1,1
66ae456e,Bihar,Patna,Irrigation,2.01,37,1310,92.8,2,Under Hearing,6.2,4,6.7,Not Started,95.3,32.8,1
e030473e,Uttar Pradesh,Varanasi,Highway,54.21,99,979,41.5,2,Under Hearing,43.7,6,13.0,Full,40.2,28.1,1
765c8b30,Maharashtra,Nagpur,Irrigation,13.7,23,586,38.4,0,None,17.7,2,13.2,Full,21.0,37.9,1
6d7b7eac,Tamil Nadu,Chennai,Railway,6.92,56,1087,81.1,2,Under Hearing,36.5,4,17.0,Partial,77.3,37.5,1
b294277d,Uttar Pradesh,Varanasi,Railway,28.48,62,362,26.3,3,Resolved,89.0,2,14.7,Full,80.7,36.0,0
a2ca05fd,Karnataka,Mysuru,Power Transmission,22.89,16,850,90.6,2,Resolved,18.3,3,17.0,Full,89.0,22.8,1
7af7f6b5,West Bengal,Kolkata,Urban Development,6.2,9,442,32.5,1,Stay Order,54.0,2,26.0,Not Started,62.0,22.2,1
9140a958,Gujarat,Surat,Urban Development,14.2,6,555,55.0,1,Under Hearing,8.4,1,14.7,Partial,26.2,52.0,1
044f0ee7,West Bengal,Howrah,Highway,19.23,25,707,21.4,2,Under Hearing,2.8,2,29.5,Full,71.4,13.3,1
2ee90f5d,Odisha,Rourkela,Industrial Corridor,3.06,6,694,89.3,3,Filed,15.2,4,33.5,Partial,41.2,23.3,1
832dbe67,Gujarat,Rajkot,Urban Development,6.35,85,1156,31.8,0,None,90.0,2,21.1,Not Started,38.5,23.4,0
0cad44fa,Gujarat,Surat,Industrial Corridor,5.72,40,1037,25.4,0,None,81.7,0,6.3,Full,46.6,52.9,0
ee282756,Gujarat,Vadodara,Power Transmission,38.06,182,1097,24.0,2,Filed,62.5,2,5.5,Partial,75.6,54.1,0
abc0e5fc,West Bengal,Kolkata,Highway,7.77,70,1396,23.4,0,None,25.2,3,19.4,Full,59.0,29.6,0
4c477404,Tamil Nadu,Chennai,Irrigation,6.48,48,1042,83.0,0,None,72.8,5,10.0,Partial,57.0,36.0,1
9d59269f,Tamil Nadu,Coimbatore,Highway,7.56,473,1269,58.2,1,Resolved,59.2,2,12.9,Not Started,85.9,21.4,1
5c44cd78,Odisha,Bhubaneswar,Urban Development,10.27,188,181,68.6,0,None,58.6,1,40.8,Not Started,45.8,38.7,1
19c4ad78,Odisha,Cuttack,Industrial Corridor,2.92,57,579,38.6,0,None,37.8,3,41.9,Full,53.6,49.4,0
644de066,Tamil Nadu,Madurai,Power Transmission,10.91,15,1400,11.5,0,None,19.6,1,21.0,Full,40.8,54.1,1
9cae3907,Maharashtra,Aurangabad,Industrial Corridor,3.76,60,1041,41.9,0,None,56.4,4,68.9,Not Started,27.2,7.3,1
e627b794,Karnataka,Hubballi,Railway,27.16,61,1476,95.7,0,None,71.7,4,16.0,Not Started,76.8,39.4,0
b8639918,West Bengal,Durgapur,Urban Development,49.96,32,157,46.2,1,Filed,73.6,5,17.1,Partial,30.3,51.1,1
8a0bb0e9,Maharashtra,Aurangabad,Highway,47.61,23,1446,27.9,0,None,42.5,0,11.1,Full,68.7,15.1,0
656875cd,Karnataka,Belagavi,Highway,425.83,118,1470,80.7,5,Resolved,32.9,6,19.8,Full,66.9,39.0,0
e8913896,Karnataka,Belagavi,Irrigation,33.06,56,464,59.3,1,Under Hearing,81.4,3,8.1,Partial,71.6,19.4,0
b8e58c68,Karnataka,Hubballi,Railway,21.68,3,1120,81.8,1,Filed,22.0,3,47.7,Full,12.8,50.2,1
6ea977d9,Uttar Pradesh,Agra,Urban Development,6.45,96,97,81.0,2,Under Hearing,69.3,4,19.6,Full,39.9,39.0,1
63f37f6c,Bihar,Patna,Power Transmission,5.57,4,948,64.7,1,Under Hearing,30.2,3,34.2,Full,49.6,37.1,0
ae9b4c3c,Bihar,Bhagalpur,Urban Development,2.96,98,1303,61.1,0,None,39.9,1,49.1,Partial,59.4,37.0,1
f7ba1374,West Bengal,Kolkata,Power Transmission,10.81,47,1196,46.7,0,None,44.8,1,8.3,Full,58.3,23.4,1
97fb6d25,Madhya Pradesh,Jabalpur,Urban Development,9.59,17,1070,14.9,0,None,32.9,1,43.2,Partial,74.4,5.6,0
9b1cce24,Bihar,Gaya,Urban Development,3.81,17,1022,58.2,0,None,6.3,3,22.6,Full,91.1,38.0,1
4e84ad1d,Gujarat,Surat,Power Transmission,34.6,170,30,44.1,1,Resolved,17.6,4,10.5,Partial,60.3,29.7,1
a88e4c77,Karnataka,Belagavi,Highway,10.72,87,860,40.6,0,None,49.1,1,31.9,Full,43.5,44.6,0
778914a7,Odisha,Cuttack,Urban Development,4.7,53,1112,61.4,1,Resolved,55.1,0,83.6,Not Started,75.3,63.2,1
d75ebc8b,Tamil Nadu,Madurai,Highway,7.05,8,1112,63.9,0,None,44.4,2,32.0,Full,72.9,41.7,1
1fa70d88,Maharashtra,Pune,Highway,21.33,48,621,30.7,0,None,42.1,1,20.6,Full,70.2,30.4,1
4f97585d,Tamil Nadu,Chennai,Industrial Corridor,93.54,183,952,39.5,1,Resolved,77.4,1,89.3,Full,80.8,54.3,0
20989db2,Tamil Nadu,Coimbatore,Highway,2.06,13,386,72.2,0,None,38.4,4,36.0,Not Started,41.2,34.5,1
5de86345,Uttar Pradesh,Varanasi,Irrigation,35.38,36,484,63.1,2,Filed,57.6,5,21.3,Full,48.7,21.2,1
01af956b,West Bengal,Durgapur,Power Transmission,8.16,306,1079,44.0,1,Resolved,37.7,2,16.1,Not Started,55.3,61.1,0
71c1ee10,Uttar Pradesh,Kanpur,Railway,48.16,18,1038,41.0,1,Resolved,15.5,2,24.0,Partial,51.6,26.1,0
2d43893e,Odisha,Cuttack,Highway,48.71,96,944,58.5,1,Filed,16.7,2,40.2,Partial,17.9,8.7,0
a9b19283,Gujarat,Surat,Industrial Corridor,73.97,34,257,85.0,1,Under Hearing,41.1,5,23.8,Full,61.2,54.8,1
fecc292d,Karnataka,Hubballi,Industrial Corridor,10.74,86,1306,51.2,0,None,35.8,3,43.6,Partial,49.5,18.2,1
6118d440,West Bengal,Siliguri,Industrial Corridor,41.6,145,856,20.5,3,Filed,56.0,3,13.4,Not Started,73.3,33.5,1
4881c1d8,Tamil Nadu,Madurai,Railway,32.48,31,512,20.1,1,Under Hearing,23.7,2,15.5,Partial,36.5,6.1,1
c996b505,Madhya Pradesh,Bhopal,Irrigation,23.84,76,556,61.6,1,Filed,60.4,1,11.1,Partial,38.3,24.8,1
c07d098e,Tamil Nadu,Coimbatore,Irrigation,22.89,336,1258,54.1,0,None,65.2,3,26.8,Full,56.3,45.6,1
b1def095,Bihar,Patna,Railway,59.83,39,1309,69.2,1,Resolved,30.4,3,57.7,Not Started,72.1,5.8,1
c2d212d4,Bihar,Patna,Railway,27.26,35,1467,50.3,1,Under Hearing,40.5,3,41.1,Not Started,67.8,32.0,1
a7dd0bc6,Gujarat,Rajkot,Irrigation,14.18,48,1428,59.4,0,None,33.2,6,5.3,Partial,57.7,54.3,1
b3aa94e3,West Bengal,Siliguri,Highway,13.48,27,770,31.8,0,None,53.4,5,24.8,Partial,58.0,25.0,1
9d871d93,Maharashtra,Thane,Irrigation,8.89,67,1203,83.8,0,None,63.3,1,18.0,Not Started,23.3,29.0,0
6384fd2f,West Bengal,Howrah,Railway,15.64,129,119,31.2,1,Under Hearing,29.0,5,9.5,Full,44.4,43.9,1
a49f65b7,Maharashtra,Nashik,Irrigation,37.42,24,1086,82.6,1,Under Hearing,4.9,1,49.6,Full,46.6,25.7,1
f2a722b7,Maharashtra,Nashik,Power Transmission,8.84,86,549,15.6,1,Filed,44.7,3,56.6,Partial,97.8,29.4,1
700e3ce4,Odisha,Bhubaneswar,Highway,69.09,54,1214,63.6,0,None,36.5,2,9.4,Partial,43.7,39.9,0
15ee8057,Madhya Pradesh,Gwalior,Power Transmission,7.73,102,562,47.2,0,None,12.2,3,8.0,Full,20.5,58.3,1
f722a7a8,Bihar,Muzaffarpur,Irrigation,20.14,14,138,40.2,2,Resolved,50.6,0,9.2,Full,78.1,31.8,1
1b73f73e,Rajasthan,Kota,Highway,3.54,6,32,81.0,1,Resolved,50.7,3,62.2,Full,84.4,59.9,0
1758f314,Odisha,Cuttack,Railway,8.43,102,838,71.4,0,None,61.4,4,22.4,Full,47.7,37.3,1
98400766,Gujarat,Rajkot,Railway,5.36,44,1450,28.9,0,None,52.6,3,64.3,Partial,54.4,13.0,0
c24dda40,West Bengal,Siliguri,Highway,113.48,475,1302,28.8,1,Under Hearing,71.8,0,19.9,Partial,62.6,34.0,1
c62cf308,Bihar,Gaya,Irrigation,7.69,22,1259,31.8,1,Filed,61.7,2,18.7,Not Started,61.3,38.4,0
afaf8c2e,Tamil Nadu,Salem,Industrial Corridor,9.15,296,734,22.1,0,None,65.4,0,25.8,Full,44.7,36.7,1
c734c933,Gujarat,Ahmedabad,Railway,20.05,49,904,52.9,1,Under Hearing,43.2,4,32.1,Not Started,42.5,32.3,1
3c1b99ec,Madhya Pradesh,Indore,Railway,4.08,57,176,74.5,0,None,31.5,1,12.5,Full,24.8,52.5,0
54ab57e1,Tamil Nadu,Madurai,Power Transmission,17.04,94,736,53.2,1,Resolved,56.3,2,23.1,Full,56.5,5.0,1
8bb66b6d,Karnataka,Hubballi,Railway,2.14,31,87,69.4,1,Stay Order,10.1,1,8.2,Partial,73.3,9.1,1
e85173d4,Rajasthan,Kota,Railway,25.61,27,960,74.6,2,Stay Order,51.1,2,15.4,Partial,70.0,41.9,1
7e3c5ea5,Bihar,Gaya,Urban Development,2.66,15,1282,24.3,2,Stay Order,49.3,3,28.1,Full,36.5,57.9,1
864085d0,Karnataka,Belagavi,Railway,12.48,49,612,24.8,1,Under Hearing,45.2,4,80.5,Partial,77.5,55.2,1
74b19938,Maharashtra,Thane,Irrigation,8.59,17,1491,68.2,3,Filed,38.3,0,45.1,Not Started,90.1,49.5,1
11e5c1ec,Karnataka,Mysuru,Railway,17.73,148,1428,86.4,0,None,29.3,3,17.4,Partial,57.4,31.3,0
ed81a2e7,Uttar Pradesh,Lucknow,Power Transmission,13.55,85,1354,41.9,0,None,70.4,1,14.2,Full,68.7,32.7,1
5907eaa2,Karnataka,Mysuru,Urban Development,9.97,37,1147,83.1,0,None,24.9,2,32.0,Full,93.5,19.9,0
976c9ec1,Odisha,Bhubaneswar,Highway,5.98,589,87,63.8,1,Resolved,70.5,4,39.6,Partial,52.0,42.3,0
88b9e7d7,Maharashtra,Nagpur,Power Transmission,19.59,76,529,73.9,1,Under Hearing,18.8,3,21.7,Partial,60.8,13.4,1
4eb7be22,Bihar,Patna,Highway,1.99,264,652,67.6,2,Stay Order,29.7,4,78.3,Full,75.1,27.1,1
33a765c2,Rajasthan,Jodhpur,Irrigation,7.52,121,135,23.0,1,Resolved,92.1,4,85.3,Not Started,53.0,31.3,1
eca15ddc,Tamil Nadu,Chennai,Irrigation,6.6,46,1381,74.1,1,Filed,18.6,2,62.9,Full,90.3,29.4,0
dc603752,Madhya Pradesh,Gwalior,Highway,4.94,7,968,63.7,1,Filed,40.9,5,34.9,Partial,63.1,22.2,1
f1b82a5e,West Bengal,Durgapur,Industrial Corridor,11.12,19,1441,9.1,0,None,48.5,0,13.8,Partial,81.0,38.4,0
5d14afbe,Madhya Pradesh,Indore,Power Transmission,8.63,200,46,47.0,0,None,79.4,3,22.6,Partial,36.3,52.0,1
6efea2f7,Uttar Pradesh,Varanasi,Railway,5.42,21,514,14.9,0,None,39.9,2,37.3,Partial,62.5,37.1,1
0e603e05,Madhya Pradesh,Bhopal,Irrigation,16.81,37,551,7.2,1,Filed,90.6,3,29.0,Partial,41.3,24.6,0
5ffcad8c,Rajasthan,Jaipur,Urban Development,20.99,94,1284,25.3,0,None,81.1,4,17.0,Partial,80.5,44.0,1
ab04dde3,Rajasthan,Udaipur,Railway,31.07,51,1063,26.5,3,Filed,11.9,3,56.7,Full,81.4,43.6,1
8fa161bd,Madhya Pradesh,Bhopal,Highway,12.23,39,631,60.2,1,Under Hearing,48.8,6,26.5,Partial,5.9,61.8,1
0c2d26d3,Maharashtra,Pune,Highway,18.74,134,798,26.8,0,None,50.9,1,15.5,Full,79.5,36.2,0
a118f347,Gujarat,Surat,Urban Development,5.51,91,858,94.9,0,None,48.5,3,27.5,Full,68.3,55.7,0
5d1a9928,Bihar,Patna,Power Transmission,15.73,7,1370,77.3,1,Filed,92.0,1,3.8,Partial,9.7,30.3,0
9d5aedf9,Rajasthan,Jaipur,Power Transmission,28.28,21,533,40.5,0,None,34.4,4,51.2,Partial,54.3,29.4,1
d23b2db8,Karnataka,Mysuru,Industrial Corridor,7.38,24,1462,37.6,0,None,45.8,3,11.1,Partial,83.4,16.2,0
a23b44b1,Gujarat,Rajkot,Highway,43.84,8,606,62.5,1,Stay Order,63.1,2,52.4,Partial,51.7,40.8,1
c062d00c,Tamil Nadu,Coimbatore,Highway,12.5,20,419,20.9,0,None,66.5,1,9.8,Full,54.2,47.7,1
c812a866,Karnataka,Mysuru,Power Transmission,12.55,55,306,39.6,0,None,84.3,7,5.9,Not Started,66.5,38.3,0
2dff5efc,Rajasthan,Jaipur,Urban Development,4.12,138,1033,63.2,0,None,36.2,1,74.1,Full,18.0,53.3,1
2d70c195,Uttar Pradesh,Kanpur,Industrial Corridor,36.15,177,1188,42.7,0,None,24.7,4,38.4,Full,49.0,55.8,1
76e1c7ca,Gujarat,Rajkot,Railway,10.66,236,757,69.8,1,Under Hearing,18.6,2,3.2,Not Started,38.0,38.7,1
50851772,West Bengal,Siliguri,Railway,5.25,33,252,39.7,1,Stay Order,28.5,0,9.3,Partial,81.2,24.6,1
9f5990ea,Bihar,Muzaffarpur,Highway,49.39,216,903,58.1,1,Filed,50.3,4,11.1,Partial,86.6,34.8,1
d93394e3,Bihar,Gaya,Urban Development,17.7,276,260,52.3,3,Filed,21.5,5,25.2,Partial,54.6,34.3,1
9fe2f7e2,Maharashtra,Nagpur,Power Transmission,17.41,27,111,57.0,0,None,68.3,4,16.3,Not Started,93.3,55.9,0
76b113a7,Uttar Pradesh,Meerut,Urban Development,42.04,38,1223,52.5,1,Resolved,62.3,1,39.5,Full,58.6,36.3,0
a57760e5,Odisha,Rourkela,Industrial Corridor,36.17,68,675,46.7,0,None,40.4,0,20.3,Full,52.4,39.3,0
9057ffac,Maharashtra,Thane,Urban Development,8.58,77,155,80.3,1,Under Hearing,35.1,7,51.9,Full,98.6,64.7,1
74d3434c,Tamil Nadu,Chennai,Urban Development,26.82,130,1163,47.3,0,None,43.5,2,19.7,Full,74.5,31.6,1
92a28569,Tamil Nadu,Madurai,Highway,6.93,32,259,63.4,0,None,63.4,3,29.9,Full,52.4,28.0,0
5a517d8d,Tamil Nadu,Madurai,Urban Development,11.81,30,1167,68.6,1,Stay Order,28.7,3,26.4,Not Started,70.1,48.6,1
9a277d36,Rajasthan,Kota,Irrigation,3.13,56,454,66.7,1,Resolved,25.8,0,33.9,Partial,14.1,18.4,1
b960e707,Odisha,Bhubaneswar,Irrigation,9.6,11,158,72.6,2,Under Hearing,50.0,1,10.5,Full,40.4,5.0,1
dc597ecd,Bihar,Muzaffarpur,Highway,5.53,110,389,73.9,1,Resolved,14.5,0,106.4,Partial,73.2,20.9,1
4e19e9f9,Madhya Pradesh,Bhopal,Railway,5.69,201,976,69.2,0,None,56.3,2,16.8,Partial,61.6,5.0,0
f1504bba,Uttar Pradesh,Varanasi,Highway,36.78,27,878,70.1,0,None,39.1,4,13.7,Not Started,62.7,20.6,1
7b61b817,Madhya Pradesh,Bhopal,Irrigation,10.67,14,509,81.3,0,None,24.9,2,54.9,Partial,63.7,36.6,1
d9494705,Maharashtra,Thane,Irrigation,32.75,14,936,11.8,0,None,21.7,8,42.8,Full,75.3,50.9,1
73b71055,Bihar,Patna,Railway,22.05,79,1334,26.5,2,Under Hearing,25.3,4,2.7,Partial,60.4,24.1,1
a32276c1,Karnataka,Mysuru,Irrigation,0.68,51,1493,7.1,1,Under Hearing,90.1,2,11.5,Partial,60.7,35.8,0
e976ff40,Tamil Nadu,Chennai,Power Transmission,90.63,24,1220,91.9,2,Filed,70.0,2,16.3,Not Started,74.3,25.1,1
a0ef2e64,Madhya Pradesh,Gwalior,Railway,11.68,14,987,40.9,0,None,52.3,0,7.3,Partial,71.7,28.8,0
fed389a8,Madhya Pradesh,Jabalpur,Railway,7.76,6,1015,25.0,0,None,71.1,2,25.5,Partial,45.3,26.2,0
adbabcfe,Karnataka,Bengaluru,Railway,33.67,45,1230,38.4,4,Stay Order,24.0,4,16.9,Partial,73.1,33.4,1
9d66af37,Uttar Pradesh,Varanasi,Irrigation,7.72,32,652,74.1,0,None,51.0,3,17.9,Not Started,40.4,5.0,0
4e18548b,West Bengal,Durgapur,Urban Development,2.92,114,356,20.3,0,None,60.4,4,25.5,Partial,72.3,41.1,1
421443ab,Gujarat,Vadodara,Urban Development,1.69,16,302,48.1,0,None,74.3,2,37.8,Partial,66.8,51.0,1
f8bdd963,Maharashtra,Nagpur,Railway,17.88,22,153,67.6,3,Under Hearing,66.0,2,70.9,Partial,80.8,49.7,0
e429d0e9,Tamil Nadu,Salem,Industrial Corridor,293.34,174,1367,92.0,5,Under Hearing,52.8,2,6.4,Full,57.9,48.9,0
416f66b9,Maharashtra,Aurangabad,Power Transmission,35.67,6,568,31.9,0,None,18.7,1,36.3,Full,49.1,25.2,1
43f280e2,Karnataka,Bengaluru,Urban Development,34.85,98,760,90.8,2,Resolved,77.9,3,4.1,Not Started,75.3,30.7,0
bbc9b51a,Odisha,Cuttack,Highway,1.16,68,1470,26.7,0,None,49.1,1,21.9,Partial,52.8,14.2,1
ce7c9f08,Bihar,Bhagalpur,Irrigation,6.8,47,234,77.3,2,Filed,75.4,3,19.5,Full,30.8,40.1,0
2ad8b1ad,Uttar Pradesh,Meerut,Industrial Corridor,48.73,23,531,49.6,0,None,57.9,2,15.1,Partial,24.6,5.0,1
efe2e403,Odisha,Bhubaneswar,Industrial Corridor,51.19,205,1057,90.8,1,Resolved,33.9,1,37.4,Full,40.1,41.0,1
093af92d,Tamil Nadu,Chennai,Industrial Corridor,0.5,17,1264,22.1,1,Under Hearing,82.3,3,26.3,Partial,36.6,32.1,1
03af450a,Odisha,Cuttack,Irrigation,12.46,31,1074,29.1,2,Filed,47.8,4,29.9,Partial,63.9,47.5,1
f34a870f,Gujarat,Vadodara,Industrial Corridor,5.82,108,299,74.7,1,Resolved,65.7,6,12.1,Partial,86.8,34.5,0
6ab291f0,Bihar,Patna,Urban Development,11.3,184,1240,51.8,0,None,50.0,3,21.6,Partial,22.6,22.4,0
b51c979d,Karnataka,Belagavi,Industrial Corridor,13.55,33,795,12.5,0,None,74.7,0,11.2,Partial,50.9,28.8,0
8392d4ae,Tamil Nadu,Chennai,Highway,33.99,27,308,27.3,2,Filed,28.3,3,30.7,Partial,78.4,45.0,1
af6274ce,Bihar,Bhagalpur,Power Transmission,1.44,121,880,8.9,1,Resolved,18.4,2,14.2,Full,50.0,52.8,0
66866f0c,Odisha,Cuttack,Irrigation,7.09,126,1481,54.1,0,None,37.4,1,1.2,Full,90.7,40.9,1
27747a51,West Bengal,Siliguri,Urban Development,15.7,37,1273,62.1,0,None,82.4,3,23.4,Partial,35.8,45.6,0
0555da48,Madhya Pradesh,Gwalior,Railway,36.63,87,1345,66.8,0,None,57.0,3,61.4,Full,74.4,14.3,1
a4ae553b,Odisha,Rourkela,Irrigation,38.12,27,1244,89.6,1,Under Hearing,47.3,2,19.1,Partial,39.6,49.8,1
b70cd6cf,Rajasthan,Udaipur,Power Transmission,48.86,33,169,86.6,1,Under Hearing,47.9,2,63.8,Partial,39.8,51.9,1
2692635e,Odisha,Rourkela,Railway,13.41,43,1123,98.5,2,Filed,84.6,4,22.9,Partial,62.6,24.8,0
d09bcfec,Tamil Nadu,Madurai,Highway,19.63,52,1389,56.1,1,Under Hearing,41.3,6,14.6,Not Started,50.0,51.4,1
4f48441c,Bihar,Gaya,Power Transmission,35.6,40,276,67.6,0,None,36.6,3,31.3,Not Started,94.5,55.2,0
59e9f978,Karnataka,Bengaluru,Urban Development,32.03,14,416,67.8,1,Stay Order,59.7,3,17.8,Partial,48.3,40.3,1
7b6c925e,Gujarat,Vadodara,Railway,5.35,89,655,53.5,1,Filed,42.4,1,37.0,Partial,95.5,57.4,1
004130b8,Karnataka,Hubballi,Industrial Corridor,29.3,210,1300,80.4,0,None,57.4,2,14.2,Not Started,55.3,40.2,1
f469c4b4,Bihar,Gaya,Railway,7.0,35,1030,35.7,0,None,51.2,1,49.7,Partial,79.5,34.6,1
004556e0,Odisha,Cuttack,Highway,24.24,50,1479,44.4,0,None,36.8,1,24.7,Not Started,74.2,8.9,1
66a714d8,Uttar Pradesh,Varanasi,Railway,6.35,20,227,86.9,0,None,37.9,1,29.5,Full,26.3,43.5,1
81aaacb2,West Bengal,Kolkata,Urban Development,0.76,447,1267,76.0,1,Under Hearing,20.8,3,32.5,Full,76.2,51.9,1
00b23b39,West Bengal,Siliguri,Highway,12.08,4,310,53.4,1,Under Hearing,0.9,4,18.5,Not Started,73.7,6.4,1
1a2c3fc5,Bihar,Muzaffarpur,Highway,10.95,235,937,31.7,3,Resolved,82.3,1,6.4,Not Started,21.8,5.0,1
86924c1b,Karnataka,Mysuru,Irrigation,22.97,4,463,17.3,0,None,39.0,2,9.5,Partial,67.1,36.8,1
2ff86685,Bihar,Muzaffarpur,Railway,24.96,18,1017,70.2,0,None,77.5,5,44.8,Partial,37.7,45.4,1
7b465383,Tamil Nadu,Chennai,Power Transmission,4.75,2,659,32.2,2,Under Hearing,59.5,1,16.9,Not Started,43.4,41.2,1
7e4c7b38,Uttar Pradesh,Varanasi,Power Transmission,8.01,48,599,62.9,1,Resolved,65.1,3,11.3,Partial,81.0,26.5,0
d4f2d082,Gujarat,Rajkot,Irrigation,14.18,28,736,13.7,1,Resolved,48.6,2,25.0,Partial,80.2,45.5,1
9e85094f,Madhya Pradesh,Indore,Irrigation,15.9,32,1341,53.1,0,None,62.4,3,28.5,Partial,62.6,32.3,1
bd10b961,Odisha,Bhubaneswar,Irrigation,13.33,54,1073,50.9,0,None,70.7,1,37.7,Full,38.6,46.4,0
7927aee6,Bihar,Patna,Irrigation,5.55,46,180,72.9,0,None,11.6,2,12.8,Partial,30.6,25.4,0
abe8dfc7,Tamil Nadu,Salem,Power Transmission,14.08,23,424,42.0,0,None,14.0,7,15.6,Full,29.2,71.2,1
e13752b7,Madhya Pradesh,Bhopal,Railway,23.37,81,1494,23.5,0,None,42.6,4,28.1,Not Started,94.5,53.9,1
9eb482f9,Madhya Pradesh,Indore,Industrial Corridor,2.65,8,988,81.5,1,Stay Order,84.4,3,26.9,Partial,59.5,23.1,0
c878dc6b,Karnataka,Belagavi,Industrial Corridor,32.85,16,403,75.8,1,Under Hearing,30.5,4,26.2,Full,54.1,18.6,1
8565d3b5,Madhya Pradesh,Jabalpur,Irrigation,8.19,59,1154,37.7,1,Resolved,36.8,3,10.2,Not Started,80.8,37.0,1
aa748bc0,Madhya Pradesh,Gwalior,Power Transmission,34.79,34,741,51.3,1,Under Hearing,91.3,2,54.2,Partial,71.6,19.2,1
2a1f0925,Uttar Pradesh,Varanasi,Highway,11.58,91,1473,68.5,1,Filed,54.8,2,25.3,Partial,73.6,30.9,1
ebb3649b,Rajasthan,Kota,Railway,20.79,122,157,83.0,0,None,63.6,1,34.8,Not Started,93.7,49.7,1
2ebd1c3e,Gujarat,Rajkot,Urban Development,5.26,111,534,6.1,0,None,86.1,3,51.1,Full,25.5,38.5,0
669166c9,Karnataka,Bengaluru,Highway,8.96,3,1380,82.0,0,None,68.8,6,35.5,Partial,53.3,35.6,1
ecfa29f4,Odisha,Cuttack,Railway,12.55,25,1011,79.7,1,Filed,50.8,4,23.6,Full,36.5,47.1,0
fe18b28c,Karnataka,Belagavi,Power Transmission,23.94,198,151,13.6,0,None,65.7,1,16.1,Full,11.7,55.5,0
8fac5fb0,Uttar Pradesh,Agra,Urban Development,3.35,42,1316,64.9,0,None,64.0,0,19.2,Full,39.1,44.8,0
a3ca5ab0,Uttar Pradesh,Lucknow,Power Transmission,8.65,91,515,71.6,0,None,74.7,0,31.5,Partial,13.0,25.9,0
a7508e5f,Tamil Nadu,Madurai,Power Transmission,52.94,25,977,66.6,1,Filed,15.5,1,20.0,Partial,9.7,5.0,0
a0330cca,West Bengal,Howrah,Industrial Corridor,4.89,40,1113,80.6,0,None,15.7,2,8.3,Partial,46.4,43.4,0
14809091,Maharashtra,Nagpur,Power Transmission,13.08,135,1151,80.8,1,Filed,72.7,8,30.7,Not Started,45.6,30.4,1
385d0873,West Bengal,Siliguri,Urban Development,76.39,20,1054,59.3,0,None,77.0,0,41.9,Not Started,66.9,40.5,0
0771c34c,Karnataka,Bengaluru,Irrigation,28.86,48,1413,67.2,0,None,35.6,4,20.7,Partial,69.9,5.0,1
885e01d7,Bihar,Patna,Power Transmission,4.0,30,1276,40.1,1,Filed,77.0,2,22.6,Not Started,56.3,21.5,1
2f2e7ed1,Maharashtra,Aurangabad,Power Transmission,25.13,41,293,37.8,1,Filed,27.7,3,57.2,Not Started,43.3,12.5,1
b1a7d947,West Bengal,Howrah,Power Transmission,8.57,275,645,39.9,0,None,18.8,3,70.6,Full,40.3,32.1,1
8febc0dd,Tamil Nadu,Madurai,Power Transmission,8.89,74,779,77.5,1,Stay Order,93.3,3,67.4,Full,24.2,26.4,0
e0b75032,Madhya Pradesh,Jabalpur,Power Transmission,7.02,93,1329,56.1,2,Stay Order,45.6,0,24.3,Not Started,46.3,25.4,1
2ca358fc,Uttar Pradesh,Lucknow,Urban Development,3.17,32,114,76.1,1,Filed,68.7,3,43.2,Not Started,73.3,5.0,1
77f4ab38,Karnataka,Bengaluru,Highway,12.73,31,923,43.4,2,Under Hearing,70.2,1,19.9,Full,22.9,29.3,1
5b429a36,Bihar,Gaya,Industrial Corridor,6.9,11,559,3.4,1,Filed,56.2,3,14.9,Full,50.0,36.5,0
62a3d417,West Bengal,Durgapur,Irrigation,10.27,60,1499,21.1,2,Under Hearing,43.3,4,16.2,Full,86.4,37.3,1
d5f8bd04,Karnataka,Bengaluru,Industrial Corridor,5.91,97,602,43.5,1,Resolved,69.3,0,49.0,Full,59.9,32.8,1
f9684605,Odisha,Cuttack,Urban Development,2.87,15,476,51.8,1,Filed,66.4,4,37.2,Partial,85.6,28.1,0
54dff3b3,Bihar,Muzaffarpur,Power Transmission,45.89,6,905,36.1,1,Under Hearing,17.7,1,11.1,Partial,87.7,37.4,1
218ee6a6,Madhya Pradesh,Jabalpur,Urban Development,10.94,272,1131,67.5,0,None,42.1,1,9.4,Partial,16.2,31.1,0
f90153cb,West Bengal,Howrah,Industrial Corridor,10.8,62,1098,77.9,3,Filed,90.8,4,11.2,Full,70.1,7.6,1
48d27458,Tamil Nadu,Chennai,Power Transmission,8.45,17,1106,54.1,1,Under Hearing,29.0,3,1.6,Partial,36.4,22.3,1
9c504468,Karnataka,Bengaluru,Highway,12.8,194,449,69.8,1,Under Hearing,94.5,1,26.6,Full,49.5,33.8,1
890d329e,Maharashtra,Nagpur,Railway,14.62,9,659,72.9,1,Resolved,21.1,4,21.8,Partial,27.8,30.0,0
ab2dc7c9,Madhya Pradesh,Gwalior,Highway,36.08,57,1315,20.7,0,None,19.9,3,19.3,Full,76.0,32.8,0
283cd42e,Uttar Pradesh,Meerut,Irrigation,1.38,15,520,60.2,1,Resolved,13.6,2,24.6,Full,59.7,44.6,0
a7ad680d,Karnataka,Bengaluru,Railway,2.59,144,196,27.3,0,None,74.5,3,53.6,Partial,3.2,41.2,0
ec1c4cde,Karnataka,Bengaluru,Urban Development,7.82,35,158,83.5,3,Under Hearing,39.5,2,22.4,Full,13.4,39.3,1
d4f51904,Odisha,Rourkela,Railway,1.59,24,1067,67.4,1,Filed,75.1,1,9.0,Partial,60.5,55.2,1
48204750,Odisha,Rourkela,Power Transmission,7.25,95,1275,33.2,0,None,77.0,2,75.7,Partial,52.2,58.1,1
7cafa4e4,Gujarat,Rajkot,Railway,186.53,260,537,87.2,1,Filed,69.0,8,47.6,Not Started,72.6,34.0,1
a3001de9,Bihar,Muzaffarpur,Irrigation,22.97,302,590,87.8,1,Under Hearing,49.5,2,25.5,Full,42.2,36.5,0
7925f0c1,Bihar,Bhagalpur,Urban Development,4.19,84,1031,78.1,2,Under Hearing,65.3,1,24.9,Full,69.7,40.2,0
16c1d592,Madhya Pradesh,Bhopal,Highway,25.55,178,1313,66.9,1,Filed,47.8,2,16.6,Partial,65.5,29.2,1
f0b9c15e,Uttar Pradesh,Meerut,Power Transmission,44.86,1046,955,82.0,0,None,70.6,2,27.8,Partial,56.6,41.5,0
79369128,Gujarat,Ahmedabad,Irrigation,2.99,19,1363,66.3,0,None,25.4,0,10.4,Full,70.7,25.9,0
794528d8,Tamil Nadu,Madurai,Highway,11.84,26,586,44.3,1,Filed,64.0,2,23.2,Not Started,88.0,31.6,1
e3858b08,Karnataka,Bengaluru,Power Transmission,13.39,63,1345,48.5,1,Stay Order,47.4,6,7.2,Not Started,81.2,36.8,1
f345ab4f,Rajasthan,Jaipur,Railway,22.51,91,235,38.2,0,None,57.0,3,9.2,Not Started,55.3,48.3,1
768f8394,West Bengal,Kolkata,Power Transmission,3.82,287,878,88.4,0,None,47.9,3,43.8,Full,31.3,27.4,0
ed1adbf0,Karnataka,Belagavi,Highway,4.49,49,770,50.2,2,Stay Order,41.6,3,3.6,Full,65.5,30.6,1
7cc80aec,Odisha,Bhubaneswar,Power Transmission,33.0,74,58,62.3,1,Under Hearing,28.0,2,83.0,Not Started,8.8,28.7,1
7a3dc177,Maharashtra,Pune,Irrigation,4.27,51,567,60.2,0,None,23.2,4,22.5,Not Started,40.9,40.5,1
4220cf21,Tamil Nadu,Coimbatore,Urban Development,2.89,264,325,27.3,1,Resolved,13.3,1,12.6,Partial,57.9,44.2,1
66dcf5af,West Bengal,Durgapur,Urban Development,8.4,34,1005,57.1,1,Stay Order,88.9,3,27.0,Full,41.7,13.0,0
8b630b8c,Odisha,Rourkela,Irrigation,11.83,204,221,25.4,0,None,18.4,3,33.1,Full,54.1,23.1,0
f52181d4,West Bengal,Durgapur,Railway,14.29,82,160,78.8,0,None,21.9,3,15.8,Full,69.5,29.1,0
38587d4c,Uttar Pradesh,Kanpur,Industrial Corridor,13.52,15,1165,36.4,1,Resolved,40.3,3,13.0,Full,81.3,29.3,1
a1f693b7,West Bengal,Kolkata,Urban Development,29.76,135,1090,65.5,2,Filed,5.2,1,20.3,Not Started,82.6,39.3,1
53bb2e87,Karnataka,Mysuru,Industrial Corridor,17.23,50,1250,85.4,0,None,86.3,5,22.0,Full,97.1,16.1,0
ebcb983f,Uttar Pradesh,Varanasi,Railway,17.48,67,1413,70.2,1,Under Hearing,20.1,1,42.7,Partial,43.1,38.3,0
e005db3f,West Bengal,Howrah,Irrigation,6.56,17,239,56.7,0,None,72.6,8,30.4,Not Started,57.6,41.1,0
0607f10e,Odisha,Rourkela,Industrial Corridor,6.75,73,738,63.6,0,None,65.0,1,16.9,Partial,76.7,20.6,0
6bca2d5e,Tamil Nadu,Coimbatore,Highway,142.06,103,855,61.0,3,Stay Order,65.8,5,19.4,Partial,42.8,37.5,1
4ec1af90,Maharashtra,Thane,Urban Development,18.76,326,1355,59.3,1,Filed,78.3,1,75.7,Partial,27.1,15.0,1
0df32d6f,Uttar Pradesh,Kanpur,Urban Development,4.32,29,717,48.1,0,None,26.1,3,20.0,Partial,44.8,24.3,1
464228c5,Uttar Pradesh,Meerut,Highway,21.15,103,1429,94.9,1,Stay Order,62.4,2,18.3,Full,90.4,13.7,0
d9489ffd,Odisha,Rourkela,Railway,6.34,23,360,57.3,1,Filed,75.8,4,55.3,Full,11.9,50.7,1
a6f04536,Tamil Nadu,Salem,Highway,32.45,40,169,97.4,1,Filed,19.6,4,23.4,Full,63.8,43.5,1
5742e11e,West Bengal,Durgapur,Industrial Corridor,1.86,8,374,44.2,0,None,80.9,0,50.8,Full,48.9,60.9,1
55982c5b,Maharashtra,Nashik,Power Transmission,79.72,29,231,69.8,3,Resolved,30.7,5,20.4,Full,60.7,38.8,1
bfd61226,West Bengal,Kolkata,Railway,21.95,121,672,38.8,0,None,82.7,1,37.6,Partial,72.3,31.9,1
34bb24c4,Uttar Pradesh,Agra,Highway,13.48,19,988,78.1,0,None,35.6,3,26.5,Full,83.2,27.3,0
31d1c8e3,West Bengal,Kolkata,Power Transmission,3.1,74,752,52.6,0,None,74.2,2,1.2,Full,92.5,41.6,1
da78acfb,Uttar Pradesh,Agra,Highway,16.11,60,1462,84.4,0,None,6.0,2,22.1,Full,48.8,13.5,1
d9bd65be,Tamil Nadu,Salem,Power Transmission,7.56,83,531,27.3,0,None,24.3,1,27.5,Partial,29.7,66.3,1
4534b07b,Madhya Pradesh,Indore,Industrial Corridor,21.54,183,307,72.4,0,None,60.4,1,53.6,Not Started,38.0,21.4,0
10cda3ce,Rajasthan,Jodhpur,Highway,15.92,38,353,26.8,0,None,54.8,3,69.7,Not Started,87.7,62.3,1
09686d7b,Karnataka,Belagavi,Industrial Corridor,8.62,72,1228,42.2,0,None,20.8,1,13.3,Partial,25.3,26.6,0
3fbdccb9,Tamil Nadu,Coimbatore,Power Transmission,4.44,111,926,66.2,0,None,63.4,4,98.4,Not Started,64.9,22.9,1
cadb0873,Uttar Pradesh,Varanasi,Highway,30.93,54,1411,65.2,0,None,91.5,1,28.1,Partial,71.5,26.2,0
d7817474,Uttar Pradesh,Meerut,Industrial Corridor,7.05,30,221,13.3,0,None,20.2,3,36.0,Full,67.5,40.1,1
c8469119,Odisha,Rourkela,Irrigation,12.15,24,559,83.1,0,None,72.2,6,29.0,Full,36.8,25.2,0
61b9b308,Uttar Pradesh,Agra,Irrigation,46.45,76,804,41.2,2,Resolved,78.4,2,37.8,Not Started,65.8,47.9,0
187f90b1,Maharashtra,Pune,Industrial Corridor,46.05,12,1453,46.0,2,Under Hearing,31.2,4,20.6,Full,86.9,24.2,1
7f0283d5,Uttar Pradesh,Varanasi,Urban Development,22.75,19,293,57.5,0,None,32.0,1,8.9,Partial,60.7,33.9,1
7b755cde,Odisha,Cuttack,Power Transmission,4.13,46,1307,90.4,0,None,39.7,3,39.5,Partial,85.5,36.9,0
ba8f1f57,Gujarat,Surat,Industrial Corridor,14.36,17,812,80.2,1,Under Hearing,80.5,4,9.5,Full,43.9,32.3,1
420b498d,Madhya Pradesh,Gwalior,Highway,1.61,75,757,73.3,0,None,53.1,2,42.9,Full,85.5,50.0,1
b8852fad,Karnataka,Hubballi,Industrial Corridor,6.53,6,157,7.4,0,None,37.3,2,31.5,Full,36.2,25.6,1
b4e299c9,Odisha,Rourkela,Irrigation,1.32,25,1108,45.6,0,None,45.0,0,22.6,Partial,81.0,18.5,0
e8d78db3,Tamil Nadu,Coimbatore,Urban Development,20.02,34,1326,67.4,0,None,9.4,2,11.6,Full,14.4,47.8,1
bbe72771,Rajasthan,Jaipur,Highway,36.8,5,352,70.4,0,None,55.8,1,7.4,Full,21.1,51.0,0
1d9d575a,West Bengal,Durgapur,Power Transmission,27.6,7,43,70.5,1,Under Hearing,39.1,1,67.3,Full,46.7,28.7,1
eeed1ee7,Rajasthan,Udaipur,Industrial Corridor,7.53,109,826,35.4,3,Resolved,30.5,4,26.7,Not Started,52.8,43.0,1
045e4cae,Odisha,Rourkela,Irrigation,26.99,45,574,69.1,0,None,65.6,0,17.4,Full,32.8,14.4,0
563d3950,West Bengal,Kolkata,Highway,34.48,54,646,25.7,1,Under Hearing,18.2,1,10.9,Not Started,39.9,26.7,1
9ba6c696,Karnataka,Mysuru,Power Transmission,22.22,678,98,36.2,0,None,91.3,4,53.1,Full,38.3,45.7,1
7dc4b3f9,West Bengal,Siliguri,Irrigation,10.16,97,1250,59.8,1,Under Hearing,21.1,5,28.9,Full,33.1,20.3,0
23191c38,West Bengal,Durgapur,Power Transmission,8.43,32,871,62.5,1,Filed,92.2,5,23.7,Not Started,69.3,39.4,0
dc024362,Maharashtra,Pune,Urban Development,5.16,205,428,6.8,0,None,24.5,6,34.9,Not Started,26.9,37.6,0
2756fa04,Rajasthan,Jodhpur,Railway,13.64,6,1115,60.3,0,None,48.5,3,28.4,Not Started,65.4,5.0,0
678afff0,Madhya Pradesh,Indore,Highway,6.68,33,533,24.8,0,None,73.5,3,16.7,Partial,52.9,29.4,0
bc3e495e,Madhya Pradesh,Jabalpur,Highway,4.37,105,148,41.8,0,None,26.2,5,18.7,Not Started,66.1,25.8,1
6144d1b9,Rajasthan,Jaipur,Urban Development,13.0,99,808,46.7,1,Stay Order,27.7,5,9.9,Partial,88.7,35.6,1
5fe94e5e,West Bengal,Kolkata,Irrigation,8.82,14,349,75.2,2,Resolved,44.9,2,29.9,Partial,45.7,22.0,0
693ce639,Gujarat,Vadodara,Power Transmission,7.61,53,1200,86.6,0,None,54.7,3,26.5,Not Started,63.3,45.8,0
642e74f4,Karnataka,Belagavi,Irrigation,5.48,38,380,99.6,0,None,25.2,3,26.7,Partial,64.7,16.3,1
bbb8c209,Odisha,Rourkela,Irrigation,46.42,9,524,67.4,1,Under Hearing,47.1,0,28.1,Full,43.5,46.0,0
35565575,Tamil Nadu,Madurai,Highway,8.88,108,718,63.6,1,Under Hearing,93.8,3,14.9,Not Started,91.7,37.9,1
2c6383ad,West Bengal,Kolkata,Urban Development,9.79,27,1282,54.9,0,None,76.7,2,5.9,Partial,89.1,10.4,1
b96907c2,Madhya Pradesh,Bhopal,Urban Development,18.55,53,1230,39.3,1,Filed,71.6,1,19.7,Not Started,59.4,38.2,1
b5e88de3,Tamil Nadu,Salem,Industrial Corridor,10.52,38,344,80.0,1,Resolved,24.4,2,80.1,Full,74.3,26.6,0
3077cfa7,Karnataka,Bengaluru,Urban Development,28.06,61,736,94.3,0,None,75.5,4,67.7,Partial,65.5,35.7,0
4ff066c3,Uttar Pradesh,Varanasi,Industrial Corridor,2.43,41,443,84.8,0,None,56.5,2,77.0,Not Started,55.7,39.7,1
8bb9cdc8,Odisha,Cuttack,Railway,27.36,14,211,62.9,1,Under Hearing,71.7,0,78.3,Full,67.0,44.7,1
fbc58c2e,Madhya Pradesh,Gwalior,Irrigation,82.26,63,1395,11.8,4,Stay Order,45.8,0,25.3,Full,45.0,63.7,1
413f2975,Bihar,Patna,Urban Development,5.32,85,1251,35.0,0,None,57.3,3,30.7,Full,79.9,71.2,1
800ce403,Rajasthan,Udaipur,Urban Development,1.63,52,727,73.9,0,None,59.8,1,22.0,Partial,31.3,19.5,1
e80fb507,Uttar Pradesh,Varanasi,Highway,2.31,65,1416,82.5,0,None,62.4,3,30.0,Not Started,57.3,31.4,0
ab9bb936,West Bengal,Durgapur,Urban Development,10.12,55,42,66.8,0,None,32.5,1,11.3,Partial,42.6,20.4,0
e59bc44b,Odisha,Rourkela,Irrigation,2.59,30,471,55.1,0,None,62.7,2,11.2,Partial,76.1,21.5,1
f06f38d3,Odisha,Cuttack,Industrial Corridor,21.65,92,1357,65.1,1,Filed,37.2,2,41.9,Not Started,42.8,26.2,1
613979b5,Gujarat,Surat,Highway,9.1,100,962,80.7,0,None,52.4,2,7.5,Partial,55.1,14.5,0
c6902754,Karnataka,Belagavi,Railway,25.77,22,695,70.0,1,Stay Order,30.0,1,15.8,Partial,53.1,47.3,1
4d1bfd90,Gujarat,Surat,Industrial Corridor,2.69,103,1000,12.3,0,None,44.1,3,12.6,Partial,52.8,26.6,1
de08b175,Gujarat,Ahmedabad,Power Transmission,41.82,62,1249,41.9,1,Under Hearing,30.7,1,23.0,Partial,34.4,46.0,1
e583defe,Karnataka,Bengaluru,Railway,12.41,130,1401,63.7,0,None,16.5,2,19.6,Full,77.7,16.8,0
68435654,Uttar Pradesh,Agra,Urban Development,17.93,5,1485,55.4,1,Filed,89.6,4,36.7,Partial,52.8,35.9,1
4fcb1c56,Odisha,Cuttack,Power Transmission,1.89,14,78,41.2,0,None,53.9,4,7.7,Full,76.8,65.7,0
04c4ff4a,Odisha,Bhubaneswar,Railway,21.35,80,182,12.0,0,None,40.0,2,20.2,Not Started,34.2,46.1,0
243578ea,Gujarat,Surat,Industrial Corridor,4.52,44,335,75.5,1,Stay Order,64.7,3,38.8,Full,48.0,12.2,1
33babddb,Uttar Pradesh,Varanasi,Industrial Corridor,3.56,121,1304,41.5,0,None,14.0,1,0.7,Partial,47.0,55.4,1
80150a16,Karnataka,Bengaluru,Railway,30.38,131,269,84.0,1,Under Hearing,17.1,2,55.0,Not Started,22.9,48.4,1
34773fa7,Gujarat,Ahmedabad,Highway,27.0,54,927,47.2,2,Under Hearing,68.9,5,58.8,Partial,65.8,63.3,1
c8ac6b73,Bihar,Patna,Highway,8.62,15,1103,67.6,0,None,60.5,0,13.7,Partial,42.4,26.0,1
80580ea3,Gujarat,Rajkot,Urban Development,5.45,144,106,65.1,1,Under Hearing,26.9,1,10.5,Partial,41.7,18.4,1
48f2a456,West Bengal,Howrah,Railway,43.66,11,1379,81.6,2,Stay Order,49.5,4,18.6,Not Started,37.1,53.9,1
44d2455f,Bihar,Muzaffarpur,Irrigation,16.5,16,309,54.5,1,Resolved,36.1,4,43.0,Partial,44.6,28.8,0
bc97d7f4,Tamil Nadu,Madurai,Irrigation,37.51,16,725,36.7,1,Resolved,61.9,3,4.7,Partial,45.2,21.9,0
9d63d17d,Madhya Pradesh,Bhopal,Railway,7.6,74,999,36.9,2,Under Hearing,39.8,2,21.1,Full,65.0,44.1,1
1e4c9c7b,Karnataka,Bengaluru,Urban Development,2.66,51,1147,37.8,0,None,79.5,3,8.8,Partial,14.1,15.9,0
b8a8d7b5,Madhya Pradesh,Bhopal,Highway,18.39,52,378,81.1,1,Under Hearing,46.0,0,32.1,Partial,36.0,19.5,1
536ae6c0,Odisha,Rourkela,Railway,12.35,4,490,75.2,1,Under Hearing,33.0,6,4.9,Full,69.3,17.6,0
0c54d293,Tamil Nadu,Madurai,Industrial Corridor,7.42,8,1225,99.0,2,Under Hearing,29.3,3,34.7,Not Started,18.8,49.4,1
4a873056,Rajasthan,Kota,Irrigation,41.41,21,116,11.4,1,Under Hearing,25.6,1,42.3,Full,50.3,23.8,0
f97663ae,Karnataka,Hubballi,Power Transmission,7.44,166,379,67.9,1,Under Hearing,45.2,9,40.0,Not Started,77.4,40.1,1
fa52e752,West Bengal,Howrah,Industrial Corridor,1.8,225,1210,44.7,2,Filed,31.5,2,22.6,Not Started,27.7,40.3,1
c0a19b9c,Maharashtra,Aurangabad,Railway,28.25,13,1160,21.3,0,None,5.7,7,36.2,Not Started,66.3,29.8,1
745654ba,Maharashtra,Aurangabad,Irrigation,44.82,128,261,24.6,1,Under Hearing,12.8,4,55.1,Not Started,39.3,5.8,1
ebfa519e,Odisha,Cuttack,Urban Development,8.65,103,1212,78.3,0,None,82.4,2,16.5,Full,82.0,45.6,0
1b0c4f01,West Bengal,Howrah,Irrigation,4.12,111,218,90.0,2,Under Hearing,50.9,3,29.8,Not Started,86.7,41.0,1
8eaa98f1,West Bengal,Siliguri,Irrigation,111.58,49,770,39.6,3,Filed,51.7,1,18.5,Partial,50.4,40.4,0
b53061a7,Karnataka,Hubballi,Railway,2.36,14,449,79.9,1,Filed,56.4,4,22.3,Not Started,76.1,40.1,1
03c29f02,Maharashtra,Nagpur,Railway,21.34,26,873,63.1,0,None,15.2,3,21.7,Partial,31.9,40.3,0
5b8dddee,Karnataka,Mysuru,Industrial Corridor,4.8,252,992,56.1,1,Under Hearing,8.1,3,33.0,Not Started,64.3,29.5,1
8243e7ff,Tamil Nadu,Madurai,Irrigation,15.04,36,621,33.8,0,None,51.2,2,9.1,Full,45.4,46.0,0
34b71792,Uttar Pradesh,Lucknow,Highway,2.74,29,648,38.2,2,Resolved,50.8,1,12.2,Full,65.5,24.5,1
813ce961,Madhya Pradesh,Bhopal,Irrigation,48.75,6,1458,60.9,2,Under Hearing,32.4,2,20.1,Partial,75.4,34.4,0
1ee8aaf4,Madhya Pradesh,Bhopal,Highway,48.04,159,611,59.2,3,Stay Order,32.5,0,30.2,Not Started,65.0,48.1,1
436ea63c,Madhya Pradesh,Bhopal,Highway,44.16,48,1075,66.8,0,None,34.1,3,7.7,Partial,58.1,30.4,1
8b34a0c6,Uttar Pradesh,Meerut,Highway,2.72,36,1204,81.5,0,None,30.7,1,22.0,Partial,91.2,58.8,0
8a55f5e6,Rajasthan,Udaipur,Industrial Corridor,20.34,22,1295,64.7,0,None,31.2,3,6.2,Not Started,57.7,37.3,1
db07fd2a,Uttar Pradesh,Kanpur,Power Transmission,21.81,61,1175,58.3,3,Under Hearing,72.3,1,7.1,Partial,50.6,27.9,1
46cb6c85,Odisha,Bhubaneswar,Irrigation,4.57,6,159,58.7,1,Under Hearing,62.8,2,19.1,Partial,80.7,19.7,1
a73c63b0,Tamil Nadu,Coimbatore,Power Transmission,64.72,18,286,65.6,0,None,33.7,4,34.0,Full,78.8,21.4,0
29741be1,Madhya Pradesh,Gwalior,Railway,4.11,10,846,58.9,0,None,11.4,3,72.1,Partial,44.4,44.6,0
56cfedc2,Uttar Pradesh,Lucknow,Power Transmission,20.21,71,673,46.4,1,Under Hearing,83.9,2,46.5,Full,6.0,21.3,1
997756af,Maharashtra,Pune,Urban Development,24.48,157,536,36.8,1,Filed,41.3,3,4.2,Not Started,75.0,55.5,1
782a8605,Gujarat,Ahmedabad,Urban Development,5.41,30,571,15.1,0,None,79.4,1,40.5,Partial,47.0,24.7,1
7af85eec,Uttar Pradesh,Varanasi,Urban Development,17.29,60,799,58.9,0,None,67.6,1,16.2,Partial,81.1,50.3,0
f3bd6deb,Uttar Pradesh,Meerut,Highway,28.2,90,558,66.4,0,None,28.9,3,39.4,Partial,82.1,27.0,1
2c1c65b9,Karnataka,Belagavi,Urban Development,8.74,107,326,50.4,0,None,21.1,4,64.8,Partial,54.5,28.3,1
303b0083,Odisha,Bhubaneswar,Highway,38.03,49,1296,48.5,1,Filed,15.4,1,38.0,Not Started,89.9,49.0,1
67777bb4,Rajasthan,Jaipur,Power Transmission,3.02,62,1093,67.8,0,None,31.2,2,83.2,Not Started,72.0,35.1,0
7e555970,West Bengal,Siliguri,Industrial Corridor,40.48,24,296,74.5,1,Filed,56.6,0,4.2,Partial,58.8,47.2,1
8538fbde,West Bengal,Siliguri,Highway,91.05,69,993,33.4,0,None,50.5,6,36.4,Full,98.4,53.1,0
346825fd,Bihar,Muzaffarpur,Urban Development,11.92,752,707,36.6,0,None,23.3,2,7.7,Not Started,54.7,10.5,0
cbbb85af,Karnataka,Bengaluru,Railway,23.04,123,850,47.4,1,Filed,33.2,1,58.2,Not Started,83.2,54.9,1
0e8fb60f,Maharashtra,Nagpur,Industrial Corridor,32.41,82,60,17.5,0,None,67.8,5,74.5,Partial,48.8,43.8,1
0658582a,West Bengal,Kolkata,Power Transmission,13.84,124,1115,50.7,0,None,73.7,3,74.5,Not Started,35.0,46.7,0
7019a42d,Tamil Nadu,Coimbatore,Railway,19.2,37,220,83.9,0,None,32.7,0,4.4,Partial,46.7,42.4,0
fe7711b1,Rajasthan,Jaipur,Railway,6.71,7,1309,64.3,0,None,20.6,4,10.9,Not Started,86.7,28.2,0
e833c146,Karnataka,Bengaluru,Urban Development,9.73,91,436,23.5,1,Under Hearing,89.4,4,6.9,Not Started,51.0,60.6,1
0ecf769d,Gujarat,Vadodara,Irrigation,11.06,37,1433,54.5,1,Resolved,52.4,3,28.0,Full,70.0,22.7,0
730e6350,Bihar,Muzaffarpur,Highway,6.56,103,1464,70.0,0,None,24.6,3,24.9,Partial,64.5,45.2,0
1957edbc,Gujarat,Ahmedabad,Railway,4.58,113,549,44.4,1,Resolved,45.1,4,7.4,Partial,53.7,20.9,1
4331ae1d,Maharashtra,Aurangabad,Irrigation,4.5,88,702,46.0,1,Filed,35.0,4,5.6,Partial,63.5,49.2,1
63cf9807,Uttar Pradesh,Agra,Urban Development,2.05,356,410,43.7,1,Under Hearing,60.1,5,8.9,Partial,77.9,54.8,1
4daa2c59,Rajasthan,Kota,Railway,1.65,20,316,38.8,0,None,19.7,3,11.5,Full,48.4,47.5,0
0dd6f728,Bihar,Gaya,Irrigation,6.15,142,131,44.3,0,None,39.5,4,21.6,Partial,47.5,55.6,1
08f733f8,Rajasthan,Kota,Industrial Corridor,15.74,23,1477,47.6,0,None,49.5,1,28.8,Partial,73.6,5.0,1
bdbab3e8,Karnataka,Bengaluru,Railway,3.8,235,688,28.5,0,None,67.9,2,50.5,Not Started,66.9,24.5,0
7dd88b57,Madhya Pradesh,Jabalpur,Irrigation,14.12,198,632,40.9,0,None,84.6,5,56.9,Partial,83.3,7.1,1
27b7a86a,West Bengal,Durgapur,Irrigation,8.3,573,579,45.1,1,Resolved,28.4,3,38.9,Partial,47.4,67.8,0
d2b37146,West Bengal,Kolkata,Power Transmission,7.05,31,1070,45.4,1,Under Hearing,58.9,4,70.8,Full,35.4,26.1,0
39197efb,Odisha,Bhubaneswar,Urban Development,23.34,334,157,84.0,0,None,47.4,1,6.6,Full,32.6,7.8,0
cd6014a7,Rajasthan,Jaipur,Irrigation,6.41,31,90,70.7,0,None,67.8,1,9.6,Partial,49.7,39.4,1
57acd165,Rajasthan,Jaipur,Urban Development,11.87,6,692,76.3,0,None,60.4,1,35.8,Partial,72.6,17.2,0
a3ab0e10,Odisha,Rourkela,Industrial Corridor,57.26,274,624,53.6,0,None,4.9,5,43.0,Full,37.9,52.9,1
5bb7e98c,Tamil Nadu,Chennai,Highway,8.36,73,724,82.1,0,None,18.9,2,44.2,Not Started,65.9,14.0,0
f72c030b,West Bengal,Kolkata,Highway,68.85,24,806,81.9,0,None,56.1,7,3.5,Not Started,81.5,39.3,0
0627e917,Rajasthan,Udaipur,Urban Development,15.03,334,1469,85.0,1,Stay Order,39.8,2,28.9,Partial,66.1,47.8,1
629e6ed1,Bihar,Muzaffarpur,Urban Development,14.83,12,110,41.8,1,Under Hearing,72.7,3,17.4,Partial,89.2,46.3,1
2555cbad,Uttar Pradesh,Lucknow,Industrial Corridor,84.3,18,1432,75.2,1,Resolved,18.6,1,84.7,Not Started,43.4,61.8,0
c12cd3b7,Karnataka,Bengaluru,Highway,27.43,138,736,83.1,0,None,35.7,0,27.4,Not Started,59.6,64.2,1
8c672c32,Maharashtra,Pune,Railway,13.94,41,570,74.1,0,None,37.1,1,9.3,Partial,72.1,19.2,0
4fbc5716,Karnataka,Belagavi,Industrial Corridor,2.9,81,102,53.8,0,None,38.9,4,51.6,Partial,13.9,15.3,1
3282477f,West Bengal,Kolkata,Power Transmission,31.27,54,1485,33.9,0,None,22.6,3,34.1,Full,87.5,25.1,0
bf6175ff,Tamil Nadu,Chennai,Highway,2.87,2,823,94.8,0,None,71.3,2,21.7,Partial,64.4,28.1,1
a5305ed3,Bihar,Bhagalpur,Railway,1.27,21,421,59.9,1,Resolved,19.0,4,75.1,Partial,89.7,42.6,1
8cafc8e5,Uttar Pradesh,Lucknow,Industrial Corridor,15.08,74,478,72.3,0,None,66.2,2,32.6,Partial,73.8,21.9,0
658daef3,Madhya Pradesh,Jabalpur,Power Transmission,16.51,5,334,44.6,0,None,40.9,4,26.8,Full,77.6,21.7,0
ff84137e,Tamil Nadu,Salem,Railway,8.9,74,1197,61.6,0,None,8.5,6,43.7,Not Started,67.0,28.7,0
d4ddf211,Odisha,Cuttack,Railway,9.73,129,233,54.1,0,None,35.8,5,14.2,Full,93.9,55.4,0
720dc8b8,West Bengal,Howrah,Industrial Corridor,19.88,21,915,46.9,0,None,49.5,2,32.7,Full,60.2,20.7,1
f9d8bbef,Karnataka,Belagavi,Highway,22.32,28,123,39.0,1,Filed,32.9,1,26.1,Partial,50.5,33.5,1
0f060a42,Karnataka,Hubballi,Urban Development,12.02,124,1098,36.9,0,None,23.0,4,11.6,Partial,99.0,55.3,1
0c89db4f,Tamil Nadu,Chennai,Power Transmission,12.63,369,48,43.9,1,Filed,17.3,1,70.7,Partial,42.5,30.9,1
d2117b91,Karnataka,Hubballi,Urban Development,4.43,27,1063,57.3,0,None,49.6,2,36.5,Not Started,81.8,27.9,1
2f384aea,Maharashtra,Nashik,Industrial Corridor,11.67,34,359,21.5,0,None,88.5,2,9.7,Full,75.8,10.1,1
2f0b5440,Madhya Pradesh,Jabalpur,Railway,4.08,192,690,47.2,1,Stay Order,98.9,1,32.0,Full,71.0,26.0,1
dbc013a3,Gujarat,Vadodara,Highway,3.3,4,1180,50.9,0,None,28.3,3,16.4,Partial,77.1,24.5,0
c15972de,West Bengal,Siliguri,Highway,57.87,29,262,45.5,0,None,82.4,2,34.8,Full,63.7,25.1,0
369489db,Bihar,Gaya,Urban Development,27.8,14,93,54.6,0,None,19.6,2,36.3,Not Started,67.6,36.4,1
ae1d1caa,Gujarat,Vadodara,Irrigation,48.79,41,95,60.4,4,Filed,31.9,2,59.1,Partial,92.8,50.5,1
95611f2d,Madhya Pradesh,Jabalpur,Highway,6.01,22,1454,68.9,1,Resolved,68.2,2,8.2,Full,74.5,52.0,0
4e1b2606,Karnataka,Hubballi,Industrial Corridor,26.58,34,844,38.1,0,None,17.6,1,24.1,Partial,29.4,30.0,1
457495d7,Rajasthan,Jaipur,Urban Development,6.43,402,992,88.5,0,None,57.7,5,18.9,Partial,38.7,29.1,1
653d78cf,Gujarat,Rajkot,Urban Development,11.37,119,332,53.6,1,Resolved,52.4,2,21.7,Not Started,7.0,47.9,1
21afb56c,Uttar Pradesh,Varanasi,Industrial Corridor,18.46,10,1343,83.9,1,Stay Order,76.2,1,13.0,Partial,92.6,42.4,0
4071499e,Odisha,Cuttack,Irrigation,2.87,230,141,92.2,1,Under Hearing,27.1,3,78.7,Full,70.9,40.9,1
6eb40f3b,Madhya Pradesh,Gwalior,Irrigation,27.11,93,395,48.1,1,Filed,70.3,0,4.7,Full,31.6,38.1,0
4310c6bf,Uttar Pradesh,Kanpur,Railway,1.04,150,101,39.6,2,Filed,16.8,3,38.4,Partial,77.6,26.6,1
a3af0c90,West Bengal,Howrah,Power Transmission,41.22,14,1449,85.0,0,None,67.8,2,32.2,Partial,23.9,31.3,1
d1ef091c,Odisha,Bhubaneswar,Highway,7.93,129,330,68.9,0,None,73.3,5,26.2,Partial,85.5,30.8,1
c1216cba,Tamil Nadu,Coimbatore,Urban Development,2.85,57,1309,26.9,2,Stay Order,46.8,1,44.6,Full,74.5,47.9,1
55538691,Karnataka,Belagavi,Irrigation,10.66,132,779,74.9,2,Under Hearing,49.1,5,17.8,Partial,86.6,14.9,1
7ed68b58,Karnataka,Hubballi,Highway,32.49,25,702,46.7,0,None,47.4,4,53.1,Not Started,68.5,24.4,0
dd7e4fc7,Maharashtra,Thane,Power Transmission,10.1,162,1159,39.4,1,Under Hearing,53.2,2,17.5,Not Started,52.5,37.0,1
f79117c5,Odisha,Bhubaneswar,Irrigation,42.31,121,1066,41.7,0,None,31.7,5,23.1,Full,40.2,32.1,1
5aba0cba,Odisha,Bhubaneswar,Industrial Corridor,2.3,118,1128,80.1,1,Resolved,33.1,1,19.0,Full,62.0,57.2,0
f9937b31,West Bengal,Durgapur,Urban Development,71.81,77,284,4.7,2,Stay Order,49.0,1,56.0,Partial,70.2,35.5,1
47a73b42,Odisha,Bhubaneswar,Power Transmission,17.69,48,511,64.5,2,Under Hearing,78.6,3,34.4,Full,43.6,27.3,0
163c4a0c,Bihar,Gaya,Urban Development,10.64,104,693,55.1,1,Stay Order,47.4,2,118.8,Full,46.8,41.8,1
8e44520d,Madhya Pradesh,Bhopal,Urban Development,16.39,72,499,46.8,0,None,34.2,2,13.8,Not Started,66.3,7.3,1
01c76906,Rajasthan,Jaipur,Railway,11.59,75,1247,34.2,0,None,12.8,1,18.4,Not Started,72.2,45.4,1
a5305da5,Gujarat,Surat,Power Transmission,4.05,171,749,83.3,0,None,36.6,1,34.7,Not Started,32.6,13.9,1
c07b4dbb,Tamil Nadu,Chennai,Highway,19.89,74,961,41.1,1,Under Hearing,55.2,3,28.1,Full,74.2,33.0,1
bafaf5aa,Rajasthan,Kota,Highway,35.33,34,833,29.7,1,Filed,66.1,3,18.0,Full,72.0,24.2,1
16599aa4,Madhya Pradesh,Indore,Irrigation,1.42,19,624,44.7,0,None,78.4,2,56.4,Not Started,84.0,46.2,0
ab129a6d,Maharashtra,Nashik,Industrial Corridor,31.15,22,727,35.3,0,None,15.0,2,17.8,Partial,30.3,31.1,1
afdd3f94,Maharashtra,Thane,Highway,6.59,30,1025,62.7,1,Filed,25.1,3,44.5,Partial,49.5,41.9,0
6389e440,Odisha,Bhubaneswar,Highway,5.24,16,1293,18.3,0,None,35.5,3,4.1,Partial,91.9,29.8,1
7bd2b3c4,Odisha,Bhubaneswar,Industrial Corridor,94.2,34,477,32.7,1,Under Hearing,37.7,5,25.2,Partial,16.6,49.7,1
abb92ae8,Rajasthan,Jaipur,Power Transmission,6.57,48,1261,58.3,1,Filed,36.3,0,4.8,Partial,79.8,44.8,0
bce6dec0,Maharashtra,Nashik,Irrigation,45.29,67,813,19.4,2,Resolved,63.5,1,25.7,Partial,65.7,53.9,0
a8050dd5,Uttar Pradesh,Meerut,Irrigation,12.2,229,445,16.7,0,None,81.5,4,20.4,Not Started,90.7,50.0,1
23f3a777,Uttar Pradesh,Kanpur,Power Transmission,6.22,109,1029,87.7,0,None,43.1,4,18.3,Partial,35.3,30.3,0
13544aa4,Rajasthan,Udaipur,Power Transmission,4.15,39,408,43.2,0,None,58.4,5,8.1,Partial,28.8,9.3,0
1df3ff92,Madhya Pradesh,Gwalior,Power Transmission,10.38,44,1084,51.7,0,None,41.2,2,10.2,Partial,95.9,37.5,0
9ffe6eff,Maharashtra,Pune,Railway,32.23,80,843,98.6,1,Under Hearing,73.7,4,51.5,Partial,54.6,46.7,1
5203a478,Tamil Nadu,Coimbatore,Power Transmission,21.13,204,275,21.9,1,Stay Order,14.9,3,49.9,Partial,78.1,13.1,1
54530278,Uttar Pradesh,Kanpur,Industrial Corridor,16.84,119,594,41.2,1,Filed,48.7,5,3.8,Full,71.9,43.6,0
0f4b4139,Odisha,Rourkela,Highway,3.85,74,1071,50.3,1,Filed,56.2,4,22.5,Partial,70.8,32.2,0
d79a39a0,Maharashtra,Pune,Railway,3.36,72,590,37.8,0,None,30.4,4,29.5,Not Started,74.5,22.6,1
8913a8b4,West Bengal,Durgapur,Power Transmission,32.04,40,1439,47.0,0,None,39.3,2,79.4,Not Started,35.5,18.5,0
54a15b7b,Madhya Pradesh,Gwalior,Railway,41.71,205,1356,68.4,0,None,40.4,3,27.8,Full,55.5,26.4,0
3e99a3b5,Tamil Nadu,Chennai,Power Transmission,3.98,211,980,94.9,1,Stay Order,63.0,2,12.9,Full,33.2,10.1,1
f627125c,Odisha,Rourkela,Highway,3.89,72,694,31.2,1,Resolved,44.2,3,10.6,Partial,79.4,18.8,0
a0e1d433,Karnataka,Bengaluru,Railway,17.66,16,396,79.5,0,None,33.4,2,6.5,Partial,44.0,51.8,0
3e92c389,Odisha,Bhubaneswar,Industrial Corridor,5.06,100,1323,55.6,0,None,36.4,2,47.6,Partial,91.8,42.7,1
bca9305d,Uttar Pradesh,Agra,Industrial Corridor,3.58,49,662,55.3,1,Stay Order,10.7,3,38.8,Partial,72.1,46.9,1
9432069c,Karnataka,Bengaluru,Industrial Corridor,2.49,48,270,51.9,1,Under Hearing,46.5,1,8.4,Full,47.8,47.5,1
50852ff0,Uttar Pradesh,Meerut,Irrigation,5.27,20,1152,9.0,0,None,80.7,0,12.5,Partial,45.1,42.9,0
3a2b016c,West Bengal,Siliguri,Highway,16.13,117,438,87.1,1,Stay Order,50.2,8,21.6,Full,63.1,57.1,1
03b617f0,West Bengal,Siliguri,Power Transmission,3.39,196,823,64.8,1,Stay Order,42.2,1,37.8,Full,56.8,37.2,1
e439b77c,Maharashtra,Nagpur,Railway,11.37,294,408,27.1,0,None,45.3,4,83.2,Partial,63.4,35.6,1
c63301a2,Uttar Pradesh,Meerut,Irrigation,6.77,119,1309,92.8,0,None,42.4,3,9.1,Not Started,87.9,34.4,1
158d6e34,West Bengal,Howrah,Industrial Corridor,25.54,122,1125,18.1,0,None,77.8,2,31.3,Full,26.9,37.8,0
fc6dfb9d,Madhya Pradesh,Indore,Urban Development,19.22,25,1068,75.9,1,Under Hearing,78.6,2,19.3,Full,59.8,36.9,1
cfc507b1,Gujarat,Ahmedabad,Industrial Corridor,5.4,42,798,43.1,0,None,82.1,1,31.8,Full,73.6,28.0,0
8e67b80c,Gujarat,Rajkot,Railway,38.86,133,634,52.8,1,Under Hearing,68.5,3,20.3,Partial,48.5,42.3,1
eb137d9c,Madhya Pradesh,Jabalpur,Irrigation,31.32,198,321,14.4,0,None,11.4,1,17.8,Not Started,60.7,43.0,0
b3cb61da,West Bengal,Durgapur,Power Transmission,13.42,11,1069,75.1,1,Stay Order,60.9,2,12.3,Partial,33.2,28.5,1
ea6b6eda,Rajasthan,Udaipur,Power Transmission,35.33,47,1475,19.5,0,None,71.5,4,17.9,Not Started,24.2,21.5,1
00fe50d0,Tamil Nadu,Salem,Highway,9.37,180,687,19.7,0,None,28.5,3,20.4,Partial,74.6,34.4,1
f0b2743b,Rajasthan,Jaipur,Irrigation,2.74,72,314,30.0,0,None,68.0,3,37.1,Partial,78.8,26.8,0
0c9682f0,Rajasthan,Jaipur,Irrigation,8.3,195,1208,71.1,0,None,78.3,2,47.0,Full,77.7,42.1,1
458d7908,Karnataka,Mysuru,Industrial Corridor,4.55,60,222,96.6,0,None,75.3,2,18.5,Partial,59.9,30.5,0
8026fea4,Odisha,Rourkela,Urban Development,3.48,545,642,47.9,1,Under Hearing,84.9,5,17.6,Partial,50.7,39.9,1
0cee5628,Odisha,Bhubaneswar,Industrial Corridor,48.42,341,776,84.7,2,Resolved,87.4,4,95.9,Partial,55.7,43.8,0
5faa3a61,Bihar,Bhagalpur,Irrigation,24.47,361,194,39.6,1,Resolved,39.2,2,42.3,Not Started,82.6,73.4,1
e5334a9e,Uttar Pradesh,Lucknow,Industrial Corridor,18.07,62,1302,76.8,1,Under Hearing,44.1,1,16.6,Full,24.4,25.8,1
e5e12058,West Bengal,Durgapur,Urban Development,8.58,56,156,43.2,0,None,3.3,3,2.8,Not Started,79.6,21.8,0
64d9b77a,Madhya Pradesh,Indore,Power Transmission,4.56,26,580,78.4,0,None,45.2,2,35.7,Partial,42.4,73.7,0
180b0b67,Maharashtra,Nagpur,Railway,57.19,4,372,78.5,0,None,24.8,2,52.2,Not Started,38.0,31.7,1
911965fd,Maharashtra,Nagpur,Highway,3.24,34,1104,33.5,1,Stay Order,24.1,3,38.5,Not Started,92.1,35.3,1
a215e885,Gujarat,Ahmedabad,Irrigation,4.16,143,596,92.4,4,Stay Order,12.4,1,10.2,Not Started,25.5,18.5,1
52323c6d,Uttar Pradesh,Agra,Railway,1.78,75,582,33.9,0,None,90.4,4,17.3,Not Started,40.2,28.1,0
6c08b0a0,Tamil Nadu,Madurai,Railway,11.24,248,210,44.8,0,None,44.3,3,54.5,Partial,52.8,58.7,0
166f12f9,Uttar Pradesh,Kanpur,Railway,30.45,545,1460,52.2,2,Under Hearing,39.8,2,19.9,Full,60.0,30.4,1
ffc036da,Gujarat,Surat,Irrigation,16.63,21,1276,35.3,1,Stay Order,58.1,2,18.0,Partial,47.4,45.0,1
f80da123,Odisha,Bhubaneswar,Railway,13.96,131,1372,94.1,1,Filed,45.8,0,16.7,Full,9.7,45.5,1
852ebec6,Rajasthan,Jodhpur,Urban Development,13.7,49,1112,92.4,2,Resolved,36.1,1,8.1,Not Started,17.9,44.5,1
68039e04,Karnataka,Mysuru,Power Transmission,26.86,13,132,45.5,0,None,22.8,3,65.4,Not Started,38.8,34.4,1
5a78a362,Maharashtra,Aurangabad,Highway,240.19,56,463,42.5,0,None,75.6,4,16.9,Full,73.3,44.6,1
96d2406a,West Bengal,Howrah,Irrigation,3.25,102,1336,59.3,0,None,70.6,2,12.7,Full,89.1,57.4,0
4b60b9e4,Tamil Nadu,Coimbatore,Irrigation,16.63,41,1322,65.8,2,Resolved,47.5,0,24.4,Not Started,86.0,42.8,0
cca77cb0,Maharashtra,Nashik,Power Transmission,16.71,186,1279,65.1,3,Filed,66.4,4,24.0,Partial,21.7,44.8,1
80b7af32,Odisha,Cuttack,Power Transmission,26.35,33,1151,24.8,1,Under Hearing,10.2,1,25.5,Partial,14.6,48.5,1
42e7f2dd,Tamil Nadu,Chennai,Power Transmission,72.56,38,767,49.4,1,Under Hearing,42.3,2,60.9,Partial,58.9,49.6,0
2b6de3a2,Maharashtra,Nagpur,Irrigation,6.84,46,978,71.3,0,None,36.5,2,4.9,Full,72.6,44.7,1
d4a90c59,Madhya Pradesh,Gwalior,Irrigation,26.41,16,228,38.2,1,Under Hearing,63.9,4,45.3,Partial,49.5,66.0,1
045982aa,Bihar,Gaya,Power Transmission,13.86,14,796,14.9,1,Under Hearing,60.1,1,3.8,Full,64.3,37.1,0
979d1764,Madhya Pradesh,Bhopal,Power Transmission,42.6,916,929,21.6,2,Resolved,24.9,1,18.8,Partial,35.8,19.2,1
2cdb41a2,Odisha,Cuttack,Power Transmission,3.86,28,1108,26.2,1,Resolved,23.2,0,18.8,Partial,32.3,44.9,1
9a6ff51f,Madhya Pradesh,Jabalpur,Power Transmission,26.5,113,290,79.2,1,Under Hearing,20.6,5,15.8,Not Started,77.5,38.7,1
89b30370,West Bengal,Siliguri,Power Transmission,57.94,267,699,55.0,0,None,9.6,2,43.3,Partial,29.2,5.0,1
38c7e3b6,Karnataka,Mysuru,Industrial Corridor,22.0,34,1056,16.2,2,Stay Order,66.0,1,34.4,Full,71.8,49.2,1
11b4d06b,West Bengal,Howrah,Highway,45.39,20,1390,87.5,1,Under Hearing,72.8,2,6.8,Not Started,83.8,6.1,1
d876c95c,West Bengal,Durgapur,Irrigation,18.97,35,1181,16.3,0,None,57.1,2,19.0,Partial,84.0,48.8,0
d2cf8f7b,Uttar Pradesh,Varanasi,Irrigation,18.18,72,1385,46.7,1,Resolved,37.8,5,12.3,Not Started,90.1,32.2,0
afb16c62,Rajasthan,Udaipur,Urban Development,19.88,44,122,44.1,0,None,26.6,2,45.5,Partial,57.3,44.5,1
8284b931,Karnataka,Belagavi,Urban Development,2.84,198,677,49.4,0,None,54.9,3,2.2,Partial,68.8,37.1,1
9d4047a2,Madhya Pradesh,Gwalior,Irrigation,16.69,64,864,56.0,0,None,25.5,4,37.2,Partial,79.5,31.6,0
b3849ddd,Tamil Nadu,Chennai,Industrial Corridor,0.88,24,655,90.4,0,None,42.2,2,3.2,Partial,65.2,54.9,1
d71af626,Karnataka,Hubballi,Railway,8.8,41,1215,26.4,1,Filed,82.6,7,37.9,Partial,15.9,20.7,1
291e3fed,Karnataka,Bengaluru,Railway,1.86,138,1093,12.5,0,None,44.6,1,19.0,Partial,41.2,11.9,1
fd6531d2,Madhya Pradesh,Indore,Power Transmission,6.16,326,399,59.4,2,Resolved,25.6,2,52.8,Full,29.9,29.1,0
0fcabce0,Maharashtra,Nashik,Irrigation,10.62,129,772,80.4,1,Under Hearing,21.0,4,5.8,Partial,80.0,22.9,1
6860aca9,Bihar,Muzaffarpur,Railway,28.7,255,234,60.2,3,Filed,41.5,3,23.4,Not Started,24.8,26.0,1
e6f5179e,Bihar,Bhagalpur,Urban Development,4.42,27,949,61.7,0,None,32.3,9,37.0,Partial,63.6,49.5,1
0444858b,Tamil Nadu,Salem,Urban Development,4.31,43,779,25.3,1,Resolved,4.1,5,43.0,Full,44.7,33.9,0
7e622dbb,West Bengal,Siliguri,Railway,26.49,99,461,72.3,0,None,23.5,0,6.8,Full,63.0,42.1,1
3e85e737,Maharashtra,Aurangabad,Highway,13.59,40,395,69.0,1,Stay Order,49.3,2,18.3,Partial,64.2,41.8,1
27ad8451,Rajasthan,Jodhpur,Urban Development,60.12,219,698,24.0,1,Filed,16.5,2,57.8,Partial,75.1,26.8,1
c696e7df,Maharashtra,Nagpur,Highway,1.57,190,622,49.2,0,None,38.5,0,43.4,Partial,50.5,25.5,1
7913c4e0,Karnataka,Bengaluru,Urban Development,3.43,131,373,92.8,1,Filed,50.0,1,2.4,Not Started,60.2,38.2,1
3f578ae2,Tamil Nadu,Madurai,Power Transmission,11.3,43,52,23.5,0,None,81.0,4,21.5,Full,73.7,34.8,0
796c3b51,Rajasthan,Udaipur,Power Transmission,8.91,3,666,58.0,1,Resolved,49.0,2,52.2,Full,62.3,69.4,0
db6e2e99,Karnataka,Bengaluru,Highway,11.54,101,388,38.1,1,Filed,61.6,3,49.1,Full,90.2,37.2,1
763c0da6,Odisha,Rourkela,Railway,67.04,7,1413,39.5,1,Resolved,49.7,6,32.5,Partial,71.7,36.9,1
372d5460,Odisha,Cuttack,Industrial Corridor,4.24,12,1205,89.3,0,None,87.8,2,10.2,Partial,55.8,26.0,0
1ae00ff5,Tamil Nadu,Salem,Railway,14.14,50,491,39.2,0,None,25.0,5,101.3,Partial,84.6,36.2,0
46215044,Gujarat,Rajkot,Power Transmission,11.58,52,944,72.9,1,Filed,76.5,0,38.2,Full,81.8,48.0,1
1a1fc676,Gujarat,Vadodara,Urban Development,8.22,60,299,74.3,0,None,44.9,2,62.7,Partial,34.4,46.4,1
77383771,Odisha,Rourkela,Power Transmission,8.21,6,455,26.3,2,Filed,41.7,3,4.9,Not Started,50.2,47.4,0
8ffc25e9,Bihar,Patna,Railway,3.76,7,270,60.7,1,Resolved,42.0,0,40.9,Not Started,29.4,37.5,0
99c4c938,Maharashtra,Thane,Highway,58.12,22,1379,68.8,2,Filed,86.3,1,48.9,Not Started,50.2,17.2,1
fa870c89,Tamil Nadu,Madurai,Industrial Corridor,18.93,52,110,35.7,1,Filed,9.7,0,23.2,Full,43.9,9.0,0
af4c52ee,Odisha,Rourkela,Industrial Corridor,28.16,271,533,85.2,0,None,78.6,0,12.8,Partial,49.3,21.8,0
418f4812,Karnataka,Bengaluru,Railway,138.53,281,830,66.7,1,Filed,40.5,3,14.3,Full,51.0,16.3,0
b0b2b3a4,Maharashtra,Nagpur,Irrigation,4.59,117,54,55.1,3,Under Hearing,16.9,2,41.0,Partial,39.4,22.9,1
af429a56,Odisha,Cuttack,Highway,11.85,248,1366,25.8,2,Stay Order,26.8,5,31.6,Not Started,80.4,16.4,1
a3f337a8,West Bengal,Durgapur,Urban Development,2.91,53,1103,70.7,1,Under Hearing,29.1,1,29.1,Partial,44.6,35.4,1
46a065fe,Maharashtra,Nashik,Power Transmission,6.61,96,1404,8.0,0,None,45.7,1,48.5,Full,26.1,13.9,1
0727809e,Rajasthan,Udaipur,Urban Development,84.22,16,1182,85.9,1,Resolved,6.6,1,37.5,Full,75.6,5.0,0
dce40722,Madhya Pradesh,Jabalpur,Highway,11.11,33,1377,62.7,1,Under Hearing,62.8,2,48.9,Full,77.9,30.5,1
15419f3c,West Bengal,Kolkata,Power Transmission,16.1,20,1412,27.4,0,None,33.2,3,90.1,Not Started,74.9,54.2,1
8c98edf7,Uttar Pradesh,Varanasi,Power Transmission,29.48,44,999,48.2,0,None,14.1,4,14.2,Partial,46.6,23.3,1
5c9c9bc4,Odisha,Cuttack,Urban Development,19.85,294,428,43.2,2,Filed,53.0,3,10.2,Not Started,43.1,45.8,0
820f2046,Tamil Nadu,Salem,Railway,7.8,150,836,88.3,1,Stay Order,49.3,3,25.5,Not Started,34.3,48.5,1
aec564cb,Madhya Pradesh,Gwalior,Power Transmission,69.16,104,1390,71.5,1,Filed,55.7,2,10.4,Partial,74.9,74.4,0
a928e554,Gujarat,Surat,Industrial Corridor,0.81,59,256,37.1,0,None,25.5,4,51.1,Full,50.8,36.5,0
f605869b,West Bengal,Howrah,Industrial Corridor,31.02,7,336,74.0,1,Stay Order,36.0,3,12.5,Full,63.0,26.1,1
51981b52,Rajasthan,Udaipur,Urban Development,6.76,27,598,19.9,1,Under Hearing,73.3,3,48.1,Not Started,94.4,55.7,1
610a5faa,Bihar,Muzaffarpur,Urban Development,2.56,98,1315,9.4,1,Under Hearing,39.9,3,11.9,Partial,72.4,25.5,1
a9343571,Odisha,Bhubaneswar,Urban Development,6.89,62,682,30.9,1,Under Hearing,37.3,1,25.2,Full,52.4,28.8,1
8b6f6a13,Gujarat,Rajkot,Power Transmission,17.37,257,1136,76.2,1,Under Hearing,71.7,2,10.6,Full,74.6,61.2,1
35b6a9ff,West Bengal,Durgapur,Urban Development,14.1,57,203,24.0,0,None,45.3,3,46.2,Full,32.3,36.9,1
4336a04e,Uttar Pradesh,Lucknow,Irrigation,2.82,30,662,98.1,1,Under Hearing,29.1,1,24.2,Full,88.4,11.9,0
d3a5d419,Rajasthan,Udaipur,Industrial Corridor,3.68,174,1027,27.4,2,Filed,75.7,4,41.1,Partial,57.7,18.5,1
be6def57,West Bengal,Howrah,Industrial Corridor,14.49,38,1065,22.0,0,None,75.8,3,12.5,Not Started,55.3,20.2,1
a9cade0e,Karnataka,Hubballi,Highway,3.11,197,910,41.7,0,None,87.5,5,22.4,Full,29.4,36.1,1
68237a68,Bihar,Bhagalpur,Industrial Corridor,56.95,83,731,54.3,0,None,70.8,2,14.9,Partial,79.1,46.1,1
3225ff58,Madhya Pradesh,Gwalior,Power Transmission,2.45,121,638,77.1,1,Filed,38.9,2,18.4,Not Started,74.3,5.0,1
b77d6b9b,Uttar Pradesh,Agra,Highway,21.24,82,622,60.7,0,None,73.2,4,74.6,Partial,17.9,19.8,0
682de886,Rajasthan,Udaipur,Power Transmission,10.84,15,1376,43.6,1,Filed,44.9,2,20.3,Full,40.7,35.6,1
40700604,Uttar Pradesh,Lucknow,Urban Development,39.42,51,232,25.5,2,Under Hearing,60.6,3,13.3,Partial,77.7,68.1,1
d390ea3e,Odisha,Rourkela,Railway,51.03,18,96,74.6,3,Filed,67.5,2,83.1,Full,85.8,41.9,1
5e85e53e,Maharashtra,Thane,Urban Development,10.6,163,86,94.0,0,None,36.8,0,9.5,Partial,28.1,40.3,1
7ef3303b,Bihar,Gaya,Railway,27.51,11,485,85.0,1,Filed,77.0,4,76.4,Not Started,81.8,57.8,0
b52b42cf,West Bengal,Durgapur,Irrigation,38.45,39,1015,39.2,0,None,61.6,2,24.3,Not Started,12.2,5.0,0
8db3ebc4,Rajasthan,Udaipur,Industrial Corridor,17.48,36,571,24.7,1,Resolved,46.2,1,22.0,Full,41.7,32.0,0
e36d66b3,Odisha,Cuttack,Railway,5.54,214,971,50.6,0,None,46.2,4,16.9,Not Started,34.7,29.2,1
3eb71de1,West Bengal,Kolkata,Industrial Corridor,41.67,8,1424,62.5,0,None,30.5,1,25.1,Partial,30.4,15.4,1
91aa94d9,Madhya Pradesh,Bhopal,Irrigation,12.65,202,1384,21.1,0,None,67.9,0,15.2,Partial,37.9,43.7,1
352c114d,Gujarat,Rajkot,Urban Development,22.07,189,493,48.4,1,Resolved,41.2,2,22.2,Partial,30.4,48.9,1
c119d050,Karnataka,Bengaluru,Railway,30.15,17,766,34.1,0,None,16.1,2,14.0,Full,63.3,21.9,1
6b8f3c7a,Karnataka,Hubballi,Highway,3.12,426,990,37.0,1,Filed,33.4,4,32.0,Not Started,45.3,70.5,1
bb34f1fa,Bihar,Bhagalpur,Highway,23.8,11,874,90.2,1,Under Hearing,36.6,1,6.8,Full,80.9,41.0,0
1ad3bba6,Uttar Pradesh,Agra,Industrial Corridor,51.93,18,976,54.4,1,Under Hearing,39.9,1,8.5,Full,47.6,41.1,1
ba2c6cb8,Rajasthan,Kota,Power Transmission,6.6,79,172,72.9,0,None,36.5,3,43.9,Partial,94.2,38.2,0
a8ec3729,Rajasthan,Kota,Irrigation,5.73,113,758,32.0,1,Filed,55.8,1,31.6,Not Started,45.0,31.9,1
c21a7550,Rajasthan,Jaipur,Urban Development,21.18,51,757,39.4,0,None,66.3,5,49.1,Partial,67.1,50.8,1
4ed5ed7b,Odisha,Bhubaneswar,Railway,19.71,51,478,43.0,1,Filed,32.7,0,7.5,Full,87.6,40.1,0
d4f65363,Rajasthan,Kota,Power Transmission,6.8,51,515,48.0,0,None,20.4,3,10.1,Not Started,72.4,30.1,0
82ba80d2,Gujarat,Rajkot,Power Transmission,11.03,244,469,59.7,0,None,79.4,0,8.1,Partial,90.6,26.5,1
0a01a279,Rajasthan,Jodhpur,Industrial Corridor,1.8,281,487,53.8,2,Filed,24.3,3,21.5,Partial,62.5,37.1,1
2c5e282e,Madhya Pradesh,Indore,Urban Development,62.55,59,241,52.1,0,None,83.6,1,10.6,Not Started,81.6,45.9,0
4c2b459a,Odisha,Cuttack,Highway,84.09,43,802,33.6,1,Resolved,37.6,1,25.9,Not Started,30.1,50.7,1
e312f6d4,Gujarat,Ahmedabad,Power Transmission,6.12,60,1212,60.7,0,None,29.5,2,8.4,Partial,82.4,40.7,0
6c90d7b8,Odisha,Bhubaneswar,Power Transmission,34.07,207,1482,67.7,2,Filed,39.4,2,12.5,Partial,56.5,67.7,1
41ecee78,West Bengal,Siliguri,Urban Development,9.75,66,1450,14.3,0,None,53.7,3,26.5,Partial,32.4,23.3,1
a3aa5a72,Rajasthan,Jaipur,Industrial Corridor,9.42,41,1371,38.8,1,Filed,25.5,2,27.4,Full,77.9,43.8,0
536d28ca,Karnataka,Mysuru,Irrigation,7.93,3,1059,30.4,0,None,74.9,0,44.0,Not Started,19.3,43.3,0
2df8cb05,West Bengal,Durgapur,Urban Development,11.07,1,604,70.1,1,Under Hearing,18.1,3,42.8,Partial,33.2,5.0,1
7bfb69e2,Rajasthan,Udaipur,Power Transmission,36.2,28,520,65.5,1,Under Hearing,78.6,3,27.5,Partial,73.9,32.6,0
6b1f6b27,Tamil Nadu,Salem,Industrial Corridor,9.29,10,1285,92.6,0,None,73.5,2,23.1,Partial,52.1,31.9,0
76d5d4fe,West Bengal,Durgapur,Power Transmission,8.27,26,447,90.4,0,None,20.6,3,41.9,Partial,79.5,46.0,0
3e0925e2,Karnataka,Belagavi,Industrial Corridor,7.95,77,1204,85.9,1,Resolved,14.3,3,53.8,Full,72.4,42.3,1
51965c64,Odisha,Bhubaneswar,Highway,2.95,28,669,63.5,0,None,32.9,7,42.2,Not Started,12.3,49.7,1
b512fddf,Tamil Nadu,Coimbatore,Urban Development,1.72,53,588,54.1,0,None,70.4,0,41.3,Partial,92.7,45.9,1
cbf7e8d2,Bihar,Gaya,Irrigation,6.28,94,578,45.3,0,None,72.5,2,25.3,Full,22.4,34.5,0
46baf209,Karnataka,Mysuru,Power Transmission,20.74,79,986,86.6,0,None,64.4,1,3.8,Not Started,49.1,39.4,1
e7ed65d9,West Bengal,Howrah,Railway,1.12,28,986,63.6,1,Stay Order,34.1,2,22.0,Full,68.3,33.5,1
c110876d,Bihar,Patna,Railway,8.36,317,862,39.1,1,Under Hearing,67.3,3,50.0,Partial,27.2,41.6,1
79f221f7,Karnataka,Hubballi,Railway,22.2,62,1193,64.6,0,None,24.9,6,15.3,Full,70.3,46.1,0
3bab2477,Tamil Nadu,Chennai,Highway,39.08,17,907,45.2,0,None,81.9,5,11.4,Full,36.0,60.7,0
bfca84f6,Maharashtra,Nashik,Urban Development,26.39,16,464,66.8,0,None,32.6,6,25.6,Partial,17.6,33.9,1
63c3a76f,Uttar Pradesh,Meerut,Power Transmission,12.26,40,1184,16.6,3,Filed,47.7,0,24.0,Partial,67.7,40.5,0
9c241e1d,Maharashtra,Nashik,Industrial Corridor,2.32,27,919,43.9,2,Filed,11.2,4,12.8,Partial,19.6,34.3,1
9a0f6e18,Maharashtra,Thane,Irrigation,4.46,97,638,17.8,0,None,79.5,5,66.7,Partial,66.9,33.1,0
48c49f81,Odisha,Rourkela,Industrial Corridor,2.42,20,1061,58.1,0,None,81.9,4,19.7,Partial,65.2,7.2,1
ff5df5a2,Rajasthan,Udaipur,Industrial Corridor,17.82,27,53,55.7,2,Filed,36.1,4,40.4,Partial,41.1,24.5,1
9776e940,Odisha,Bhubaneswar,Irrigation,9.86,105,757,86.1,1,Filed,51.1,2,12.6,Full,92.1,39.9,1
570d020e,Karnataka,Hubballi,Irrigation,55.73,49,1478,92.8,1,Under Hearing,53.2,1,6.5,Partial,63.1,24.9,0
da248d11,Uttar Pradesh,Agra,Industrial Corridor,14.27,95,711,79.5,1,Resolved,22.9,1,15.9,Not Started,54.3,42.2,1
ba20daa8,Gujarat,Rajkot,Railway,33.09,5,1279,54.8,0,None,30.9,1,15.9,Partial,37.9,59.8,0
c2f9577f,Rajasthan,Udaipur,Urban Development,7.54,162,1070,76.8,0,None,55.9,1,56.0,Partial,83.2,59.1,1
dfc71e5d,Madhya Pradesh,Gwalior,Power Transmission,16.46,23,943,82.5,1,Resolved,95.6,3,13.2,Partial,29.9,18.5,1
6039a57c,Uttar Pradesh,Meerut,Highway,4.77,190,846,46.7,1,Filed,59.1,2,25.9,Partial,98.3,28.6,0
8487b74f,Tamil Nadu,Salem,Highway,6.59,140,578,84.2,0,None,81.7,0,64.3,Not Started,67.1,43.2,0
facd49c6,West Bengal,Durgapur,Industrial Corridor,74.19,23,613,68.9,2,Filed,29.6,2,16.6,Partial,60.5,39.6,0
d41b19c9,Gujarat,Ahmedabad,Irrigation,14.99,32,298,20.9,0,None,78.4,2,7.9,Not Started,62.5,34.6,1
8916959d,Tamil Nadu,Salem,Highway,15.15,45,889,57.4,1,Filed,40.8,5,28.1,Not Started,52.4,40.9,0
7583ed74,Odisha,Rourkela,Irrigation,6.11,8,1007,21.3,1,Filed,36.1,1,41.9,Partial,37.1,34.0,0
45bbdd92,Odisha,Rourkela,Railway,4.12,87,1110,33.7,0,None,55.4,0,21.2,Full,93.7,12.6,0
0cdd5b72,Karnataka,Bengaluru,Power Transmission,21.83,48,1300,68.8,1,Under Hearing,93.1,4,26.5,Partial,53.5,42.9,1
c8f685be,West Bengal,Kolkata,Industrial Corridor,4.94,14,1158,42.7,1,Filed,25.9,6,92.0,Partial,72.6,51.3,1
ebaf6f17,Tamil Nadu,Madurai,Industrial Corridor,12.38,604,397,45.1,3,Filed,67.0,3,9.9,Partial,28.0,67.9,1
4f30258e,Uttar Pradesh,Kanpur,Railway,32.55,9,1043,77.5,0,None,88.2,1,17.0,Full,54.9,15.1,1
c3c96b1b,Madhya Pradesh,Indore,Industrial Corridor,16.79,48,645,81.7,2,Resolved,23.2,3,18.2,Partial,19.9,39.2,1
8c8d0713,Karnataka,Bengaluru,Irrigation,6.43,23,90,44.4,1,Under Hearing,72.2,2,5.1,Partial,62.3,20.6,0
fd2ff880,Karnataka,Belagavi,Highway,8.1,45,1398,27.4,1,Resolved,30.5,3,18.0,Full,55.1,35.0,0
f2253599,Karnataka,Hubballi,Highway,35.49,48,352,60.8,0,None,53.9,1,33.7,Partial,87.3,45.6,1
ec830258,Odisha,Rourkela,Industrial Corridor,31.51,79,1099,65.6,1,Resolved,59.8,1,42.6,Partial,12.8,14.1,1
849aaad6,Uttar Pradesh,Varanasi,Power Transmission,24.17,73,239,67.8,1,Resolved,25.3,1,43.4,Full,56.7,19.1,0
66f5d149,Tamil Nadu,Madurai,Highway,13.0,52,678,50.4,1,Resolved,78.8,2,76.8,Full,64.3,57.1,0
8e655b51,Karnataka,Belagavi,Railway,4.2,222,1156,71.3,2,Resolved,43.6,4,63.8,Partial,27.3,42.9,1
472891e5,Bihar,Gaya,Industrial Corridor,10.04,33,1018,36.7,0,None,22.7,1,35.9,Partial,30.5,20.4,1
af0c85d9,Karnataka,Belagavi,Urban Development,16.19,327,510,37.8,0,None,65.6,2,93.2,Not Started,83.0,20.2,0
d6dfbc96,Maharashtra,Thane,Power Transmission,47.61,29,543,47.4,1,Filed,25.5,3,50.3,Full,38.1,29.3,1
72519e77,Odisha,Cuttack,Power Transmission,2.49,180,1177,92.8,1,Resolved,14.3,2,27.6,Full,37.5,36.0,0
6f71c9bc,Bihar,Muzaffarpur,Highway,15.08,39,762,28.1,1,Filed,75.4,3,73.5,Partial,97.5,18.3,1
b18c95c4,Madhya Pradesh,Bhopal,Industrial Corridor,12.47,9,870,87.9,0,None,52.9,2,62.0,Not Started,30.0,47.7,1
69285bfa,Karnataka,Hubballi,Irrigation,8.86,100,261,89.2,1,Stay Order,75.4,5,23.5,Partial,34.3,48.0,1
3cda82a6,Karnataka,Belagavi,Irrigation,139.56,62,598,71.1,2,Under Hearing,44.4,1,26.3,Full,73.2,22.3,1
f376a1e0,Madhya Pradesh,Gwalior,Highway,6.57,183,187,84.8,0,None,71.8,3,59.6,Full,7.8,17.5,1
142ead89,Karnataka,Bengaluru,Irrigation,4.47,137,1121,79.6,0,None,39.0,3,23.3,Partial,73.8,35.2,1
1b10ab88,Uttar Pradesh,Agra,Urban Development,1.97,27,1478,46.9,1,Filed,36.6,2,28.7,Not Started,25.3,35.1,1
452a1e36,Tamil Nadu,Chennai,Irrigation,40.74,7,693,77.3,0,None,84.9,0,13.7,Full,26.6,48.1,0
8a0a3486,Tamil Nadu,Coimbatore,Urban Development,16.57,76,461,45.0,0,None,57.8,4,20.5,Full,53.6,34.1,0
946768e9,Maharashtra,Pune,Power Transmission,42.82,48,45,77.2,0,None,40.1,1,11.6,Not Started,76.6,28.1,0
0328f165,Odisha,Rourkela,Power Transmission,11.68,20,196,55.0,1,Stay Order,56.9,3,25.3,Not Started,61.8,49.7,1
6a7eb89c,Tamil Nadu,Chennai,Industrial Corridor,32.56,46,409,79.9,0,None,20.6,2,44.0,Full,81.2,37.0,0
5ea99759,Rajasthan,Udaipur,Industrial Corridor,34.77,96,979,60.9,2,Resolved,31.8,2,20.0,Partial,58.6,19.9,0
4a30f537,Tamil Nadu,Coimbatore,Irrigation,81.61,153,1475,16.6,0,None,21.9,2,2.3,Partial,66.3,42.8,1
d5e8c6d0,Tamil Nadu,Coimbatore,Irrigation,0.75,6,195,40.0,2,Under Hearing,16.2,1,27.2,Partial,59.0,45.7,1
5c5555a0,Madhya Pradesh,Bhopal,Railway,20.58,142,659,86.2,0,None,48.3,3,13.9,Partial,81.4,27.2,0
eb23e63c,Rajasthan,Kota,Industrial Corridor,33.43,180,97,72.6,2,Under Hearing,84.3,1,28.8,Full,13.5,32.1,1
d06bbe47,Odisha,Cuttack,Railway,11.79,661,230,10.4,2,Filed,34.1,2,18.2,Partial,76.9,44.2,1
979b2a2c,Karnataka,Hubballi,Railway,25.76,24,45,52.6,1,Filed,27.9,2,8.5,Not Started,27.1,66.8,0
bdec03d4,Rajasthan,Udaipur,Urban Development,14.71,33,690,43.1,1,Under Hearing,44.6,5,40.7,Not Started,92.3,14.6,1
ae752dff,Rajasthan,Jaipur,Power Transmission,7.38,465,388,54.0,1,Stay Order,14.5,2,43.3,Full,10.9,48.1,1
455faabc,Maharashtra,Thane,Railway,2.77,425,1177,39.4,1,Under Hearing,7.1,3,19.9,Not Started,49.4,17.4,1
cd63bf8a,West Bengal,Siliguri,Irrigation,5.87,9,331,66.3,2,Under Hearing,10.9,3,21.0,Not Started,29.4,37.5,1
b165ee09,Tamil Nadu,Coimbatore,Irrigation,10.58,76,704,63.1,1,Under Hearing,39.5,3,51.2,Partial,40.3,15.3,1
49207732,Odisha,Cuttack,Highway,19.34,54,120,96.8,0,None,16.1,1,22.4,Full,44.2,8.9,1
ce5df362,Bihar,Patna,Highway,16.59,84,183,34.1,0,None,17.5,3,8.8,Full,67.9,34.0,1
5e03d075,Uttar Pradesh,Lucknow,Irrigation,5.32,349,1166,57.2,1,Under Hearing,48.2,1,14.9,Not Started,46.2,46.2,1
819368bb,West Bengal,Kolkata,Power Transmission,4.99,75,1352,21.7,0,None,5.1,1,5.5,Not Started,48.5,35.5,1
706388de,Odisha,Cuttack,Irrigation,7.85,35,1451,82.0,0,None,20.4,4,38.6,Full,86.9,31.1,0
0d06836f,Gujarat,Ahmedabad,Industrial Corridor,30.03,6,1037,37.2,1,Under Hearing,61.2,2,31.6,Not Started,79.6,31.7,1
0481b545,Maharashtra,Pune,Railway,7.51,138,104,36.6,0,None,34.5,3,8.4,Not Started,39.3,56.5,1
2fbb13bd,Bihar,Bhagalpur,Industrial Corridor,40.12,27,1350,79.8,0,None,68.5,3,32.8,Partial,29.9,53.1,1
f805b535,Tamil Nadu,Chennai,Highway,4.48,5,501,31.1,1,Under Hearing,89.2,3,28.3,Partial,29.8,68.2,0
dc6cb788,Maharashtra,Thane,Power Transmission,21.14,26,746,33.6,2,Under Hearing,70.3,2,19.5,Partial,34.0,37.0,1
d662b921,Madhya Pradesh,Indore,Irrigation,17.72,29,354,86.7,0,None,20.6,3,4.1,Partial,90.7,38.8,0
0bd3feea,Bihar,Muzaffarpur,Railway,20.64,36,1497,21.9,1,Resolved,2.2,4,37.7,Full,81.9,45.7,0
a37e8d40,Uttar Pradesh,Lucknow,Highway,2.29,142,1489,40.7,1,Resolved,88.7,1,77.4,Full,28.4,52.6,0
1b5ecd69,Uttar Pradesh,Agra,Urban Development,7.43,9,122,78.2,1,Stay Order,85.7,0,3.1,Partial,49.4,37.7,1
3fa679fa,Tamil Nadu,Madurai,Urban Development,15.92,108,594,19.4,1,Under Hearing,50.7,6,82.5,Full,47.1,45.1,1
08502ea2,West Bengal,Howrah,Industrial Corridor,4.97,232,901,72.7,0,None,31.3,5,14.9,Partial,21.4,26.8,1
604ce314,Maharashtra,Pune,Railway,34.02,20,38,19.6,0,None,47.0,3,24.0,Full,29.9,23.1,1
48284784,Gujarat,Rajkot,Irrigation,7.25,10,164,91.3,1,Filed,63.8,2,7.7,Not Started,43.1,45.1,0
aaab0ff0,Uttar Pradesh,Kanpur,Highway,301.3,137,169,77.9,4,Filed,60.7,4,44.2,Full,16.3,57.3,1
648f7c5e,Rajasthan,Kota,Industrial Corridor,36.16,280,57,43.8,1,Under Hearing,50.0,1,21.9,Partial,69.5,50.0,1
353d7f3d,Uttar Pradesh,Agra,Power Transmission,20.94,92,390,43.5,1,Resolved,48.7,0,24.8,Partial,19.8,24.6,1
1a1ef94f,Uttar Pradesh,Kanpur,Railway,1.95,8,661,23.2,0,None,54.6,1,14.5,Full,43.7,55.1,0
1e10afc9,Rajasthan,Jodhpur,Urban Development,7.53,162,1206,58.6,0,None,32.1,5,59.0,Full,75.4,40.3,1
0a9e4e78,Tamil Nadu,Chennai,Highway,34.93,274,863,28.9,2,Under Hearing,27.5,1,88.5,Not Started,79.8,13.6,1
12f44405,West Bengal,Howrah,Highway,15.0,443,1070,43.3,1,Filed,84.8,3,5.9,Partial,86.9,25.7,0
1d79c3ac,Tamil Nadu,Salem,Power Transmission,92.8,207,1310,73.6,1,Resolved,65.5,0,12.2,Not Started,31.6,59.0,1
34f46543,Rajasthan,Jaipur,Highway,5.22,57,122,56.0,1,Resolved,49.9,1,13.7,Full,68.6,66.6,0
f773f777,Madhya Pradesh,Bhopal,Highway,7.69,161,1296,83.6,2,Resolved,75.3,2,6.5,Partial,41.2,39.0,1
f7efbbea,West Bengal,Durgapur,Power Transmission,15.1,108,1114,92.9,1,Under Hearing,60.7,4,28.4,Not Started,66.8,28.7,1
e53a6096,Uttar Pradesh,Meerut,Urban Development,11.63,2,357,33.4,1,Under Hearing,20.3,4,78.9,Full,43.1,37.3,1
f82c6f52,Rajasthan,Kota,Highway,49.01,25,678,84.9,2,Filed,73.8,2,21.8,Not Started,57.4,49.9,1
e90231cb,Tamil Nadu,Salem,Highway,5.7,96,1487,67.9,0,None,67.3,1,8.6,Not Started,79.7,37.2,0
c182407e,Tamil Nadu,Salem,Power Transmission,4.31,14,340,36.7,0,None,33.3,3,47.2,Partial,75.3,11.1,1
b4b3e9a7,West Bengal,Siliguri,Irrigation,6.8,9,445,69.6,3,Under Hearing,82.2,3,84.5,Partial,32.7,19.7,1
5de77af4,West Bengal,Kolkata,Highway,8.53,200,987,16.7,2,Filed,40.8,1,13.4,Partial,74.4,6.7,0
9f886e53,Bihar,Bhagalpur,Irrigation,35.58,63,45,51.6,0,None,45.9,2,24.5,Full,43.1,20.6,0
f78fd5ba,Tamil Nadu,Salem,Irrigation,6.13,180,1008,33.3,0,None,42.9,3,76.4,Partial,42.2,66.0,1
ef75c9d6,Maharashtra,Pune,Irrigation,36.91,54,1436,67.7,1,Filed,25.4,1,30.6,Full,62.1,5.0,1
561dd057,Madhya Pradesh,Indore,Industrial Corridor,5.89,116,1498,99.3,3,Resolved,19.3,2,42.0,Full,9.4,51.9,1
7c3bf53d,Uttar Pradesh,Meerut,Power Transmission,10.19,124,1211,70.1,1,Under Hearing,49.5,4,70.1,Partial,53.1,40.7,1
fe28cb82,Tamil Nadu,Coimbatore,Irrigation,39.32,92,1167,69.0,0,None,32.1,1,60.8,Partial,34.1,44.4,1
27c0c378,Madhya Pradesh,Gwalior,Highway,8.87,36,118,76.2,0,None,57.6,2,42.3,Not Started,42.9,40.0,0
37d6824f,Karnataka,Bengaluru,Power Transmission,11.65,92,1466,37.8,0,None,52.9,4,33.0,Not Started,33.6,32.7,0
6aa7b6e4,Uttar Pradesh,Varanasi,Railway,4.65,151,850,75.8,0,None,20.9,0,20.1,Partial,54.4,18.7,1
8ed4fea7,Odisha,Cuttack,Urban Development,2.13,6,873,48.6,1,Filed,38.5,2,26.3,Full,35.2,18.3,0
4faf1b26,Bihar,Patna,Power Transmission,3.33,53,207,83.0,1,Stay Order,45.4,2,35.7,Not Started,72.4,39.4,1
2fe2db87,Gujarat,Surat,Irrigation,6.65,114,355,65.3,0,None,18.2,3,21.8,Partial,51.7,43.7,1
ba9f79e8,Bihar,Muzaffarpur,Power Transmission,50.15,695,1458,53.1,0,None,85.3,3,1.8,Full,32.4,5.0,0
cd607a04,Rajasthan,Udaipur,Power Transmission,2.26,45,208,63.0,0,None,21.8,2,55.6,Not Started,55.1,5.0,0
9d5170cd,Odisha,Cuttack,Industrial Corridor,8.74,8,572,63.2,1,Filed,21.2,2,57.4,Full,77.2,27.7,0
f5080138,Uttar Pradesh,Kanpur,Railway,1.57,42,1291,79.4,0,None,28.9,0,22.5,Not Started,49.9,31.5,1
fd95a00e,Karnataka,Hubballi,Irrigation,4.14,123,143,61.8,1,Stay Order,22.2,3,30.1,Not Started,93.5,5.0,1
94ca6624,Gujarat,Ahmedabad,Railway,5.14,36,1318,53.3,0,None,62.6,2,29.2,Partial,48.5,50.3,1
e5ad71fe,Rajasthan,Udaipur,Industrial Corridor,36.47,39,1454,52.5,3,Under Hearing,34.0,2,69.9,Not Started,28.2,57.9,1
005987df,Bihar,Gaya,Urban Development,15.83,19,76,45.6,1,Stay Order,61.3,3,47.6,Full,82.1,34.2,1
d6bb44f0,Karnataka,Belagavi,Irrigation,8.52,25,747,65.4,1,Under Hearing,60.2,2,14.6,Partial,39.5,35.0,1
34ceffeb,Tamil Nadu,Chennai,Railway,5.68,84,659,24.3,0,None,47.9,1,74.3,Partial,63.9,55.1,0
4c64fd53,Karnataka,Hubballi,Irrigation,4.55,71,1041,24.2,0,None,83.1,2,26.3,Partial,57.5,31.8,0
430651bf,Gujarat,Vadodara,Highway,10.76,68,1416,72.9,0,None,65.2,1,24.0,Partial,40.7,30.2,0
f3b4c163,Karnataka,Mysuru,Industrial Corridor,23.26,48,937,43.5,3,Stay Order,29.6,3,49.6,Not Started,37.9,30.9,1
c5ec9333,Madhya Pradesh,Bhopal,Irrigation,13.21,295,1345,76.2,0,None,16.0,1,46.8,Not Started,37.2,38.2,1
4f4c1d23,Karnataka,Mysuru,Urban Development,4.48,204,1062,46.9,1,Filed,71.5,2,28.6,Not Started,57.9,35.5,0
1cd38340,Uttar Pradesh,Meerut,Highway,2.5,54,1296,74.8,0,None,84.8,6,0.5,Partial,68.4,36.5,0
7d348f9c,Bihar,Muzaffarpur,Urban Development,21.58,7,59,47.8,0,None,57.1,2,59.5,Not Started,16.8,30.0,0
71906d9e,Karnataka,Mysuru,Irrigation,21.09,64,313,34.5,0,None,14.7,2,42.9,Partial,74.4,39.5,1
46c50d26,Uttar Pradesh,Kanpur,Urban Development,1.28,9,1338,39.0,0,None,84.1,2,36.5,Partial,44.4,25.8,0
7878f4e5,Gujarat,Surat,Railway,16.64,18,1389,26.2,0,None,32.9,2,27.1,Partial,52.1,39.7,1
c8ba2ab8,Madhya Pradesh,Gwalior,Railway,4.84,28,670,75.5,0,None,59.0,5,54.2,Partial,58.3,49.5,1
e74a224c,Uttar Pradesh,Lucknow,Industrial Corridor,26.13,185,965,33.6,1,Under Hearing,54.9,0,71.2,Partial,16.7,27.0,1
81009261,Madhya Pradesh,Indore,Irrigation,8.92,167,644,27.6,0,None,49.9,5,33.2,Not Started,35.5,34.4,0
1f012c81,Rajasthan,Kota,Irrigation,12.62,45,898,13.4,1,Filed,60.8,4,11.1,Partial,89.9,49.0,1
08e416dd,West Bengal,Siliguri,Irrigation,73.15,57,928,56.4,1,Resolved,18.6,0,21.8,Not Started,33.3,33.2,0
8120b686,Bihar,Patna,Railway,8.03,46,1451,27.7,1,Filed,52.7,0,62.4,Full,62.8,17.4,0
430a3d65,Madhya Pradesh,Jabalpur,Urban Development,10.1,233,85,44.8,2,Filed,93.9,3,9.6,Not Started,60.6,28.2,1
ad57488d,Madhya Pradesh,Jabalpur,Highway,10.98,47,932,78.8,2,Under Hearing,39.0,2,16.8,Not Started,48.5,50.9,1
fe592ae8,Gujarat,Vadodara,Railway,37.62,93,343,28.7,2,Stay Order,79.6,6,24.6,Full,62.5,21.6,1
733946ea,Rajasthan,Jodhpur,Highway,1.2,95,1087,28.6,4,Stay Order,68.2,2,4.8,Not Started,62.3,25.0,1
512af72d,Odisha,Cuttack,Highway,15.03,34,1032,38.7,1,Filed,47.6,2,10.7,Full,66.3,36.4,1
f4179dc4,Odisha,Rourkela,Urban Development,2.89,144,130,85.6,2,Resolved,3.2,2,6.7,Partial,27.8,24.8,1
f2638af9,Bihar,Gaya,Highway,1.83,24,436,52.6,1,Under Hearing,16.1,2,22.9,Full,82.8,21.4,0
02fa758d,Uttar Pradesh,Varanasi,Railway,9.66,63,522,55.8,0,None,54.3,1,21.3,Full,82.8,17.0,0
9a6f2186,Rajasthan,Udaipur,Urban Development,3.96,4,435,91.6,1,Resolved,23.2,1,53.2,Full,59.7,44.0,0
96e24ba5,Tamil Nadu,Madurai,Highway,33.72,125,1281,39.1,1,Stay Order,24.8,1,16.9,Not Started,86.6,45.6,1
b7e231b5,Odisha,Bhubaneswar,Irrigation,25.81,441,1115,51.0,2,Filed,41.9,2,15.3,Full,89.3,21.5,0
15f4398a,Maharashtra,Thane,Highway,115.66,126,265,68.3,1,Filed,35.5,1,33.9,Partial,86.7,34.9,0
b03148bc,Tamil Nadu,Chennai,Industrial Corridor,11.39,605,1104,48.2,2,Under Hearing,76.6,2,62.8,Full,37.2,12.8,0
87f9f0f8,West Bengal,Howrah,Industrial Corridor,8.63,18,353,3.4,0,None,43.2,4,29.1,Full,35.5,5.1,0
bc49cc21,Bihar,Gaya,Power Transmission,3.36,106,944,72.4,2,Under Hearing,70.4,4,69.2,Full,64.1,33.7,0
13e79ece,Maharashtra,Pune,Highway,6.23,41,832,38.7,0,None,10.0,4,17.8,Partial,44.7,49.7,1
823600f4,Gujarat,Surat,Irrigation,14.44,57,338,41.7,0,None,56.7,4,36.0,Not Started,83.4,30.6,0
55066901,West Bengal,Kolkata,Industrial Corridor,12.46,95,255,82.7,0,None,17.1,3,11.8,Partial,48.8,27.6,1
73461766,Gujarat,Ahmedabad,Urban Development,16.75,69,79,90.2,0,None,44.2,5,33.6,Full,37.6,29.8,1
7d7ff91c,Rajasthan,Jaipur,Railway,62.44,59,428,49.0,1,Filed,68.0,2,27.4,Full,85.5,45.1,0
9a34673c,Odisha,Cuttack,Power Transmission,18.79,337,966,94.2,1,Under Hearing,50.3,3,26.9,Full,21.2,47.0,1
c90bfd70,Karnataka,Mysuru,Highway,1.57,65,1227,80.9,0,None,59.7,6,22.7,Partial,89.6,27.6,0
794f1935,Rajasthan,Udaipur,Railway,2.67,89,1324,48.7,0,None,36.6,3,18.4,Partial,44.1,44.5,1
d5491727,Maharashtra,Aurangabad,Urban Development,9.86,52,1436,18.3,0,None,22.1,0,17.7,Not Started,37.6,13.8,0
566ae2eb,Uttar Pradesh,Kanpur,Industrial Corridor,2.56,34,625,35.3,1,Resolved,22.1,1,6.5,Full,90.7,62.7,1
1a548d87,West Bengal,Siliguri,Highway,20.36,345,486,41.8,1,Stay Order,29.8,1,21.3,Not Started,85.3,32.5,1
5745e0b6,Rajasthan,Jaipur,Industrial Corridor,19.69,14,147,84.7,1,Stay Order,72.0,2,50.9,Partial,71.4,42.7,1
6be3454b,Madhya Pradesh,Bhopal,Irrigation,35.82,329,622,75.7,0,None,49.0,2,62.2,Not Started,77.8,52.8,0
1e82d53f,Tamil Nadu,Chennai,Power Transmission,39.97,264,526,76.1,0,None,15.9,1,62.8,Full,48.4,14.3,1
9542d520,Rajasthan,Udaipur,Highway,2.72,482,452,64.0,2,Under Hearing,60.9,2,21.2,Full,46.5,37.3,1
9cf52c85,Odisha,Bhubaneswar,Power Transmission,63.27,23,1488,59.9,2,Under Hearing,7.9,3,20.4,Partial,33.6,41.2,1
ca398d01,Odisha,Rourkela,Industrial Corridor,6.25,53,623,32.1,1,Filed,74.3,6,74.6,Partial,24.7,15.2,1
130d4b2d,Maharashtra,Pune,Urban Development,6.39,4,277,51.6,2,Stay Order,33.6,4,25.2,Not Started,62.5,30.4,1
3e53ff6a,Karnataka,Hubballi,Railway,0.47,50,1180,53.8,2,Filed,51.5,1,47.8,Partial,87.9,26.5,1
91bb1393,Madhya Pradesh,Gwalior,Power Transmission,9.88,1002,79,25.5,3,Under Hearing,52.6,0,49.0,Not Started,74.1,42.3,1
593f003d,Uttar Pradesh,Kanpur,Urban Development,35.16,230,943,69.4,1,Filed,47.1,1,18.5,Partial,1.6,35.1,1
6406f409,Odisha,Bhubaneswar,Railway,13.15,63,118,81.2,0,None,34.3,2,34.9,Partial,89.4,24.4,0
380456af,Bihar,Bhagalpur,Urban Development,57.94,36,448,10.6,0,None,53.6,2,24.5,Full,82.5,43.9,1
17a70f71,West Bengal,Howrah,Industrial Corridor,12.04,43,257,79.3,0,None,56.3,4,22.5,Partial,28.7,35.6,0
858ee920,West Bengal,Howrah,Industrial Corridor,33.5,17,390,90.5,1,Filed,72.3,0,22.6,Full,43.8,24.2,1
88672715,West Bengal,Kolkata,Highway,10.07,55,380,25.6,1,Filed,62.1,2,34.9,Full,66.0,19.0,1
4bdfa3f7,Tamil Nadu,Salem,Highway,14.98,34,311,58.9,0,None,17.0,1,25.3,Full,52.6,49.6,0
bad08175,Madhya Pradesh,Gwalior,Urban Development,4.67,23,1468,62.1,1,Stay Order,44.3,0,33.7,Full,73.3,5.0,1
51e8f936,Karnataka,Hubballi,Power Transmission,138.22,41,1089,86.4,1,Filed,49.8,4,30.1,Not Started,77.0,26.3,1
7363fe00,Uttar Pradesh,Lucknow,Railway,5.74,134,285,57.5,0,None,6.5,2,21.7,Partial,81.7,47.1,0
3c6276f3,Rajasthan,Kota,Railway,6.39,31,1257,56.0,0,None,74.6,2,15.6,Not Started,76.8,43.9,1
e85e38b0,Tamil Nadu,Chennai,Urban Development,9.38,24,1305,66.9,0,None,39.2,3,47.6,Partial,71.1,22.1,1
1e6642a2,Karnataka,Hubballi,Irrigation,4.79,92,1234,72.8,1,Stay Order,68.2,1,23.7,Partial,88.1,24.5,1
64306e4d,West Bengal,Durgapur,Railway,29.94,83,223,56.4,3,Filed,35.0,2,7.1,Partial,51.6,35.1,0
7b60a305,Odisha,Cuttack,Industrial Corridor,49.05,81,453,74.2,3,Filed,41.0,2,23.8,Full,72.7,67.2,1
a371706d,Odisha,Cuttack,Industrial Corridor,9.47,8,986,73.3,0,None,15.9,2,31.6,Full,15.8,34.2,1
c4e4d1cb,Uttar Pradesh,Meerut,Railway,11.8,54,235,97.2,0,None,35.3,2,69.6,Partial,58.7,20.7,1
8d659fca,Odisha,Bhubaneswar,Urban Development,5.35,564,1136,6.6,2,Stay Order,20.4,3,15.6,Not Started,44.3,13.1,1
41f24ceb,Karnataka,Bengaluru,Industrial Corridor,11.83,226,1219,80.1,0,None,47.1,3,18.0,Partial,74.3,25.8,1
6b6167b6,Bihar,Bhagalpur,Railway,20.26,26,1354,54.4,1,Filed,81.5,2,25.7,Partial,83.0,26.6,1
4936eeed,Gujarat,Rajkot,Urban Development,25.39,161,777,13.5,1,Resolved,41.1,6,13.2,Full,66.7,19.0,0
f454449a,Karnataka,Mysuru,Industrial Corridor,12.34,184,1044,47.9,2,Filed,31.8,1,18.0,Not Started,44.0,37.1,1
a1250b7b,Gujarat,Ahmedabad,Power Transmission,35.95,169,1137,33.9,0,None,43.0,2,29.9,Not Started,59.8,34.3,1
1ccbcf44,Gujarat,Vadodara,Urban Development,12.35,18,1172,38.3,1,Under Hearing,11.9,1,12.7,Partial,48.4,34.8,0
e1c535af,Tamil Nadu,Salem,Urban Development,6.49,151,145,22.3,0,None,71.0,0,3.2,Not Started,83.4,29.7,1
ab5dee36,Tamil Nadu,Coimbatore,Urban Development,9.21,152,503,61.1,1,Under Hearing,48.5,2,21.5,Full,71.4,43.0,1
01690ef2,Bihar,Muzaffarpur,Power Transmission,112.65,62,248,55.4,0,None,77.4,2,58.7,Partial,82.6,31.8,1
1ccd3c28,Maharashtra,Nashik,Industrial Corridor,14.89,87,719,66.0,1,Under Hearing,14.5,4,23.7,Partial,23.9,40.1,1
aa96e786,Maharashtra,Aurangabad,Industrial Corridor,6.86,32,609,68.5,0,None,48.9,4,53.7,Partial,67.3,58.5,0
90ae5067,Bihar,Muzaffarpur,Irrigation,7.93,33,1341,73.6,0,None,58.2,3,13.6,Partial,99.0,27.7,1
5542f4c1,Odisha,Cuttack,Highway,11.82,34,898,39.8,2,Resolved,23.7,2,18.1,Partial,49.4,35.5,1
c73c241e,Tamil Nadu,Madurai,Irrigation,11.26,73,314,74.9,0,None,33.4,2,39.3,Partial,54.6,59.7,0
e152dd5d,West Bengal,Howrah,Irrigation,23.67,172,594,41.3,0,None,50.0,3,1.5,Partial,27.1,38.6,1
c4d85ec4,Maharashtra,Pune,Highway,44.13,76,37,43.1,0,None,46.4,0,21.4,Not Started,66.5,51.1,0
42cc34ac,Rajasthan,Udaipur,Industrial Corridor,4.32,17,1474,69.7,0,None,71.8,4,39.7,Full,54.3,36.9,1
75e22a67,Odisha,Bhubaneswar,Irrigation,18.5,177,478,25.9,0,None,37.7,1,5.5,Partial,9.9,37.8,0
c9faa21b,Maharashtra,Pune,Power Transmission,26.21,108,924,37.2,1,Stay Order,77.8,3,37.8,Partial,70.6,29.1,1
71a3ffc8,Rajasthan,Jaipur,Industrial Corridor,145.56,123,319,81.0,1,Resolved,64.7,4,33.7,Partial,51.7,9.7,0
739c64d2,Gujarat,Vadodara,Urban Development,40.26,91,624,53.2,0,None,68.0,3,42.4,Not Started,10.6,40.2,0
f32689e8,Odisha,Cuttack,Irrigation,9.56,148,1463,47.5,0,None,31.0,0,32.9,Full,89.0,49.3,0
b8cb31c5,Uttar Pradesh,Kanpur,Urban Development,3.47,41,204,70.5,0,None,18.8,3,25.4,Not Started,45.7,51.1,1
65835124,Uttar Pradesh,Varanasi,Industrial Corridor,5.05,194,1056,71.9,0,None,39.6,2,43.7,Partial,49.1,27.0,1
10a5f6b0,Tamil Nadu,Coimbatore,Railway,9.57,39,712,26.0,0,None,67.6,1,44.0,Partial,79.1,27.5,0
7c202135,Gujarat,Surat,Urban Development,15.52,22,1035,75.0,0,None,53.0,4,71.8,Partial,92.9,27.7,0
045fab10,Madhya Pradesh,Indore,Railway,1.85,47,850,71.4,0,None,34.4,4,36.0,Partial,50.3,40.2,1
ede015ee,Rajasthan,Udaipur,Highway,7.75,80,477,32.2,0,None,87.0,3,19.1,Partial,76.0,17.7,0
677b707e,Bihar,Gaya,Railway,46.75,38,267,23.4,0,None,84.4,3,17.9,Not Started,3.5,20.4,0
ff8e79e1,Madhya Pradesh,Gwalior,Urban Development,4.87,59,278,84.7,1,Resolved,49.2,0,51.6,Not Started,57.7,16.1,0
9e7aad2b,Madhya Pradesh,Gwalior,Urban Development,19.63,20,782,79.3,1,Filed,72.5,4,8.1,Not Started,37.0,48.9,1
7f4f40f1,Madhya Pradesh,Jabalpur,Railway,0.81,121,249,43.6,0,None,10.3,5,4.6,Full,40.9,66.4,0
0b706e41,Odisha,Bhubaneswar,Irrigation,32.0,161,479,85.8,1,Stay Order,19.6,3,37.6,Partial,77.9,29.5,1
de638993,Tamil Nadu,Madurai,Power Transmission,4.86,344,77,50.3,0,None,14.3,2,13.6,Not Started,89.9,35.4,1
258f728d,Madhya Pradesh,Jabalpur,Highway,11.2,512,606,95.1,2,Under Hearing,54.0,2,9.9,Full,45.9,33.3,1
72797915,West Bengal,Kolkata,Power Transmission,6.93,14,1379,59.7,0,None,12.1,7,99.8,Partial,63.7,34.7,1
7a1c0128,Maharashtra,Aurangabad,Power Transmission,9.28,7,1227,22.2,0,None,53.3,2,35.1,Partial,28.7,19.5,1
092e32e6,Gujarat,Vadodara,Urban Development,4.15,243,952,52.1,0,None,65.6,2,9.0,Full,47.0,5.0,0
62e22890,Karnataka,Belagavi,Irrigation,6.23,31,1120,59.1,1,Filed,64.5,1,23.3,Partial,49.0,10.5,1
8d496a1a,Karnataka,Bengaluru,Railway,19.02,165,1477,34.5,1,Stay Order,34.6,1,10.1,Not Started,30.4,15.5,1
746ef546,Madhya Pradesh,Indore,Urban Development,14.35,24,450,70.8,1,Under Hearing,29.7,3,93.8,Partial,59.9,33.9,1
5f0ae54a,West Bengal,Siliguri,Highway,8.2,6,1188,44.3,0,None,79.9,5,19.0,Not Started,78.7,56.3,0
bb3d867d,Rajasthan,Kota,Power Transmission,6.26,36,835,56.2,0,None,42.4,2,31.5,Full,23.6,45.2,0
0ccdb537,Odisha,Cuttack,Urban Development,24.36,250,873,67.5,1,Resolved,32.8,4,167.4,Full,52.2,28.1,0
5e1c4924,Uttar Pradesh,Varanasi,Urban Development,4.34,77,400,54.9,1,Stay Order,9.5,3,16.4,Full,51.6,34.0,1
f6b20695,Rajasthan,Jaipur,Power Transmission,6.74,132,317,86.4,2,Under Hearing,41.1,4,8.1,Partial,77.5,18.6,1
724b6381,Karnataka,Bengaluru,Industrial Corridor,2.24,287,281,55.3,0,None,26.1,2,108.2,Not Started,3.6,26.6,1
71b61a49,Maharashtra,Aurangabad,Industrial Corridor,47.64,5,1057,76.0,0,None,68.5,6,40.1,Partial,52.1,18.3,0
7c28f7e2,Maharashtra,Thane,Irrigation,14.38,29,98,63.7,0,None,74.8,4,18.5,Partial,60.8,24.6,1
7cae7ed2,Bihar,Muzaffarpur,Urban Development,4.07,312,553,95.4,0,None,60.9,1,38.6,Not Started,38.7,43.0,1
41e7ac7b,Uttar Pradesh,Meerut,Irrigation,26.27,230,1444,60.3,0,None,39.3,3,28.3,Full,92.0,27.6,0
0d5a5213,Gujarat,Rajkot,Power Transmission,9.55,25,553,43.8,2,Under Hearing,60.6,1,3.4,Partial,29.3,42.4,0
925f3dc5,Tamil Nadu,Coimbatore,Highway,6.87,72,1486,35.7,0,None,30.0,1,20.3,Partial,79.5,21.6,1
4d7e9f14,Uttar Pradesh,Kanpur,Highway,46.06,28,778,54.9,2,Filed,41.6,2,43.1,Not Started,66.7,44.9,1
10975b4b,Maharashtra,Nagpur,Irrigation,27.01,390,1430,57.3,0,None,44.4,2,40.7,Full,58.9,18.9,1
9da94ec1,Rajasthan,Udaipur,Industrial Corridor,6.38,117,1438,65.3,1,Resolved,69.4,4,36.3,Full,53.8,32.4,0
82e76a9a,Maharashtra,Aurangabad,Industrial Corridor,26.32,260,707,18.5,0,None,84.8,1,8.0,Not Started,78.5,30.7,1
141dd958,Madhya Pradesh,Jabalpur,Irrigation,27.42,201,862,53.7,1,Filed,62.6,2,55.9,Partial,59.0,27.3,1
9e1eb91e,Tamil Nadu,Madurai,Railway,29.62,115,391,63.1,2,Filed,66.7,1,38.2,Partial,54.3,27.1,1
4276713a,West Bengal,Kolkata,Highway,17.43,13,490,67.2,1,Resolved,18.9,2,7.2,Partial,74.7,14.5,1
f93b6bb0,Madhya Pradesh,Indore,Railway,28.88,35,638,27.6,0,None,91.6,5,34.3,Partial,80.3,16.7,0
fb8224f0,Karnataka,Hubballi,Irrigation,12.46,94,455,32.5,0,None,39.8,3,12.9,Partial,40.9,39.1,1
d75c3ce4,Gujarat,Rajkot,Irrigation,26.22,51,180,58.6,0,None,30.5,3,46.6,Partial,42.5,63.7,0
c70cc741,Uttar Pradesh,Kanpur,Urban Development,16.3,50,1060,59.3,0,None,51.4,0,3.6,Partial,92.8,35.4,1
36c6bea2,Odisha,Rourkela,Urban Development,39.96,19,220,33.0,1,Under Hearing,2.6,0,15.4,Partial,55.8,32.0,1
1aee6e2d,Rajasthan,Jaipur,Urban Development,4.04,50,147,55.3,0,None,73.1,4,11.4,Full,81.8,29.7,0
e9feaf89,Odisha,Bhubaneswar,Urban Development,27.32,31,969,64.1,0,None,63.1,3,6.9,Not Started,43.1,22.4,0
3316935d,Maharashtra,Nashik,Industrial Corridor,21.7,12,1123,38.4,0,None,36.2,1,27.2,Full,83.9,62.1,1
e91bbd09,Rajasthan,Udaipur,Highway,17.5,15,1486,63.6,0,None,13.6,5,36.6,Full,69.7,53.7,0
17bc42ca,Gujarat,Rajkot,Irrigation,4.78,96,1214,58.3,0,None,25.5,1,21.6,Partial,63.1,19.7,1
ba58055a,Gujarat,Ahmedabad,Irrigation,12.93,160,587,77.7,1,Under Hearing,31.1,1,8.7,Partial,24.3,25.8,1
1d08309f,Odisha,Bhubaneswar,Power Transmission,10.12,29,94,40.7,0,None,27.0,4,55.5,Partial,52.4,39.7,1
dcb144dc,Madhya Pradesh,Bhopal,Urban Development,20.31,23,1308,90.4,0,None,57.3,3,24.8,Partial,42.5,54.5,0
fc60f6dd,Uttar Pradesh,Lucknow,Industrial Corridor,4.64,31,1204,60.8,0,None,41.5,5,44.4,Full,77.7,27.3,0
3a8562bb,Tamil Nadu,Madurai,Industrial Corridor,4.77,68,407,27.5,0,None,54.0,6,9.0,Not Started,86.7,11.8,0
d0e83997,Madhya Pradesh,Jabalpur,Highway,17.77,43,1242,31.0,0,None,68.2,4,45.4,Not Started,7.2,34.5,1
30cfb6f9,Rajasthan,Udaipur,Urban Development,1.61,36,795,68.7,0,None,66.0,1,29.9,Full,27.8,49.1,1
943b096b,Gujarat,Ahmedabad,Industrial Corridor,13.39,12,1126,40.5,0,None,29.1,2,11.0,Not Started,57.9,21.1,1
a0dbebd8,Bihar,Gaya,Urban Development,46.83,598,1111,42.7,0,None,46.2,1,14.5,Not Started,54.9,10.6,1
93c0e4d9,Tamil Nadu,Chennai,Urban Development,25.46,58,1040,21.5,1,Stay Order,18.2,2,30.0,Not Started,80.8,14.4,1
110c5441,Gujarat,Rajkot,Railway,19.81,79,1133,66.1,1,Under Hearing,3.5,3,14.5,Partial,37.8,35.3,1
6f473943,Madhya Pradesh,Bhopal,Urban Development,11.72,25,53,26.5,2,Resolved,50.6,0,19.1,Full,73.2,44.6,1
1a3f5c61,Odisha,Bhubaneswar,Industrial Corridor,17.07,20,730,56.4,0,None,50.0,4,59.9,Full,91.0,10.3,0
00584a64,Bihar,Patna,Railway,7.67,13,371,79.5,1,Resolved,24.2,2,2.9,Partial,39.6,50.4,0
5f989cf6,Gujarat,Vadodara,Urban Development,18.18,46,813,69.0,1,Under Hearing,49.9,4,31.3,Partial,36.5,48.7,1
2c9286f8,West Bengal,Howrah,Power Transmission,12.19,110,850,82.0,1,Under Hearing,48.8,2,18.4,Partial,39.4,5.0,1
b73765c5,Tamil Nadu,Chennai,Industrial Corridor,15.05,191,106,55.3,1,Filed,36.6,3,75.0,Partial,11.4,46.0,1
5c98959b,Odisha,Rourkela,Urban Development,56.33,52,271,33.4,0,None,53.2,1,17.1,Partial,67.0,40.4,1
a99885f2,West Bengal,Durgapur,Irrigation,27.35,248,870,68.5,1,Under Hearing,48.7,5,6.6,Partial,70.6,29.9,1
b46fda5c,Karnataka,Belagavi,Railway,8.57,153,413,17.6,1,Filed,52.7,4,5.6,Partial,71.7,36.9,1
c5bde1a9,Karnataka,Mysuru,Industrial Corridor,25.0,798,514,38.5,0,None,32.9,6,8.8,Partial,74.6,31.6,1
1fa68f02,West Bengal,Siliguri,Power Transmission,0.73,13,1209,51.1,1,Filed,10.0,1,3.2,Partial,71.6,29.2,1
f2d96e17,Rajasthan,Jodhpur,Industrial Corridor,8.47,202,372,35.4,0,None,79.9,2,36.4,Full,82.9,25.2,0
a9885944,West Bengal,Durgapur,Irrigation,36.04,94,580,61.2,1,Resolved,28.7,1,2.5,Full,14.8,51.6,0
ce949b33,Karnataka,Bengaluru,Industrial Corridor,17.66,19,404,54.5,1,Filed,77.6,3,36.3,Full,85.6,26.0,0
2979fe4a,Bihar,Muzaffarpur,Urban Development,52.02,65,1146,61.3,1,Filed,33.3,3,10.7,Partial,79.4,20.7,1
ac2b5065,Odisha,Bhubaneswar,Industrial Corridor,1.19,17,402,49.6,0,None,64.4,4,27.0,Partial,90.3,36.9,0
cd139d58,Gujarat,Vadodara,Irrigation,12.5,118,500,16.7,0,None,25.6,2,13.8,Full,48.5,44.6,0
3d4cc046,Tamil Nadu,Chennai,Industrial Corridor,15.4,43,129,32.9,2,Stay Order,37.3,3,24.0,Not Started,44.1,49.2,1
fe1bb9e4,Rajasthan,Jodhpur,Railway,12.11,21,909,62.5,0,None,67.8,0,35.2,Not Started,14.0,31.7,0
a06efa36,Gujarat,Vadodara,Industrial Corridor,6.48,39,348,93.5,0,None,15.6,1,45.1,Partial,8.0,40.1,0
c8c9eda1,Tamil Nadu,Madurai,Power Transmission,2.17,14,373,30.9,0,None,46.7,2,7.5,Full,97.9,40.9,0
c69736ac,Uttar Pradesh,Agra,Railway,10.31,81,1063,29.6,2,Under Hearing,51.4,0,16.0,Full,1.9,49.8,1
f737433e,Bihar,Muzaffarpur,Railway,18.92,122,128,37.6,0,None,22.9,1,39.8,Not Started,80.3,38.8,0
407baeda,West Bengal,Kolkata,Industrial Corridor,11.52,32,1499,9.0,0,None,52.9,5,24.6,Full,38.7,34.8,1
1c178d32,Uttar Pradesh,Meerut,Highway,17.85,142,586,60.6,1,Stay Order,66.0,2,13.9,Full,68.7,27.4,1
b6c68389,West Bengal,Kolkata,Urban Development,3.27,102,890,35.7,0,None,68.2,3,25.3,Partial,39.1,11.8,0
483cc5d2,Tamil Nadu,Salem,Railway,35.17,25,72,81.4,0,None,68.9,2,52.9,Partial,94.8,34.0,0
6ebcb866,Tamil Nadu,Coimbatore,Industrial Corridor,15.23,39,571,62.0,1,Filed,25.5,3,29.3,Full,66.6,24.2,0
62512411,Odisha,Cuttack,Urban Development,3.22,252,123,41.7,0,None,35.2,1,31.8,Full,52.6,60.2,0
12dd41a4,Maharashtra,Nagpur,Power Transmission,21.21,22,95,14.2,0,None,35.1,4,60.3,Full,86.1,31.6,0
c0d566f3,Uttar Pradesh,Varanasi,Irrigation,11.11,243,566,76.0,0,None,52.8,2,23.3,Partial,75.5,5.0,0
554cb039,Tamil Nadu,Madurai,Power Transmission,8.24,71,181,56.8,2,Filed,69.4,2,23.7,Full,23.2,54.5,0
c2ec522c,Tamil Nadu,Salem,Power Transmission,19.99,227,133,62.7,1,Resolved,51.4,5,33.2,Full,68.6,37.6,0
d96993f3,Odisha,Cuttack,Irrigation,1.88,85,693,17.8,0,None,73.9,1,25.6,Full,44.7,43.2,1
69b349b3,Odisha,Rourkela,Irrigation,7.38,9,660,41.7,2,Filed,16.7,0,32.4,Full,68.4,26.5,1
e947639b,Gujarat,Vadodara,Highway,15.67,83,1167,79.1,0,None,2.6,1,52.6,Full,35.3,54.7,1
4d71aeee,Odisha,Rourkela,Industrial Corridor,18.93,20,580,30.7,1,Filed,25.9,0,13.4,Not Started,69.1,43.3,1
4b0c0a4f,Karnataka,Belagavi,Irrigation,3.39,83,395,96.6,0,None,27.6,2,35.1,Partial,37.6,62.5,0
9134cbe4,Rajasthan,Kota,Urban Development,65.24,97,1188,62.7,2,Under Hearing,61.1,0,26.7,Not Started,75.7,75.2,1
dc997b33,West Bengal,Howrah,Highway,5.52,79,1369,58.8,0,None,61.4,4,61.3,Partial,87.6,35.9,0
f166831a,Odisha,Cuttack,Railway,2.02,19,1144,68.7,0,None,49.7,1,17.6,Not Started,17.8,57.1,0
8d92a527,West Bengal,Siliguri,Highway,7.16,44,110,24.8,0,None,72.7,4,25.5,Full,60.2,24.7,1
d9018201,Tamil Nadu,Coimbatore,Power Transmission,6.07,316,684,22.9,2,Filed,36.5,1,35.1,Full,27.5,31.2,1
dd661fc0,West Bengal,Howrah,Power Transmission,12.66,4,1025,47.7,0,None,73.5,3,17.4,Partial,58.2,35.6,0
3ef1bccd,Tamil Nadu,Coimbatore,Irrigation,9.57,17,311,73.4,0,None,87.1,1,39.4,Partial,84.6,5.0,0
4fc0db2f,West Bengal,Kolkata,Highway,15.56,12,1053,61.7,1,Under Hearing,25.6,3,25.3,Not Started,68.4,38.2,1
31a2c081,Odisha,Rourkela,Irrigation,8.54,56,1447,43.2,0,None,42.1,3,18.5,Full,53.5,11.2,0
1e6b4297,Karnataka,Bengaluru,Urban Development,14.52,47,207,46.3,1,Under Hearing,53.2,5,13.6,Not Started,36.6,64.0,1
139748b1,Odisha,Bhubaneswar,Power Transmission,5.78,25,63,67.4,0,None,56.0,1,24.7,Partial,21.7,55.0,1
75c27d7e,Karnataka,Hubballi,Highway,62.11,63,875,39.0,2,Resolved,40.9,4,57.7,Full,47.7,24.4,0
c182e4b0,Gujarat,Surat,Highway,3.02,9,1442,91.7,0,None,53.3,2,10.6,Full,68.0,20.8,0
986db69c,Gujarat,Ahmedabad,Highway,28.51,21,1263,30.8,0,None,20.2,6,15.0,Full,18.2,48.6,0
e884fdf1,Karnataka,Mysuru,Railway,31.21,103,784,42.8,0,None,80.0,2,7.9,Full,57.3,42.4,0
793c5524,Odisha,Cuttack,Industrial Corridor,14.21,38,363,11.6,2,Resolved,35.2,3,77.3,Partial,63.9,54.7,1
ee2356f0,Odisha,Rourkela,Highway,3.25,144,1339,22.4,2,Stay Order,61.7,2,22.9,Full,91.2,51.7,1
75af725d,Karnataka,Hubballi,Power Transmission,7.96,147,789,26.0,0,None,49.9,2,31.3,Partial,69.3,20.8,1
23349c1d,Bihar,Gaya,Railway,27.82,184,942,38.4,1,Filed,5.8,4,47.0,Full,89.7,33.9,1
65d04852,West Bengal,Siliguri,Highway,12.4,118,445,41.9,1,Under Hearing,79.9,4,59.0,Partial,80.4,47.0,1
d16ae92c,Bihar,Bhagalpur,Railway,19.32,361,368,70.8,0,None,92.4,7,54.3,Partial,66.0,37.6,0
6e4182f8,Tamil Nadu,Coimbatore,Industrial Corridor,4.76,4,998,18.3,3,Filed,88.2,5,22.9,Full,76.1,33.8,1
954d012e,Madhya Pradesh,Jabalpur,Industrial Corridor,15.31,163,1242,81.8,1,Filed,41.7,2,63.2,Partial,13.5,29.8,1
b1cdd398,Maharashtra,Pune,Railway,5.08,4,39,33.8,0,None,49.0,0,59.9,Partial,33.0,31.5,1
f100d861,Bihar,Bhagalpur,Highway,5.51,355,183,36.0,0,None,47.0,2,0.5,Not Started,22.3,40.3,1
821a9053,Odisha,Cuttack,Industrial Corridor,21.88,236,252,67.0,1,Stay Order,38.6,7,8.0,Full,56.5,18.0,1
5ffbc3da,Rajasthan,Jodhpur,Power Transmission,10.28,34,944,53.5,0,None,55.6,1,26.2,Partial,6.9,36.6,0
a2986031,Maharashtra,Nagpur,Highway,7.32,44,1401,53.4,1,Resolved,65.7,2,11.2,Partial,75.0,44.6,1
c19872c9,Karnataka,Mysuru,Urban Development,9.95,45,510,57.3,1,Resolved,57.6,4,18.0,Partial,57.8,5.0,1
ecc79be6,Uttar Pradesh,Meerut,Urban Development,41.61,575,1091,36.2,1,Stay Order,55.8,3,34.9,Not Started,39.4,30.6,1
996314ad,Odisha,Cuttack,Power Transmission,1.11,107,816,87.6,1,Under Hearing,36.2,3,60.7,Full,5.9,34.0,0
9a1ad20d,Bihar,Gaya,Irrigation,9.21,74,1346,75.3,1,Filed,38.9,1,52.6,Full,68.0,30.8,1
7dd2057c,Tamil Nadu,Chennai,Power Transmission,14.74,224,1193,81.8,2,Under Hearing,79.9,2,27.4,Full,84.6,43.5,1
83ab4f98,West Bengal,Siliguri,Highway,5.14,14,518,58.5,0,None,50.6,3,14.3,Full,82.6,33.3,0
93c8696d,Gujarat,Rajkot,Urban Development,39.83,249,1120,61.6,1,Filed,79.4,3,20.7,Full,43.5,25.1,0
5294db72,Madhya Pradesh,Bhopal,Highway,4.65,44,356,64.8,0,None,70.3,3,65.8,Partial,60.9,43.3,0
ebdc60ce,Uttar Pradesh,Kanpur,Highway,5.0,159,1476,70.3,0,None,60.4,3,24.8,Not Started,65.4,22.4,1
8720842f,Gujarat,Ahmedabad,Highway,14.2,41,656,43.5,0,None,41.3,4,42.1,Partial,90.9,55.8,1
25f20db9,Odisha,Bhubaneswar,Industrial Corridor,50.75,13,764,54.4,3,Filed,5.0,6,62.7,Full,40.9,46.9,0
e0f8a55d,Gujarat,Rajkot,Industrial Corridor,28.39,23,100,83.6,1,Resolved,42.4,2,28.5,Full,7.7,33.9,1
e15a5ab3,Bihar,Patna,Railway,19.98,45,437,85.7,0,None,16.1,2,62.6,Not Started,98.0,41.6,1
eb13847f,Bihar,Bhagalpur,Highway,84.9,15,1200,54.7,1,Under Hearing,91.5,2,38.1,Partial,61.8,26.2,1
078342fc,Bihar,Gaya,Industrial Corridor,3.85,167,411,93.3,1,Under Hearing,83.8,2,8.8,Partial,59.8,35.1,1
2b42547e,Madhya Pradesh,Indore,Industrial Corridor,7.54,153,912,65.0,1,Resolved,18.9,4,43.8,Partial,68.1,28.3,0
a0a544c9,Uttar Pradesh,Varanasi,Railway,9.88,82,79,20.7,0,None,80.2,2,24.8,Partial,56.5,68.0,0
3137b509,Karnataka,Mysuru,Irrigation,8.79,4,1166,27.8,0,None,50.5,2,13.3,Not Started,68.2,25.5,1
e60a25fa,Madhya Pradesh,Bhopal,Highway,2.86,519,114,95.0,0,None,76.5,5,18.6,Partial,77.2,19.4,1
7fb07de3,Odisha,Cuttack,Urban Development,13.41,54,421,38.9,1,Under Hearing,20.4,3,19.5,Partial,44.1,29.7,1
7ddb4481,Rajasthan,Jodhpur,Highway,49.35,75,1289,28.5,0,None,54.4,2,20.3,Partial,45.9,39.9,1
1ad13c34,Gujarat,Surat,Power Transmission,11.81,19,1112,17.9,1,Under Hearing,76.5,0,56.1,Partial,29.6,21.7,1
d11a3acf,Rajasthan,Jodhpur,Highway,14.0,15,1443,51.1,0,None,72.6,3,15.3,Full,16.2,22.7,0
2d716000,Uttar Pradesh,Meerut,Highway,9.67,105,841,41.5,2,Filed,41.5,3,36.2,Not Started,83.2,43.3,1
f3632068,Bihar,Muzaffarpur,Highway,19.86,26,242,29.5,1,Filed,61.7,2,26.2,Full,11.2,24.4,1
d151464e,Bihar,Muzaffarpur,Irrigation,9.99,129,461,59.5,0,None,33.5,4,23.8,Partial,48.5,40.8,0
cc951587,Gujarat,Rajkot,Highway,36.43,41,343,77.2,0,None,33.5,1,65.6,Partial,90.4,59.5,0
5e04b851,Uttar Pradesh,Agra,Railway,9.4,69,1408,12.5,2,Filed,42.4,3,41.9,Not Started,83.9,50.1,0
b7e0bf82,Rajasthan,Jodhpur,Railway,149.27,73,1404,54.0,2,Filed,16.3,1,4.9,Partial,10.4,19.8,1
e08bee1b,Uttar Pradesh,Agra,Urban Development,9.32,56,773,64.7,1,Resolved,17.3,2,9.7,Partial,29.3,29.6,0
286fcddb,Rajasthan,Udaipur,Highway,9.55,88,729,57.2,1,Filed,10.9,1,33.8,Partial,81.7,33.6,1
b7c5c12e,Tamil Nadu,Madurai,Railway,8.91,13,1042,78.0,1,Under Hearing,35.3,3,38.0,Partial,30.0,15.2,0
31e52a28,Madhya Pradesh,Jabalpur,Highway,18.13,338,1131,52.8,0,None,53.1,2,4.2,Not Started,66.7,28.8,1
5a93b9a1,West Bengal,Siliguri,Urban Development,19.53,17,168,78.6,0,None,77.6,4,33.3,Partial,50.6,21.9,1
2c49af35,Odisha,Bhubaneswar,Power Transmission,4.07,13,1302,70.9,1,Filed,36.9,2,12.0,Not Started,65.5,13.1,0
febe6628,West Bengal,Kolkata,Urban Development,20.08,33,709,76.4,1,Under Hearing,51.2,3,31.3,Partial,26.0,33.5,1
791b4647,Karnataka,Belagavi,Highway,36.76,12,1375,95.3,0,None,48.0,1,37.8,Not Started,59.9,52.6,0
e7d8932f,Maharashtra,Nagpur,Power Transmission,4.23,46,1162,49.2,1,Filed,20.5,5,45.5,Full,88.5,40.1,1
0bf4ce3e,Gujarat,Surat,Industrial Corridor,61.17,140,1080,73.8,1,Under Hearing,78.8,1,32.6,Partial,75.2,39.0,0
19f54f50,Uttar Pradesh,Meerut,Power Transmission,27.0,82,670,76.6,1,Resolved,38.2,4,15.9,Partial,93.8,33.4,1
30a59f3c,Tamil Nadu,Chennai,Urban Development,13.6,53,1404,45.8,0,None,43.9,3,10.3,Full,40.4,51.1,1
51206b31,Tamil Nadu,Salem,Urban Development,5.95,16,763,35.6,1,Stay Order,29.5,1,3.0,Partial,34.2,23.6,1
eb3340a5,West Bengal,Howrah,Industrial Corridor,10.35,123,718,41.6,3,Under Hearing,31.9,4,12.7,Partial,38.6,25.1,1
61067114,Rajasthan,Jaipur,Irrigation,2.69,42,87,53.9,0,None,41.6,3,32.9,Full,80.2,15.9,1
5e65f7b4,Madhya Pradesh,Indore,Industrial Corridor,17.65,16,128,80.9,1,Under Hearing,81.7,2,34.0,Partial,78.6,5.0,1
f3dc9e70,Maharashtra,Nagpur,Railway,4.4,8,498,39.2,1,Under Hearing,68.4,0,30.4,Partial,72.1,41.4,0
d0e9dcaf,Gujarat,Vadodara,Railway,11.11,19,648,80.4,0,None,45.6,0,38.6,Not Started,39.0,39.0,0
74f00481,Gujarat,Vadodara,Irrigation,2.84,117,415,59.4,0,None,48.5,2,50.5,Not Started,57.9,6.6,1
a8aa048b,Karnataka,Bengaluru,Railway,5.19,25,1109,58.7,0,None,56.0,2,19.4,Partial,90.9,24.4,1
9c79b3fd,Karnataka,Hubballi,Railway,3.28,85,207,34.1,1,Filed,45.8,1,33.6,Full,12.7,39.3,1
981a9572,Odisha,Rourkela,Industrial Corridor,5.49,27,1490,25.9,1,Under Hearing,76.4,1,18.6,Partial,82.8,39.8,0
9cf991c3,Madhya Pradesh,Bhopal,Highway,7.2,159,148,61.7,1,Under Hearing,31.8,3,64.6,Partial,59.0,39.5,1
fe76e27e,Odisha,Rourkela,Irrigation,4.78,58,969,93.6,1,Filed,83.8,2,65.5,Partial,51.6,23.1,0
93a5cfc4,Tamil Nadu,Chennai,Highway,4.35,160,1128,37.2,0,None,57.5,1,63.8,Partial,57.0,43.6,1
1ca1d900,Uttar Pradesh,Lucknow,Power Transmission,31.13,41,508,53.1,1,Resolved,38.4,3,53.2,Not Started,92.3,52.6,1
5c8fa4e0,West Bengal,Howrah,Industrial Corridor,16.26,44,1096,24.0,0,None,16.4,4,44.7,Not Started,52.4,42.8,1
8a994b56,Odisha,Cuttack,Railway,8.83,68,786,31.4,2,Under Hearing,50.0,4,12.1,Partial,22.0,28.7,1
ffe779b5,Bihar,Gaya,Power Transmission,19.76,37,969,69.4,0,None,94.7,1,4.7,Partial,33.1,35.7,0
bd2d497a,Bihar,Patna,Power Transmission,3.11,257,246,55.2,0,None,34.7,2,9.6,Partial,68.5,27.4,1
9a7ec445,Odisha,Rourkela,Railway,5.36,56,125,47.6,0,None,56.3,4,47.3,Not Started,35.3,47.2,0
1c1457f1,Uttar Pradesh,Varanasi,Railway,11.77,23,1443,57.8,3,Under Hearing,39.8,2,8.8,Full,82.6,38.6,1
105fa5c3,Madhya Pradesh,Gwalior,Urban Development,8.07,84,1250,60.6,0,None,57.1,6,41.1,Partial,88.8,43.9,1
fdaa7480,West Bengal,Siliguri,Urban Development,30.21,8,351,45.4,0,None,53.1,2,3.4,Partial,69.4,52.0,0
0e06da2a,Karnataka,Belagavi,Railway,3.73,28,1438,69.7,0,None,5.9,2,41.4,Partial,45.6,44.8,0
ab788326,Odisha,Rourkela,Urban Development,11.68,93,171,32.2,0,None,70.3,1,1.3,Partial,17.3,29.9,0
c68b3d77,Madhya Pradesh,Gwalior,Power Transmission,5.4,109,1470,39.3,0,None,30.0,4,34.7,Partial,58.0,20.3,1
6a63e260,Tamil Nadu,Salem,Power Transmission,5.23,101,542,86.6,1,Stay Order,64.0,1,25.3,Not Started,59.0,28.5,0
7b3742a3,Rajasthan,Udaipur,Railway,8.05,14,736,56.8,0,None,31.7,5,21.2,Full,32.9,20.3,0
07f6533b,Gujarat,Rajkot,Irrigation,21.78,7,684,17.2,0,None,61.5,3,33.8,Not Started,64.3,34.1,1
f0d5bacf,Uttar Pradesh,Lucknow,Highway,19.44,27,606,22.5,0,None,31.8,0,47.0,Full,6.8,26.0,1
d1abbb58,Odisha,Rourkela,Highway,28.45,43,67,41.8,0,None,27.0,2,32.7,Partial,81.3,41.1,1
91762ef4,Bihar,Bhagalpur,Highway,17.08,40,193,58.7,2,Under Hearing,46.5,1,7.2,Full,41.4,11.4,1
cd9659bb,West Bengal,Kolkata,Highway,36.1,124,871,42.7,1,Filed,24.7,3,10.1,Full,71.3,35.6,1
31299ec4,Odisha,Cuttack,Irrigation,62.84,86,797,58.3,1,Under Hearing,56.3,3,45.7,Partial,31.0,30.3,1
e1287bf6,Maharashtra,Pune,Irrigation,3.46,391,63,77.7,0,None,40.9,1,32.0,Full,48.0,40.8,0
55d3d64c,Maharashtra,Thane,Power Transmission,17.16,90,636,32.1,0,None,84.3,1,67.8,Full,74.8,41.9,1
3d20a1a5,Rajasthan,Jodhpur,Highway,6.79,24,961,26.7,1,Under Hearing,77.6,2,31.9,Partial,97.8,55.3,1
eeb2e70d,Bihar,Muzaffarpur,Highway,31.3,212,316,76.1,0,None,90.1,4,25.8,Partial,72.6,25.5,1
9651281c,Rajasthan,Udaipur,Irrigation,110.52,189,1084,17.4,0,None,49.8,1,35.7,Partial,79.7,54.6,0
e16959d4,Maharashtra,Nagpur,Railway,78.89,67,608,22.4,0,None,54.9,2,41.3,Full,78.3,37.1,0
d654767c,Odisha,Bhubaneswar,Irrigation,7.93,24,1428,53.4,1,Filed,25.7,6,28.7,Partial,59.0,17.8,0
f437c7b0,Odisha,Bhubaneswar,Power Transmission,9.1,135,462,42.9,2,Filed,26.4,1,6.4,Full,57.6,47.8,0
7b90e185,Tamil Nadu,Chennai,Power Transmission,6.74,67,1309,61.9,0,None,12.0,3,4.0,Full,76.7,43.7,1
c4700f0e,Maharashtra,Pune,Industrial Corridor,14.33,120,1321,92.2,2,Under Hearing,71.9,2,59.9,Partial,45.5,47.3,0
9983904e,Bihar,Gaya,Highway,6.36,67,327,72.4,1,Stay Order,76.2,3,45.0,Partial,32.3,28.8,1
bb39feda,Karnataka,Belagavi,Power Transmission,3.23,4,424,64.1,0,None,22.2,3,41.5,Not Started,15.3,40.5,0
bf4aadf5,Gujarat,Vadodara,Railway,9.07,21,1257,46.8,0,None,42.5,0,15.4,Not Started,74.2,39.6,1
e95ee4ea,Uttar Pradesh,Varanasi,Irrigation,34.82,38,1464,63.1,0,None,30.6,2,11.2,Partial,79.0,33.2,1
97471e93,Karnataka,Hubballi,Highway,3.54,693,388,56.0,0,None,53.8,1,71.0,Partial,70.4,38.1,0
ff041a17,Karnataka,Bengaluru,Industrial Corridor,21.58,83,1430,39.7,0,None,43.4,4,103.0,Full,83.1,30.3,1
b8f74935,Gujarat,Vadodara,Industrial Corridor,1.37,34,1379,69.2,1,Under Hearing,37.0,3,37.1,Full,64.0,56.1,0
bc3044a0,Maharashtra,Pune,Highway,5.09,178,619,32.3,0,None,49.5,1,10.8,Partial,50.3,26.0,1
f36d91a1,Maharashtra,Nagpur,Irrigation,17.7,21,332,62.8,1,Filed,63.7,2,26.0,Full,65.5,31.1,0
b303bef6,Bihar,Bhagalpur,Railway,6.21,14,623,74.0,1,Under Hearing,34.7,2,36.8,Partial,76.2,32.7,0
e0b6d6fe,Bihar,Patna,Urban Development,2.41,34,801,33.5,2,Under Hearing,69.1,3,20.7,Partial,62.7,5.0,1
476bc25d,Madhya Pradesh,Gwalior,Power Transmission,1.11,68,998,49.1,1,Stay Order,73.6,3,16.2,Not Started,10.5,18.7,1
91e2cc55,Bihar,Patna,Railway,12.06,42,1407,48.9,0,None,41.4,4,17.1,Not Started,10.7,47.3,1
e2bc9dd6,Tamil Nadu,Coimbatore,Urban Development,8.28,237,1303,51.4,0,None,62.6,5,26.7,Not Started,60.3,5.0,0
ae5eb9e4,Uttar Pradesh,Lucknow,Highway,5.89,86,35,46.2,0,None,45.3,0,10.6,Partial,56.0,47.6,1
7fbfdd9e,Tamil Nadu,Coimbatore,Irrigation,9.12,55,190,48.9,2,Under Hearing,41.8,7,46.5,Not Started,70.1,60.6,1
1f25b943,Maharashtra,Nagpur,Industrial Corridor,6.68,59,99,80.2,1,Under Hearing,38.7,4,30.2,Not Started,32.2,26.5,1
5995592e,Madhya Pradesh,Gwalior,Highway,4.18,56,1375,90.0,1,Under Hearing,67.3,5,71.5,Not Started,71.5,35.4,1
f2d83dd1,Karnataka,Mysuru,Railway,3.9,580,44,33.4,0,None,72.4,4,10.5,Partial,87.8,26.2,0
430e9739,Madhya Pradesh,Jabalpur,Irrigation,13.58,16,832,20.6,0,None,28.6,3,22.9,Full,95.6,50.2,1
8aae1dea,Uttar Pradesh,Meerut,Urban Development,22.5,98,481,58.0,0,None,61.5,0,75.6,Not Started,59.9,38.4,1
8ae24d62,Maharashtra,Aurangabad,Irrigation,9.54,350,491,38.6,0,None,18.5,3,36.5,Partial,60.7,47.2,1
380298b7,Gujarat,Ahmedabad,Industrial Corridor,17.43,90,629,36.5,1,Under Hearing,60.4,0,5.0,Not Started,47.3,48.9,1
621e8c40,Karnataka,Mysuru,Industrial Corridor,10.87,121,1446,67.9,1,Stay Order,57.1,3,33.3,Partial,17.8,28.5,1
571dd49d,Rajasthan,Jaipur,Urban Development,2.14,107,334,48.3,0,None,54.1,5,45.1,Partial,40.9,9.3,1
37e6bf41,Uttar Pradesh,Lucknow,Urban Development,19.93,9,347,53.3,0,None,38.1,4,10.5,Full,89.9,38.7,1
d04a06c7,Karnataka,Belagavi,Irrigation,3.8,50,173,70.6,3,Under Hearing,9.8,3,25.6,Full,50.4,42.1,0
fce66a7f,Karnataka,Mysuru,Irrigation,5.6,69,1208,46.5,0,None,34.8,2,8.1,Full,75.6,48.0,0
3aecee67,West Bengal,Kolkata,Irrigation,45.23,9,940,5.7,2,Filed,42.9,3,34.4,Partial,86.9,47.3,1
59637dcc,Bihar,Patna,Urban Development,4.9,30,873,5.6,0,None,26.9,5,5.9,Partial,88.8,40.8,1
8f11c910,Karnataka,Hubballi,Industrial Corridor,11.82,403,119,22.0,0,None,14.5,5,5.1,Full,73.5,22.9,0
1946df3c,Madhya Pradesh,Indore,Highway,4.87,71,1361,51.3,0,None,21.3,3,12.9,Not Started,34.4,29.3,1
46066d7b,Uttar Pradesh,Meerut,Irrigation,6.92,26,64,18.2,0,None,56.2,1,37.6,Not Started,47.0,43.9,1
3976f708,Madhya Pradesh,Bhopal,Industrial Corridor,4.92,8,1090,62.3,0,None,69.2,2,13.4,Not Started,61.4,46.8,1
